{"time":"2026-05-21T12:51:31","level":"INFO","logger":"bess.main","msg":"startup.ready"}
{"time":"2026-05-21T12:51:31","level":"INFO","logger":"watchfiles.main","msg":"3 changes detected"}
{"time":"2026-05-21T12:56:31","level":"INFO","logger":"bess.auth","msg":"auth.login.success"}
{"time":"2026-05-21T12:56:31","level":"INFO","logger":"watchfiles.main","msg":"3 changes detected"}
{"time":"2026-05-21T12:57:40","level":"INFO","logger":"bess.auth","msg":"auth.login.success"}
{"time":"2026-05-21T12:57:40","level":"INFO","logger":"watchfiles.main","msg":"3 changes detected"}
{"time":"2026-05-21T12:58:43","level":"INFO","logger":"bess.auth","msg":"auth.login.success"}
{"time":"2026-05-21T12:58:43","level":"INFO","logger":"watchfiles.main","msg":"3 changes detected"}
{"time":"2026-05-21T13:22:30","level":"INFO","logger":"watchfiles.main","msg":"1 change detected"}
{"time":"2026-05-21T13:52:29","level":"INFO","logger":"watchfiles.main","msg":"1 change detected"}
{"time":"2026-05-21T13:52:30","level":"INFO","logger":"watchfiles.main","msg":"1 change detected"}
{"time":"2026-05-21T13:52:30","level":"INFO","logger":"watchfiles.main","msg":"1 change detected"}
{"time":"2026-05-25T12:08:36","level":"INFO","logger":"bess.main","msg":"startup.ready"}
{"time":"2026-05-25T12:10:06","level":"INFO","logger":"watchfiles.main","msg":"3 changes detected"}
{"time":"2026-05-25T12:11:55","level":"INFO","logger":"watchfiles.main","msg":"5 changes detected"}
{"time":"2026-05-25T12:15:27","level":"WARNING","logger":"bess.auth","msg":"auth.login.failed"}
{"time":"2026-05-25T12:15:42","level":"INFO","logger":"bess.auth","msg":"auth.login.success"}
{"time":"2026-05-25T12:15:42","level":"INFO","logger":"watchfiles.main","msg":"3 changes detected"}
{"time":"2026-05-25T12:17:16","level":"INFO","logger":"watchfiles.main","msg":"5 changes detected"}
{"time":"2026-05-25T12:21:06","level":"INFO","logger":"bess.auth","msg":"auth.login.success"}
{"time":"2026-05-25T12:21:06","level":"INFO","logger":"watchfiles.main","msg":"3 changes detected"}
{"time":"2026-05-25T12:22:40","level":"INFO","logger":"bess.auth","msg":"auth.login.success"}
{"time":"2026-05-25T12:22:40","level":"INFO","logger":"watchfiles.main","msg":"3 changes detected"}
{"time":"2026-05-25T12:23:28","level":"INFO","logger":"bess.auth","msg":"auth.login.success"}
{"time":"2026-05-25T12:23:28","level":"INFO","logger":"watchfiles.main","msg":"3 changes detected"}
{"time":"2026-05-25T12:27:31","level":"INFO","logger":"bess.main","msg":"startup.ready"}
{"time":"2026-05-25T12:28:57","level":"INFO","logger":"watchfiles.main","msg":"3 changes detected"}
{"time":"2026-05-25T12:28:57","level":"INFO","logger":"bess.main","msg":"shutdown.complete"}
{"time":"2026-05-25T12:28:58","level":"INFO","logger":"watchfiles.main","msg":"1 change detected"}
{"time":"2026-05-25T12:28:59","level":"INFO","logger":"bess.main","msg":"startup.ready"}
{"time":"2026-05-25T12:29:22","level":"INFO","logger":"watchfiles.main","msg":"3 changes detected"}
{"time":"2026-05-25T12:30:45","level":"INFO","logger":"bess.main","msg":"shutdown.complete"}
{"time":"2026-05-25T12:31:02","level":"INFO","logger":"bess.main","msg":"startup.ready"}
{"time":"2026-05-25T12:31:35","level":"INFO","logger":"bess.sync","msg":"sync.push.complete"}
{"time":"2026-05-25T12:31:35","level":"INFO","logger":"watchfiles.main","msg":"3 changes detected"}
{"time":"2026-05-25T12:31:36","level":"INFO","logger":"watchfiles.main","msg":"3 changes detected"}
{"time":"2026-05-25T12:31:36","level":"INFO","logger":"watchfiles.main","msg":"5 changes detected"}
{"time":"2026-05-25T12:31:36","level":"INFO","logger":"watchfiles.main","msg":"6 changes detected"}
{"time":"2026-05-25T12:31:37","level":"INFO","logger":"watchfiles.main","msg":"6 changes detected"}
{"time":"2026-05-25T12:31:38","level":"INFO","logger":"watchfiles.main","msg":"1 change detected"}
{"time":"2026-05-25T12:31:38","level":"INFO","logger":"watchfiles.main","msg":"6 changes detected"}
{"time":"2026-05-25T12:31:39","level":"INFO","logger":"watchfiles.main","msg":"1 change detected"}
{"time":"2026-05-25T12:32:47","level":"INFO","logger":"watchfiles.main","msg":"3 changes detected"}
{"time":"2026-05-25T12:33:59","level":"INFO","logger":"bess.auth","msg":"auth.login.success"}
{"time":"2026-05-25T12:33:59","level":"INFO","logger":"watchfiles.main","msg":"3 changes detected"}
{"time":"2026-05-25T12:36:40","level":"INFO","logger":"bess.sync","msg":"sync.push.complete"}
{"time":"2026-05-25T12:36:40","level":"INFO","logger":"watchfiles.main","msg":"3 changes detected"}
{"time":"2026-05-25T12:36:41","level":"INFO","logger":"watchfiles.main","msg":"3 changes detected"}
{"time":"2026-05-25T12:36:41","level":"INFO","logger":"watchfiles.main","msg":"5 changes detected"}
{"time":"2026-05-25T12:36:42","level":"INFO","logger":"watchfiles.main","msg":"6 changes detected"}
{"time":"2026-05-25T12:36:42","level":"INFO","logger":"watchfiles.main","msg":"2 changes detected"}
{"time":"2026-05-25T12:36:43","level":"INFO","logger":"watchfiles.main","msg":"5 changes detected"}
{"time":"2026-05-25T12:36:43","level":"INFO","logger":"watchfiles.main","msg":"2 changes detected"}
{"time":"2026-05-25T12:36:43","level":"INFO","logger":"watchfiles.main","msg":"5 changes detected"}
{"time":"2026-05-25T12:38:33","level":"INFO","logger":"watchfiles.main","msg":"1 change detected"}
{"time":"2026-05-25T12:38:33","level":"INFO","logger":"bess.main","msg":"shutdown.complete"}
{"time":"2026-05-25T12:38:34","level":"INFO","logger":"watchfiles.main","msg":"1 change detected"}
{"time":"2026-05-25T12:38:35","level":"INFO","logger":"bess.main","msg":"startup.ready"}
{"time":"2026-05-25T12:40:54","level":"INFO","logger":"watchfiles.main","msg":"3 changes detected"}
{"time":"2026-05-25T12:48:30","level":"INFO","logger":"bess.main","msg":"startup.ready"}
{"time":"2026-05-25T12:48:51","level":"INFO","logger":"bess.auth","msg":"auth.login.success"}
{"time":"2026-05-25T12:48:51","level":"INFO","logger":"watchfiles.main","msg":"3 changes detected"}
{"time":"2026-05-25T12:51:40","level":"INFO","logger":"bess.sync","msg":"sync.push.complete"}
{"time":"2026-05-25T12:51:40","level":"INFO","logger":"watchfiles.main","msg":"3 changes detected"}
{"time":"2026-05-25T12:51:41","level":"INFO","logger":"watchfiles.main","msg":"3 changes detected"}
{"time":"2026-05-25T12:51:41","level":"INFO","logger":"watchfiles.main","msg":"4 changes detected"}
{"time":"2026-05-25T12:51:41","level":"INFO","logger":"watchfiles.main","msg":"2 changes detected"}
{"time":"2026-05-25T12:51:42","level":"INFO","logger":"watchfiles.main","msg":"4 changes detected"}
{"time":"2026-05-25T12:51:42","level":"INFO","logger":"watchfiles.main","msg":"6 changes detected"}
{"time":"2026-05-25T12:51:43","level":"INFO","logger":"watchfiles.main","msg":"2 changes detected"}
{"time":"2026-05-25T12:51:43","level":"INFO","logger":"watchfiles.main","msg":"5 changes detected"}
{"time":"2026-05-25T12:51:44","level":"INFO","logger":"watchfiles.main","msg":"2 changes detected"}
{"time":"2026-05-25T12:51:44","level":"INFO","logger":"watchfiles.main","msg":"5 changes detected"}
{"time":"2026-05-25T12:51:44","level":"INFO","logger":"watchfiles.main","msg":"6 changes detected"}
{"time":"2026-05-25T12:51:45","level":"INFO","logger":"watchfiles.main","msg":"1 change detected"}
{"time":"2026-05-25T13:05:50","level":"INFO","logger":"bess.main","msg":"startup.ready"}
{"time":"2026-05-25T13:08:08","level":"INFO","logger":"bess.auth","msg":"auth.login.success"}
{"time":"2026-05-25T13:08:08","level":"INFO","logger":"watchfiles.main","msg":"3 changes detected"}
{"time":"2026-05-25T13:10:31","level":"INFO","logger":"bess.auth","msg":"auth.login.success"}
{"time":"2026-05-25T13:10:32","level":"INFO","logger":"watchfiles.main","msg":"3 changes detected"}
{"time":"2026-05-25T13:11:32","level":"INFO","logger":"bess.sync","msg":"sync.push.complete"}
{"time":"2026-05-25T13:11:32","level":"INFO","logger":"watchfiles.main","msg":"3 changes detected"}
{"time":"2026-05-25T13:11:33","level":"INFO","logger":"watchfiles.main","msg":"3 changes detected"}
{"time":"2026-05-25T13:11:33","level":"INFO","logger":"watchfiles.main","msg":"5 changes detected"}
{"time":"2026-05-25T13:11:34","level":"INFO","logger":"watchfiles.main","msg":"2 changes detected"}
{"time":"2026-05-25T13:11:34","level":"INFO","logger":"watchfiles.main","msg":"5 changes detected"}
{"time":"2026-05-25T13:11:35","level":"INFO","logger":"watchfiles.main","msg":"2 changes detected"}
{"time":"2026-05-25T13:11:35","level":"INFO","logger":"watchfiles.main","msg":"4 changes detected"}
{"time":"2026-05-25T13:11:36","level":"INFO","logger":"watchfiles.main","msg":"2 changes detected"}
{"time":"2026-05-25T13:11:36","level":"INFO","logger":"watchfiles.main","msg":"5 changes detected"}
{"time":"2026-05-25T13:22:56","level":"INFO","logger":"bess.main","msg":"startup.ready"}
{"time":"2026-05-25T13:43:39","level":"INFO","logger":"bess.main","msg":"startup.ready"}
{"time":"2026-05-25T13:44:06","level":"INFO","logger":"bess.auth","msg":"auth.login.success"}
{"time":"2026-05-25T13:44:06","level":"INFO","logger":"watchfiles.main","msg":"3 changes detected"}
{"time":"2026-05-25T13:59:52","level":"INFO","logger":"watchfiles.main","msg":"1 change detected"}
{"time":"2026-05-25T14:40:51","level":"INFO","logger":"watchfiles.main","msg":"1 change detected"}
{"time":"2026-05-25T15:10:50","level":"INFO","logger":"watchfiles.main","msg":"1 change detected"}
{"time":"2026-05-25T15:40:50","level":"INFO","logger":"watchfiles.main","msg":"1 change detected"}
{"time":"2026-06-02T19:55:25","level":"INFO","logger":"bess.main","msg":"startup.ready"}
{"time":"2026-06-11T16:33:26","level":"INFO","logger":"bess.main","msg":"startup.admin_created: username='admin' — change the password immediately!"}
{"time":"2026-06-11T16:33:26","level":"INFO","logger":"bess.main","msg":"startup.ready"}
{"time":"2026-06-11T16:33:26","level":"WARNING","logger":"bess.auth","msg":"auth.login.failed"}
{"time":"2026-06-11T16:33:27","level":"INFO","logger":"httpx","msg":"HTTP Request: POST http://testserver/auth/login "HTTP/1.1 401 Unauthorized""}
{"time":"2026-06-11T16:33:27","level":"INFO","logger":"bess.main","msg":"shutdown.complete"}
{"time":"2026-06-11T16:33:51","level":"WARNING","logger":"bess.main","msg":"startup.insecure_default_password: FIRST_ADMIN_PASSWORD is set to a well-known default. Set FIRST_ADMIN_PASSWORD env var before exposing this server."}
{"time":"2026-06-11T16:33:51","level":"INFO","logger":"bess.main","msg":"startup.admin_created: username='admin' — change the password immediately!"}
{"time":"2026-06-11T16:33:51","level":"INFO","logger":"bess.main","msg":"startup.ready"}
{"time":"2026-06-11T16:33:51","level":"INFO","logger":"bess.auth","msg":"auth.login.success"}
{"time":"2026-06-11T16:33:51","level":"INFO","logger":"httpx","msg":"HTTP Request: POST http://testserver/auth/login "HTTP/1.1 200 OK""}
{"time":"2026-06-11T16:33:51","level":"INFO","logger":"httpx","msg":"HTTP Request: GET http://testserver/projects "HTTP/1.1 200 OK""}
{"time":"2026-06-11T16:33:51","level":"INFO","logger":"httpx","msg":"HTTP Request: PUT http://testserver/projects "HTTP/1.1 200 OK""}
{"time":"2026-06-11T16:33:51","level":"INFO","logger":"httpx","msg":"HTTP Request: GET http://testserver/projects "HTTP/1.1 200 OK""}
{"time":"2026-06-11T16:33:51","level":"INFO","logger":"httpx","msg":"HTTP Request: PUT http://testserver/projects "HTTP/1.1 200 OK""}
{"time":"2026-06-11T16:33:51","level":"INFO","logger":"httpx","msg":"HTTP Request: GET http://testserver/projects "HTTP/1.1 200 OK""}
{"time":"2026-06-11T16:33:51","level":"INFO","logger":"bess.sync","msg":"sync.push.complete"}
{"time":"2026-06-11T16:33:51","level":"INFO","logger":"httpx","msg":"HTTP Request: POST http://testserver/sync/push "HTTP/1.1 200 OK""}
{"time":"2026-06-11T16:33:51","level":"INFO","logger":"bess.sync","msg":"sync.push.complete"}
{"time":"2026-06-11T16:33:51","level":"INFO","logger":"httpx","msg":"HTTP Request: POST http://testserver/sync/push "HTTP/1.1 200 OK""}
{"time":"2026-06-11T16:33:52","level":"INFO","logger":"httpx","msg":"HTTP Request: GET http://testserver/sync/pull "HTTP/1.1 200 OK""}
{"time":"2026-06-11T16:33:52","level":"INFO","logger":"bess.main","msg":"shutdown.complete"}
{"time":"2026-06-11T16:45:03","level":"INFO","logger":"bess.main","msg":"startup.ready"}
{"time":"2026-06-11T16:45:03","level":"INFO","logger":"watchfiles.main","msg":"3 changes detected"}
{"time":"2026-06-11T16:47:20","level":"INFO","logger":"watchfiles.main","msg":"3 changes detected"}
{"time":"2026-06-11T16:48:01","level":"INFO","logger":"watchfiles.main","msg":"3 changes detected"}
{"time":"2026-06-11T16:48:20","level":"INFO","logger":"watchfiles.main","msg":"3 changes detected"}
{"time":"2026-06-11T16:49:21","level":"INFO","logger":"watchfiles.main","msg":"3 changes detected"}
{"time":"2026-06-11T16:49:28","level":"INFO","logger":"bess.auth","msg":"auth.login.success"}
{"time":"2026-06-11T16:49:28","level":"INFO","logger":"watchfiles.main","msg":"3 changes detected"}
{"time":"2026-06-11T16:49:30","level":"INFO","logger":"watchfiles.main","msg":"3 changes detected"}
{"time":"2026-06-11T16:49:46","level":"INFO","logger":"watchfiles.main","msg":"3 changes detected"}
{"time":"2026-06-11T16:50:31","level":"INFO","logger":"watchfiles.main","msg":"3 changes detected"}
{"time":"2026-06-11T16:51:16","level":"INFO","logger":"bess.auth","msg":"auth.login.success"}
{"time":"2026-06-11T16:51:16","level":"INFO","logger":"watchfiles.main","msg":"3 changes detected"}
{"time":"2026-06-11T16:51:31","level":"INFO","logger":"watchfiles.main","msg":"3 changes detected"}
{"time":"2026-06-11T16:52:31","level":"INFO","logger":"watchfiles.main","msg":"3 changes detected"}
{"time":"2026-06-11T16:53:32","level":"INFO","logger":"watchfiles.main","msg":"3 changes detected"}
{"time":"2026-06-11T16:54:33","level":"INFO","logger":"watchfiles.main","msg":"3 changes detected"}
{"time":"2026-06-11T16:55:16","level":"INFO","logger":"watchfiles.main","msg":"3 changes detected"}
{"time":"2026-06-11T16:56:17","level":"INFO","logger":"watchfiles.main","msg":"3 changes detected"}
{"time":"2026-06-11T16:57:18","level":"INFO","logger":"watchfiles.main","msg":"3 changes detected"}
{"time":"2026-06-12T16:36:07","level":"INFO","logger":"watchfiles.main","msg":"1 change detected"}
{"time":"2026-06-12T16:36:08","level":"INFO","logger":"watchfiles.main","msg":"1 change detected"}
{"time":"2026-06-12T16:39:30","level":"INFO","logger":"watchfiles.main","msg":"1 change detected"}
{"time":"2026-06-12T17:00:32","level":"INFO","logger":"watchfiles.main","msg":"1 change detected"}
{"time":"2026-06-12T19:09:08","level":"INFO","logger":"watchfiles.main","msg":"1 change detected"}
{"time":"2026-06-12T19:09:09","level":"INFO","logger":"watchfiles.main","msg":"1 change detected"}
{"time":"2026-06-12T19:09:10","level":"INFO","logger":"watchfiles.main","msg":"1 change detected"}
{"time":"2026-06-12T19:39:08","level":"INFO","logger":"watchfiles.main","msg":"1 change detected"}
{"time":"2026-06-12T19:39:09","level":"INFO","logger":"watchfiles.main","msg":"1 change detected"}
{"time":"2026-06-12T19:39:09","level":"INFO","logger":"watchfiles.main","msg":"1 change detected"}
{"time":"2026-06-12T20:09:08","level":"INFO","logger":"watchfiles.main","msg":"1 change detected"}
{"time":"2026-06-12T20:09:09","level":"INFO","logger":"watchfiles.main","msg":"1 change detected"}
{"time":"2026-06-12T20:09:09","level":"INFO","logger":"watchfiles.main","msg":"1 change detected"}
{"time":"2026-07-24T16:39:27","level":"INFO","logger":"bess.main","msg":"startup.ready"}
{"time":"2026-07-24T16:45:20","level":"INFO","logger":"watchfiles.main","msg":"3 changes detected"}
{"time":"2026-07-24T16:45:31","level":"INFO","logger":"bess.auth","msg":"auth.login.success"}
{"time":"2026-07-24T16:45:32","level":"INFO","logger":"watchfiles.main","msg":"3 changes detected"}
{"time":"2026-07-24T16:45:35","level":"INFO","logger":"watchfiles.main","msg":"3 changes detected"}
{"time":"2026-07-24T16:45:39","level":"INFO","logger":"watchfiles.main","msg":"3 changes detected"}
{"time":"2026-07-24T16:46:03","level":"INFO","logger":"watchfiles.main","msg":"3 changes detected"}
{"time":"2026-07-24T16:46:14","level":"INFO","logger":"watchfiles.main","msg":"3 changes detected"}
{"time":"2026-07-24T16:46:47","level":"INFO","logger":"watchfiles.main","msg":"3 changes detected"}
{"time":"2026-07-24T16:46:50","level":"INFO","logger":"watchfiles.main","msg":"3 changes detected"}
{"time":"2026-07-24T16:47:51","level":"INFO","logger":"watchfiles.main","msg":"3 changes detected"}
{"time":"2026-07-24T16:48:52","level":"INFO","logger":"watchfiles.main","msg":"3 changes detected"}
{"time":"2026-07-24T16:49:52","level":"INFO","logger":"watchfiles.main","msg":"3 changes detected"}
{"time":"2026-07-24T16:50:53","level":"INFO","logger":"watchfiles.main","msg":"3 changes detected"}
{"time":"2026-07-24T16:51:53","level":"INFO","logger":"watchfiles.main","msg":"3 changes detected"}
{"time":"2026-07-24T16:52:19","level":"INFO","logger":"watchfiles.main","msg":"3 changes detected"}
{"time":"2026-07-24T16:52:54","level":"INFO","logger":"watchfiles.main","msg":"3 changes detected"}
{"time":"2026-07-24T16:53:55","level":"INFO","logger":"watchfiles.main","msg":"3 changes detected"}
{"time":"2026-07-24T16:54:55","level":"INFO","logger":"watchfiles.main","msg":"3 changes detected"}
{"time":"2026-07-24T16:55:56","level":"INFO","logger":"watchfiles.main","msg":"3 changes detected"}
{"time":"2026-07-24T16:56:56","level":"INFO","logger":"watchfiles.main","msg":"3 changes detected"}
{"time":"2026-07-24T16:57:57","level":"INFO","logger":"watchfiles.main","msg":"3 changes detected"}
{"time":"2026-07-24T16:58:58","level":"INFO","logger":"watchfiles.main","msg":"3 changes detected"}
{"time":"2026-07-24T16:59:58","level":"INFO","logger":"watchfiles.main","msg":"3 changes detected"}
{"time":"2026-07-24T17:00:59","level":"INFO","logger":"watchfiles.main","msg":"3 changes detected"}
{"time":"2026-07-24T17:01:59","level":"INFO","logger":"watchfiles.main","msg":"3 changes detected"}
{"time":"2026-07-24T17:03:00","level":"INFO","logger":"watchfiles.main","msg":"3 changes detected"}
{"time":"2026-07-24T17:04:01","level":"INFO","logger":"watchfiles.main","msg":"3 changes detected"}
{"time":"2026-07-24T17:05:01","level":"INFO","logger":"watchfiles.main","msg":"3 changes detected"}
{"time":"2026-07-24T17:05:46","level":"INFO","logger":"watchfiles.main","msg":"1 change detected"}
{"time":"2026-07-24T17:06:02","level":"INFO","logger":"watchfiles.main","msg":"3 changes detected"}
{"time":"2026-07-24T17:06:09","level":"INFO","logger":"watchfiles.main","msg":"1 change detected"}
{"time":"2026-07-24T17:06:09","level":"INFO","logger":"watchfiles.main","msg":"3 changes detected"}
{"time":"2026-07-24T17:07:02","level":"INFO","logger":"watchfiles.main","msg":"3 changes detected"}
{"time":"2026-07-24T17:08:03","level":"INFO","logger":"watchfiles.main","msg":"3 changes detected"}
{"time":"2026-07-24T17:08:57","level":"INFO","logger":"bess.auth","msg":"auth.login.success"}
{"time":"2026-07-24T17:08:58","level":"INFO","logger":"watchfiles.main","msg":"3 changes detected"}
{"time":"2026-07-24T17:09:04","level":"INFO","logger":"watchfiles.main","msg":"3 changes detected"}
{"time":"2026-07-24T17:10:04","level":"INFO","logger":"watchfiles.main","msg":"3 changes detected"}
{"time":"2026-07-24T17:11:05","level":"INFO","logger":"watchfiles.main","msg":"3 changes detected"}
{"time":"2026-07-24T17:12:05","level":"INFO","logger":"watchfiles.main","msg":"3 changes detected"}
{"time":"2026-07-24T17:13:06","level":"INFO","logger":"watchfiles.main","msg":"3 changes detected"}
{"time":"2026-07-24T17:14:06","level":"INFO","logger":"watchfiles.main","msg":"3 changes detected"}
{"time":"2026-07-24T17:14:37","level":"INFO","logger":"bess.auth","msg":"auth.login.success"}
{"time":"2026-07-24T17:14:37","level":"INFO","logger":"watchfiles.main","msg":"3 changes detected"}
{"time":"2026-07-24T17:14:52","level":"INFO","logger":"bess.auth","msg":"auth.login.success"}
{"time":"2026-07-24T17:14:52","level":"INFO","logger":"watchfiles.main","msg":"3 changes detected"}
{"time":"2026-07-24T17:15:07","level":"INFO","logger":"watchfiles.main","msg":"3 changes detected"}
{"time":"2026-07-24T17:16:08","level":"INFO","logger":"watchfiles.main","msg":"3 changes detected"}
{"time":"2026-07-24T17:17:08","level":"INFO","logger":"watchfiles.main","msg":"3 changes detected"}
{"time":"2026-07-24T17:18:09","level":"INFO","logger":"watchfiles.main","msg":"3 changes detected"}
{"time":"2026-07-24T17:18:41","level":"INFO","logger":"bess.sync","msg":"sync.push.complete"}
{"time":"2026-07-24T17:18:41","level":"INFO","logger":"watchfiles.main","msg":"3 changes detected"}
{"time":"2026-07-24T17:18:41","level":"INFO","logger":"watchfiles.main","msg":"3 changes detected"}
{"time":"2026-07-24T17:18:42","level":"INFO","logger":"watchfiles.main","msg":"3 changes detected"}
{"time":"2026-07-24T17:18:43","level":"INFO","logger":"watchfiles.main","msg":"5 changes detected"}
{"time":"2026-07-24T17:18:53","level":"INFO","logger":"watchfiles.main","msg":"3 changes detected"}
{"time":"2026-07-24T17:19:53","level":"INFO","logger":"watchfiles.main","msg":"3 changes detected"}
{"time":"2026-07-24T17:20:15","level":"INFO","logger":"bess.auth","msg":"auth.login.success"}
{"time":"2026-07-24T17:20:15","level":"INFO","logger":"watchfiles.main","msg":"3 changes detected"}
{"time":"2026-07-24T17:20:17","level":"INFO","logger":"watchfiles.main","msg":"3 changes detected"}
{"time":"2026-07-24T17:20:29","level":"INFO","logger":"watchfiles.main","msg":"3 changes detected"}
{"time":"2026-07-24T17:20:32","level":"INFO","logger":"watchfiles.main","msg":"3 changes detected"}
{"time":"2026-07-24T17:20:36","level":"INFO","logger":"watchfiles.main","msg":"3 changes detected"}
{"time":"2026-07-24T17:21:37","level":"INFO","logger":"watchfiles.main","msg":"3 changes detected"}
{"time":"2026-07-24T17:22:38","level":"INFO","logger":"watchfiles.main","msg":"3 changes detected"}
{"time":"2026-07-24T17:23:38","level":"INFO","logger":"watchfiles.main","msg":"3 changes detected"}
{"time":"2026-07-24T17:24:35","level":"INFO","logger":"bess.sync","msg":"sync.push.complete"}
{"time":"2026-07-24T17:24:35","level":"INFO","logger":"watchfiles.main","msg":"3 changes detected"}
{"time":"2026-07-24T17:24:35","level":"INFO","logger":"watchfiles.main","msg":"3 changes detected"}
{"time":"2026-07-24T17:24:36","level":"INFO","logger":"watchfiles.main","msg":"5 changes detected"}
{"time":"2026-07-24T17:24:39","level":"INFO","logger":"watchfiles.main","msg":"3 changes detected"}
{"time":"2026-07-24T17:25:40","level":"INFO","logger":"watchfiles.main","msg":"3 changes detected"}
{"time":"2026-07-24T17:26:40","level":"INFO","logger":"watchfiles.main","msg":"3 changes detected"}
{"time":"2026-07-24T17:27:41","level":"INFO","logger":"watchfiles.main","msg":"3 changes detected"}
{"time":"2026-07-24T17:28:42","level":"INFO","logger":"watchfiles.main","msg":"3 changes detected"}
{"time":"2026-07-24T17:29:42","level":"INFO","logger":"watchfiles.main","msg":"3 changes detected"}
{"time":"2026-07-24T17:30:22","level":"INFO","logger":"watchfiles.main","msg":"1 change detected"}
{"time":"2026-07-24T17:30:43","level":"INFO","logger":"watchfiles.main","msg":"3 changes detected"}
{"time":"2026-07-24T17:31:44","level":"INFO","logger":"watchfiles.main","msg":"3 changes detected"}
{"time":"2026-07-24T17:32:45","level":"INFO","logger":"watchfiles.main","msg":"3 changes detected"}
{"time":"2026-07-24T17:33:45","level":"INFO","logger":"watchfiles.main","msg":"3 changes detected"}
{"time":"2026-07-24T17:34:46","level":"INFO","logger":"watchfiles.main","msg":"3 changes detected"}
{"time":"2026-07-24T17:35:47","level":"INFO","logger":"watchfiles.main","msg":"3 changes detected"}
{"time":"2026-07-24T17:36:08","level":"INFO","logger":"bess.auth","msg":"auth.login.success"}
{"time":"2026-07-24T17:36:08","level":"INFO","logger":"watchfiles.main","msg":"3 changes detected"}
{"time":"2026-07-24T17:36:48","level":"INFO","logger":"watchfiles.main","msg":"3 changes detected"}
{"time":"2026-07-24T17:37:48","level":"INFO","logger":"watchfiles.main","msg":"3 changes detected"}
{"time":"2026-07-24T17:38:16","level":"INFO","logger":"bess.auth","msg":"auth.login.success"}
{"time":"2026-07-24T17:38:16","level":"INFO","logger":"watchfiles.main","msg":"3 changes detected"}
{"time":"2026-07-24T17:38:49","level":"INFO","logger":"watchfiles.main","msg":"3 changes detected"}
{"time":"2026-07-24T17:39:50","level":"INFO","logger":"watchfiles.main","msg":"3 changes detected"}
{"time":"2026-07-24T17:40:51","level":"INFO","logger":"watchfiles.main","msg":"3 changes detected"}
{"time":"2026-07-24T17:41:51","level":"INFO","logger":"watchfiles.main","msg":"3 changes detected"}
{"time":"2026-07-24T17:42:52","level":"INFO","logger":"watchfiles.main","msg":"3 changes detected"}
{"time":"2026-07-24T17:43:53","level":"INFO","logger":"watchfiles.main","msg":"3 changes detected"}
{"time":"2026-07-24T17:44:54","level":"INFO","logger":"watchfiles.main","msg":"3 changes detected"}
{"time":"2026-07-24T17:45:54","level":"INFO","logger":"watchfiles.main","msg":"3 changes detected"}
{"time":"2026-07-27T12:40:19","level":"INFO","logger":"bess.main","msg":"startup.ready"}
{"time":"2026-07-27T12:40:39","level":"INFO","logger":"watchfiles.main","msg":"3 changes detected"}
{"time":"2026-07-27T12:40:45","level":"WARNING","logger":"bess.auth","msg":"auth.login.failed"}
{"time":"2026-07-27T12:41:26","level":"INFO","logger":"bess.auth","msg":"auth.login.success"}
{"time":"2026-07-27T12:41:26","level":"INFO","logger":"watchfiles.main","msg":"3 changes detected"}
{"time":"2026-07-27T12:41:28","level":"INFO","logger":"watchfiles.main","msg":"3 changes detected"}
{"time":"2026-07-27T12:41:42","level":"INFO","logger":"watchfiles.main","msg":"3 changes detected"}
{"time":"2026-07-27T12:41:57","level":"INFO","logger":"watchfiles.main","msg":"3 changes detected"}
{"time":"2026-07-27T12:42:40","level":"WARNING","logger":"bess.auth","msg":"auth.login.failed"}
{"time":"2026-07-27T12:42:40","level":"WARNING","logger":"bess.auth","msg":"auth.login.failed"}
{"time":"2026-07-27T12:42:41","level":"WARNING","logger":"bess.auth","msg":"auth.login.failed"}
{"time":"2026-07-27T12:42:42","level":"INFO","logger":"watchfiles.main","msg":"3 changes detected"}
{"time":"2026-07-27T12:42:42","level":"WARNING","logger":"bess.auth","msg":"auth.login.failed"}
{"time":"2026-07-27T12:43:00","level":"WARNING","logger":"bess.auth","msg":"auth.login.failed"}
{"time":"2026-07-27T12:43:02","level":"WARNING","logger":"bess.auth","msg":"auth.login.failed"}
{"time":"2026-07-27T12:43:02","level":"WARNING","logger":"bess.auth","msg":"auth.login.failed"}
{"time":"2026-07-27T12:43:37","level":"WARNING","logger":"bess.auth","msg":"auth.login.failed"}
{"time":"2026-07-27T12:43:43","level":"INFO","logger":"watchfiles.main","msg":"3 changes detected"}
{"time":"2026-07-27T12:43:57","level":"INFO","logger":"watchfiles.main","msg":"3 changes detected"}
{"time":"2026-07-27T12:43:58","level":"INFO","logger":"bess.sync","msg":"sync.push.complete"}
{"time":"2026-07-27T12:43:58","level":"INFO","logger":"watchfiles.main","msg":"3 changes detected"}
{"time":"2026-07-27T12:43:58","level":"INFO","logger":"watchfiles.main","msg":"3 changes detected"}
{"time":"2026-07-27T12:43:59","level":"INFO","logger":"watchfiles.main","msg":"4 changes detected"}
{"time":"2026-07-27T12:43:59","level":"INFO","logger":"watchfiles.main","msg":"1 change detected"}
{"time":"2026-07-27T12:44:00","level":"INFO","logger":"watchfiles.main","msg":"2 changes detected"}
{"time":"2026-07-27T12:44:00","level":"INFO","logger":"watchfiles.main","msg":"4 changes detected"}
{"time":"2026-07-27T12:44:01","level":"INFO","logger":"watchfiles.main","msg":"1 change detected"}
{"time":"2026-07-27T12:44:01","level":"INFO","logger":"watchfiles.main","msg":"2 changes detected"}
{"time":"2026-07-27T12:44:01","level":"INFO","logger":"watchfiles.main","msg":"4 changes detected"}
{"time":"2026-07-27T12:44:02","level":"INFO","logger":"watchfiles.main","msg":"1 change detected"}
{"time":"2026-07-27T12:44:21","level":"INFO","logger":"watchfiles.main","msg":"3 changes detected"}
{"time":"2026-07-27T12:44:39","level":"INFO","logger":"bess.auth","msg":"auth.login.success"}
{"time":"2026-07-27T12:44:39","level":"INFO","logger":"watchfiles.main","msg":"3 changes detected"}
{"time":"2026-07-27T12:44:43","level":"INFO","logger":"watchfiles.main","msg":"3 changes detected"}
{"time":"2026-07-27T12:45:44","level":"INFO","logger":"watchfiles.main","msg":"3 changes detected"}
{"time":"2026-07-27T12:46:45","level":"INFO","logger":"watchfiles.main","msg":"3 changes detected"}
{"time":"2026-07-27T12:46:56","level":"INFO","logger":"watchfiles.main","msg":"5 changes detected"}
{"time":"2026-07-27T12:46:56","level":"INFO","logger":"bess.main","msg":"shutdown.complete"}
{"time":"2026-07-27T12:46:57","level":"INFO","logger":"watchfiles.main","msg":"1 change detected"}
{"time":"2026-07-27T12:47:02","level":"INFO","logger":"watchfiles.main","msg":"5 changes detected"}
{"time":"2026-07-27T12:47:03","level":"INFO","logger":"bess.main","msg":"startup.ready"}
{"time":"2026-07-27T12:47:22","level":"INFO","logger":"bess.auth","msg":"auth.login.success"}
{"time":"2026-07-27T12:47:22","level":"INFO","logger":"watchfiles.main","msg":"3 changes detected"}
{"time":"2026-07-27T12:47:45","level":"INFO","logger":"watchfiles.main","msg":"3 changes detected"}
{"time":"2026-07-27T12:48:46","level":"INFO","logger":"watchfiles.main","msg":"3 changes detected"}
{"time":"2026-07-27T12:49:46","level":"INFO","logger":"watchfiles.main","msg":"3 changes detected"}
{"time":"2026-07-27T12:50:47","level":"INFO","logger":"watchfiles.main","msg":"3 changes detected"}
{"time":"2026-07-27T12:51:48","level":"INFO","logger":"watchfiles.main","msg":"3 changes detected"}
{"time":"2026-07-27T12:52:48","level":"INFO","logger":"watchfiles.main","msg":"3 changes detected"}
{"time":"2026-07-27T12:53:49","level":"INFO","logger":"watchfiles.main","msg":"3 changes detected"}
{"time":"2026-07-27T12:54:50","level":"INFO","logger":"watchfiles.main","msg":"3 changes detected"}
{"time":"2026-07-27T12:55:05","level":"INFO","logger":"watchfiles.main","msg":"1 change detected"}
{"time":"2026-07-27T12:55:51","level":"INFO","logger":"watchfiles.main","msg":"3 changes detected"}
{"time":"2026-07-27T12:58:33","level":"INFO","logger":"watchfiles.main","msg":"1 change detected"}
{"time":"2026-07-27T12:58:34","level":"INFO","logger":"watchfiles.main","msg":"1 change detected"}
{"time":"2026-07-27T12:58:36","level":"INFO","logger":"watchfiles.main","msg":"1 change detected"}
{"time":"2026-07-27T13:28:39","level":"INFO","logger":"watchfiles.main","msg":"1 change detected"}
{"time":"2026-07-27T13:28:40","level":"INFO","logger":"watchfiles.main","msg":"1 change detected"}
{"time":"2026-07-27T13:28:40","level":"INFO","logger":"watchfiles.main","msg":"1 change detected"}
{"time":"2026-07-27T13:58:40","level":"INFO","logger":"watchfiles.main","msg":"1 change detected"}
{"time":"2026-07-27T13:58:40","level":"INFO","logger":"watchfiles.main","msg":"1 change detected"}
{"time":"2026-07-27T13:58:41","level":"INFO","logger":"watchfiles.main","msg":"1 change detected"}
{"time":"2026-07-27T14:28:39","level":"INFO","logger":"watchfiles.main","msg":"1 change detected"}
{"time":"2026-07-27T14:28:40","level":"INFO","logger":"watchfiles.main","msg":"1 change detected"}
{"time":"2026-07-27T14:28:41","level":"INFO","logger":"watchfiles.main","msg":"1 change detected"}
{"time":"2026-07-27T14:58:40","level":"INFO","logger":"watchfiles.main","msg":"1 change detected"}
{"time":"2026-07-27T14:58:40","level":"INFO","logger":"watchfiles.main","msg":"1 change detected"}
{"time":"2026-07-27T14:58:41","level":"INFO","logger":"watchfiles.main","msg":"1 change detected"}
{"time":"2026-07-27T14:58:41","level":"INFO","logger":"watchfiles.main","msg":"1 change detected"}
{"time":"2026-07-27T14:58:53","level":"INFO","logger":"watchfiles.main","msg":"1 change detected"}
{"time":"2026-07-27T15:28:40","level":"INFO","logger":"watchfiles.main","msg":"1 change detected"}
{"time":"2026-07-27T15:28:40","level":"INFO","logger":"watchfiles.main","msg":"1 change detected"}
{"time":"2026-07-27T15:28:41","level":"INFO","logger":"watchfiles.main","msg":"1 change detected"}
{"time":"2026-07-27T15:28:41","level":"INFO","logger":"watchfiles.main","msg":"1 change detected"}
{"time":"2026-07-27T15:28:53","level":"INFO","logger":"watchfiles.main","msg":"1 change detected"}
{"time":"2026-07-27T15:58:40","level":"INFO","logger":"watchfiles.main","msg":"1 change detected"}
{"time":"2026-07-27T15:58:40","level":"INFO","logger":"watchfiles.main","msg":"1 change detected"}
{"time":"2026-07-27T15:58:41","level":"INFO","logger":"watchfiles.main","msg":"1 change detected"}
{"time":"2026-07-27T16:28:40","level":"INFO","logger":"watchfiles.main","msg":"1 change detected"}
{"time":"2026-07-27T16:28:40","level":"INFO","logger":"watchfiles.main","msg":"1 change detected"}
{"time":"2026-07-27T16:28:41","level":"INFO","logger":"watchfiles.main","msg":"1 change detected"}
{"time":"2026-07-27T16:58:40","level":"INFO","logger":"watchfiles.main","msg":"1 change detected"}
{"time":"2026-07-27T16:58:41","level":"INFO","logger":"watchfiles.main","msg":"1 change detected"}
{"time":"2026-07-27T16:58:42","level":"INFO","logger":"watchfiles.main","msg":"1 change detected"}
{"time":"2026-07-27T17:28:40","level":"INFO","logger":"watchfiles.main","msg":"1 change detected"}
{"time":"2026-07-27T17:28:40","level":"INFO","logger":"watchfiles.main","msg":"1 change detected"}
{"time":"2026-07-27T17:28:41","level":"INFO","logger":"watchfiles.main","msg":"1 change detected"}
{"time":"2026-07-28T15:21:45","level":"INFO","logger":"watchfiles.main","msg":"1 change detected"}
{"time":"2026-07-28T15:21:50","level":"INFO","logger":"watchfiles.main","msg":"1 change detected"}
{"time":"2026-07-28T15:21:51","level":"INFO","logger":"watchfiles.main","msg":"1 change detected"}
{"time":"2026-07-28T15:21:51","level":"INFO","logger":"watchfiles.main","msg":"1 change detected"}
{"time":"2026-07-28T15:22:19","level":"INFO","logger":"watchfiles.main","msg":"1 change detected"}
{"time":"2026-07-28T15:22:19","level":"INFO","logger":"watchfiles.main","msg":"1 change detected"}
{"time":"2026-07-28T15:22:42","level":"INFO","logger":"watchfiles.main","msg":"1 change detected"}
{"time":"2026-07-28T15:45:14","level":"INFO","logger":"watchfiles.main","msg":"1 change detected"}
{"time":"2026-07-28T16:09:44","level":"INFO","logger":"watchfiles.main","msg":"1 change detected"}
{"time":"2026-07-28T16:09:44","level":"INFO","logger":"watchfiles.main","msg":"1 change detected"}
{"time":"2026-07-28T16:09:45","level":"INFO","logger":"watchfiles.main","msg":"1 change detected"}
{"time":"2026-07-28T16:34:44","level":"INFO","logger":"watchfiles.main","msg":"1 change detected"}
{"time":"2026-07-28T16:34:44","level":"INFO","logger":"watchfiles.main","msg":"1 change detected"}
{"time":"2026-07-28T16:34:45","level":"INFO","logger":"watchfiles.main","msg":"1 change detected"}
{"time":"2026-07-28T17:04:44","level":"INFO","logger":"watchfiles.main","msg":"1 change detected"}
{"time":"2026-07-28T17:04:45","level":"INFO","logger":"watchfiles.main","msg":"1 change detected"}
{"time":"2026-07-28T17:04:45","level":"INFO","logger":"watchfiles.main","msg":"1 change detected"}
{"time":"2026-07-28T17:34:44","level":"INFO","logger":"watchfiles.main","msg":"1 change detected"}
{"time":"2026-07-28T17:34:44","level":"INFO","logger":"watchfiles.main","msg":"1 change detected"}
{"time":"2026-07-28T17:34:45","level":"INFO","logger":"watchfiles.main","msg":"1 change detected"}
{"time":"2026-07-28T18:04:44","level":"INFO","logger":"watchfiles.main","msg":"1 change detected"}
{"time":"2026-07-28T18:04:44","level":"INFO","logger":"watchfiles.main","msg":"1 change detected"}
{"time":"2026-07-28T18:04:45","level":"INFO","logger":"watchfiles.main","msg":"1 change detected"}
{"time":"2026-07-28T18:34:44","level":"INFO","logger":"watchfiles.main","msg":"1 change detected"}
{"time":"2026-07-28T18:34:44","level":"INFO","logger":"watchfiles.main","msg":"1 change detected"}
{"time":"2026-07-28T18:34:45","level":"INFO","logger":"watchfiles.main","msg":"1 change detected"}
{"time":"2026-07-29T10:27:49","level":"INFO","logger":"watchfiles.main","msg":"1 change detected"}
{"time":"2026-07-29T10:27:49","level":"INFO","logger":"watchfiles.main","msg":"1 change detected"}
{"time":"2026-07-29T10:27:50","level":"INFO","logger":"watchfiles.main","msg":"1 change detected"}
{"time":"2026-07-29T10:27:51","level":"INFO","logger":"watchfiles.main","msg":"1 change detected"}
{"time":"2026-07-29T10:28:20","level":"INFO","logger":"watchfiles.main","msg":"1 change detected"}
{"time":"2026-07-29T10:28:21","level":"INFO","logger":"watchfiles.main","msg":"1 change detected"}
{"time":"2026-07-29T10:28:51","level":"INFO","logger":"watchfiles.main","msg":"1 change detected"}
{"time":"2026-07-29T10:47:10","level":"INFO","logger":"watchfiles.main","msg":"3 changes detected"}
{"time":"2026-07-29T10:48:21","level":"INFO","logger":"watchfiles.main","msg":"3 changes detected"}
{"time":"2026-07-29T10:49:21","level":"INFO","logger":"watchfiles.main","msg":"3 changes detected"}
{"time":"2026-07-29T10:50:22","level":"INFO","logger":"watchfiles.main","msg":"3 changes detected"}
{"time":"2026-07-29T10:51:23","level":"INFO","logger":"watchfiles.main","msg":"3 changes detected"}
{"time":"2026-07-29T10:52:24","level":"INFO","logger":"watchfiles.main","msg":"3 changes detected"}
{"time":"2026-07-29T10:53:09","level":"INFO","logger":"watchfiles.main","msg":"1 change detected"}
{"time":"2026-07-29T10:53:24","level":"INFO","logger":"watchfiles.main","msg":"3 changes detected"}
{"time":"2026-07-29T10:54:25","level":"INFO","logger":"watchfiles.main","msg":"3 changes detected"}
{"time":"2026-07-29T10:55:26","level":"INFO","logger":"watchfiles.main","msg":"3 changes detected"}
{"time":"2026-07-29T10:56:26","level":"INFO","logger":"watchfiles.main","msg":"3 changes detected"}
{"time":"2026-07-29T10:57:27","level":"INFO","logger":"watchfiles.main","msg":"3 changes detected"}
{"time":"2026-07-29T10:58:28","level":"INFO","logger":"watchfiles.main","msg":"3 changes detected"}
{"time":"2026-07-29T10:59:29","level":"INFO","logger":"watchfiles.main","msg":"3 changes detected"}
{"time":"2026-07-29T11:00:29","level":"INFO","logger":"watchfiles.main","msg":"3 changes detected"}
{"time":"2026-07-29T11:01:30","level":"INFO","logger":"watchfiles.main","msg":"3 changes detected"}
{"time":"2026-07-29T11:02:31","level":"INFO","logger":"watchfiles.main","msg":"3 changes detected"}
{"time":"2026-07-29T11:03:32","level":"INFO","logger":"watchfiles.main","msg":"3 changes detected"}
{"time":"2026-07-29T11:04:32","level":"INFO","logger":"watchfiles.main","msg":"3 changes detected"}
{"time":"2026-07-29T11:05:33","level":"INFO","logger":"watchfiles.main","msg":"3 changes detected"}
{"time":"2026-07-29T11:06:34","level":"INFO","logger":"watchfiles.main","msg":"3 changes detected"}
{"time":"2026-07-29T11:07:35","level":"INFO","logger":"watchfiles.main","msg":"3 changes detected"}
{"time":"2026-07-29T11:08:35","level":"INFO","logger":"watchfiles.main","msg":"3 changes detected"}
{"time":"2026-07-29T11:09:36","level":"INFO","logger":"watchfiles.main","msg":"3 changes detected"}
{"time":"2026-07-29T11:10:37","level":"INFO","logger":"watchfiles.main","msg":"3 changes detected"}
{"time":"2026-07-29T11:11:37","level":"INFO","logger":"watchfiles.main","msg":"3 changes detected"}
{"time":"2026-07-29T11:19:23","level":"INFO","logger":"bess.main","msg":"startup.ready"}
{"time":"2026-07-29T11:19:56","level":"INFO","logger":"bess.auth","msg":"auth.login.success"}
{"time":"2026-07-29T11:19:56","level":"INFO","logger":"bess.sync","msg":"sync.push.complete"}
{"time":"2026-07-29T12:49:35","level":"INFO","logger":"bess.sync","msg":"sync.push.complete"}
{"time":"2026-07-29T13:34:06","level":"INFO","logger":"bess.main","msg":"startup.ready"}
{"time":"2026-07-29T13:34:33","level":"INFO","logger":"watchfiles.main","msg":"3 changes detected"}
{"time":"2026-07-29T13:34:33","level":"INFO","logger":"bess.sync","msg":"sync.push.complete"}
{"time":"2026-07-29T13:34:33","level":"INFO","logger":"watchfiles.main","msg":"7 changes detected"}
{"time":"2026-07-29T13:34:34","level":"INFO","logger":"watchfiles.main","msg":"6 changes detected"}
{"time":"2026-07-29T13:34:34","level":"INFO","logger":"watchfiles.main","msg":"1 change detected"}
{"time":"2026-07-29T13:34:47","level":"INFO","logger":"watchfiles.main","msg":"3 changes detected"}
{"time":"2026-07-29T13:35:23","level":"INFO","logger":"bess.auth","msg":"auth.login.success"}
{"time":"2026-07-29T13:35:23","level":"INFO","logger":"watchfiles.main","msg":"3 changes detected"}
{"time":"2026-07-29T13:35:25","level":"INFO","logger":"watchfiles.main","msg":"3 changes detected"}
{"time":"2026-07-29T13:35:35","level":"INFO","logger":"watchfiles.main","msg":"3 changes detected"}
{"time":"2026-07-29T13:35:35","level":"INFO","logger":"bess.sync","msg":"sync.push.complete"}
{"time":"2026-07-29T13:35:36","level":"INFO","logger":"watchfiles.main","msg":"7 changes detected"}
{"time":"2026-07-29T13:35:36","level":"INFO","logger":"watchfiles.main","msg":"1 change detected"}
{"time":"2026-07-29T13:35:42","level":"INFO","logger":"watchfiles.main","msg":"3 changes detected"}
{"time":"2026-07-29T13:36:43","level":"INFO","logger":"watchfiles.main","msg":"3 changes detected"}
{"time":"2026-07-29T13:37:44","level":"INFO","logger":"watchfiles.main","msg":"3 changes detected"}
{"time":"2026-07-29T13:38:44","level":"INFO","logger":"watchfiles.main","msg":"3 changes detected"}
{"time":"2026-07-29T13:39:09","level":"INFO","logger":"bess.auth","msg":"auth.login.success"}
{"time":"2026-07-29T13:39:10","level":"INFO","logger":"watchfiles.main","msg":"3 changes detected"}
{"time":"2026-07-29T13:39:45","level":"INFO","logger":"watchfiles.main","msg":"3 changes detected"}
{"time":"2026-07-29T13:40:46","level":"INFO","logger":"watchfiles.main","msg":"3 changes detected"}
{"time":"2026-07-29T13:41:46","level":"INFO","logger":"watchfiles.main","msg":"3 changes detected"}
{"time":"2026-07-29T13:42:47","level":"INFO","logger":"watchfiles.main","msg":"3 changes detected"}
{"time":"2026-07-29T13:43:47","level":"INFO","logger":"watchfiles.main","msg":"3 changes detected"}
{"time":"2026-07-29T13:44:48","level":"INFO","logger":"watchfiles.main","msg":"3 changes detected"}
{"time":"2026-07-29T13:45:49","level":"INFO","logger":"watchfiles.main","msg":"3 changes detected"}
{"time":"2026-07-29T13:46:50","level":"INFO","logger":"watchfiles.main","msg":"3 changes detected"}
{"time":"2026-07-29T13:47:50","level":"INFO","logger":"watchfiles.main","msg":"3 changes detected"}
{"time":"2026-07-29T13:48:51","level":"INFO","logger":"watchfiles.main","msg":"3 changes detected"}
{"time":"2026-07-29T13:49:51","level":"INFO","logger":"watchfiles.main","msg":"3 changes detected"}
{"time":"2026-07-29T13:50:52","level":"INFO","logger":"watchfiles.main","msg":"3 changes detected"}
{"time":"2026-07-29T13:51:52","level":"INFO","logger":"watchfiles.main","msg":"3 changes detected"}
{"time":"2026-07-29T13:52:53","level":"INFO","logger":"watchfiles.main","msg":"3 changes detected"}
{"time":"2026-07-29T13:53:54","level":"INFO","logger":"watchfiles.main","msg":"3 changes detected"}
{"time":"2026-07-29T13:54:35","level":"INFO","logger":"watchfiles.main","msg":"1 change detected"}
{"time":"2026-07-29T13:54:55","level":"INFO","logger":"watchfiles.main","msg":"3 changes detected"}
{"time":"2026-07-29T13:55:55","level":"INFO","logger":"watchfiles.main","msg":"3 changes detected"}
{"time":"2026-07-29T13:56:35","level":"WARNING","logger":"bess.auth","msg":"auth.login.failed"}
{"time":"2026-07-29T13:56:42","level":"WARNING","logger":"bess.auth","msg":"auth.login.failed"}
{"time":"2026-07-29T13:56:42","level":"WARNING","logger":"bess.auth","msg":"auth.login.failed"}
{"time":"2026-07-29T13:56:49","level":"WARNING","logger":"bess.auth","msg":"auth.login.failed"}
{"time":"2026-07-29T13:56:49","level":"WARNING","logger":"bess.auth","msg":"auth.login.failed"}
{"time":"2026-07-29T13:56:50","level":"WARNING","logger":"bess.auth","msg":"auth.login.failed"}
{"time":"2026-07-29T13:56:54","level":"INFO","logger":"bess.auth","msg":"auth.login.success"}
{"time":"2026-07-29T13:56:54","level":"INFO","logger":"watchfiles.main","msg":"3 changes detected"}
{"time":"2026-07-29T13:56:56","level":"INFO","logger":"watchfiles.main","msg":"3 changes detected"}
{"time":"2026-07-29T13:57:57","level":"INFO","logger":"watchfiles.main","msg":"3 changes detected"}
{"time":"2026-07-29T13:58:57","level":"INFO","logger":"watchfiles.main","msg":"3 changes detected"}
{"time":"2026-07-29T13:59:58","level":"INFO","logger":"watchfiles.main","msg":"3 changes detected"}
{"time":"2026-07-29T14:00:58","level":"INFO","logger":"watchfiles.main","msg":"3 changes detected"}
{"time":"2026-07-29T14:01:59","level":"INFO","logger":"watchfiles.main","msg":"3 changes detected"}
{"time":"2026-07-29T14:03:00","level":"INFO","logger":"watchfiles.main","msg":"3 changes detected"}
{"time":"2026-07-29T14:04:01","level":"INFO","logger":"watchfiles.main","msg":"3 changes detected"}
{"time":"2026-07-29T14:05:02","level":"INFO","logger":"watchfiles.main","msg":"3 changes detected"}
{"time":"2026-07-29T14:05:02","level":"INFO","logger":"watchfiles.main","msg":"3 changes detected"}
{"time":"2026-07-29T14:18:09","level":"INFO","logger":"watchfiles.main","msg":"3 changes detected"}
{"time":"2026-07-29T14:24:45","level":"INFO","logger":"watchfiles.main","msg":"1 change detected"}
{"time":"2026-07-29T14:29:22","level":"INFO","logger":"bess.main","msg":"startup.ready"}
{"time":"2026-07-29T14:30:03","level":"INFO","logger":"watchfiles.main","msg":"3 changes detected"}
{"time":"2026-07-29T14:30:46","level":"WARNING","logger":"bess.auth","msg":"auth.login.failed"}
{"time":"2026-07-29T14:31:00","level":"INFO","logger":"bess.auth","msg":"auth.login.success"}
{"time":"2026-07-29T14:31:00","level":"INFO","logger":"watchfiles.main","msg":"3 changes detected"}
{"time":"2026-07-29T14:31:03","level":"INFO","logger":"watchfiles.main","msg":"3 changes detected"}
{"time":"2026-07-29T14:31:05","level":"INFO","logger":"watchfiles.main","msg":"3 changes detected"}
{"time":"2026-07-29T14:31:06","level":"INFO","logger":"watchfiles.main","msg":"3 changes detected"}
{"time":"2026-07-29T14:31:58","level":"WARNING","logger":"bess.auth","msg":"auth.login.failed"}
{"time":"2026-07-29T14:32:06","level":"INFO","logger":"watchfiles.main","msg":"3 changes detected"}
{"time":"2026-07-29T14:32:15","level":"INFO","logger":"bess.auth","msg":"auth.login.success"}
{"time":"2026-07-29T14:32:15","level":"INFO","logger":"watchfiles.main","msg":"3 changes detected"}
{"time":"2026-07-29T14:32:15","level":"INFO","logger":"bess.sync","msg":"sync.push.complete"}
{"time":"2026-07-29T14:32:15","level":"INFO","logger":"watchfiles.main","msg":"3 changes detected"}
{"time":"2026-07-29T14:32:16","level":"INFO","logger":"watchfiles.main","msg":"7 changes detected"}
{"time":"2026-07-29T14:32:16","level":"INFO","logger":"watchfiles.main","msg":"1 change detected"}
{"time":"2026-07-29T14:32:58","level":"INFO","logger":"watchfiles.main","msg":"3 changes detected"}
{"time":"2026-07-29T14:33:04","level":"INFO","logger":"watchfiles.main","msg":"3 changes detected"}
{"time":"2026-07-29T14:34:04","level":"INFO","logger":"watchfiles.main","msg":"3 changes detected"}
{"time":"2026-07-29T14:35:05","level":"INFO","logger":"watchfiles.main","msg":"3 changes detected"}
{"time":"2026-07-29T14:35:05","level":"INFO","logger":"bess.sync","msg":"sync.push.complete"}
{"time":"2026-07-29T14:35:05","level":"INFO","logger":"watchfiles.main","msg":"3 changes detected"}
{"time":"2026-07-29T14:36:05","level":"INFO","logger":"watchfiles.main","msg":"3 changes detected"}
{"time":"2026-07-29T14:36:05","level":"INFO","logger":"bess.sync","msg":"sync.push.complete"}
{"time":"2026-07-29T14:36:06","level":"INFO","logger":"watchfiles.main","msg":"3 changes detected"}
{"time":"2026-07-29T14:37:06","level":"INFO","logger":"bess.sync","msg":"sync.push.complete"}
{"time":"2026-07-29T14:37:06","level":"INFO","logger":"watchfiles.main","msg":"3 changes detected"}
{"time":"2026-07-29T14:38:07","level":"INFO","logger":"bess.sync","msg":"sync.push.complete"}
{"time":"2026-07-29T14:38:07","level":"INFO","logger":"watchfiles.main","msg":"3 changes detected"}
{"time":"2026-07-29T14:39:07","level":"INFO","logger":"bess.sync","msg":"sync.push.complete"}
{"time":"2026-07-29T14:39:07","level":"INFO","logger":"watchfiles.main","msg":"3 changes detected"}
{"time":"2026-07-29T14:40:08","level":"INFO","logger":"bess.sync","msg":"sync.push.complete"}
{"time":"2026-07-29T14:40:08","level":"INFO","logger":"watchfiles.main","msg":"3 changes detected"}
{"time":"2026-07-29T14:41:08","level":"INFO","logger":"bess.sync","msg":"sync.push.complete"}
{"time":"2026-07-29T14:41:08","level":"INFO","logger":"watchfiles.main","msg":"3 changes detected"}
{"time":"2026-07-29T14:42:09","level":"INFO","logger":"bess.sync","msg":"sync.push.complete"}
{"time":"2026-07-29T14:42:09","level":"INFO","logger":"watchfiles.main","msg":"3 changes detected"}
{"time":"2026-07-29T14:43:09","level":"INFO","logger":"bess.sync","msg":"sync.push.complete"}
{"time":"2026-07-29T14:43:09","level":"INFO","logger":"watchfiles.main","msg":"3 changes detected"}
{"time":"2026-07-29T14:44:10","level":"INFO","logger":"bess.sync","msg":"sync.push.complete"}
{"time":"2026-07-29T14:44:10","level":"INFO","logger":"watchfiles.main","msg":"3 changes detected"}
{"time":"2026-07-29T14:45:11","level":"INFO","logger":"bess.sync","msg":"sync.push.complete"}
{"time":"2026-07-29T14:45:11","level":"INFO","logger":"watchfiles.main","msg":"3 changes detected"}
{"time":"2026-07-29T14:46:12","level":"INFO","logger":"watchfiles.main","msg":"3 changes detected"}
{"time":"2026-07-29T14:46:12","level":"INFO","logger":"bess.sync","msg":"sync.push.complete"}
{"time":"2026-07-29T14:46:12","level":"INFO","logger":"watchfiles.main","msg":"3 changes detected"}
{"time":"2026-07-29T14:47:12","level":"INFO","logger":"bess.sync","msg":"sync.push.complete"}
{"time":"2026-07-29T14:47:12","level":"INFO","logger":"watchfiles.main","msg":"3 changes detected"}
{"time":"2026-07-29T14:48:13","level":"INFO","logger":"bess.sync","msg":"sync.push.complete"}
{"time":"2026-07-29T14:48:13","level":"INFO","logger":"watchfiles.main","msg":"3 changes detected"}
{"time":"2026-07-29T14:49:14","level":"INFO","logger":"watchfiles.main","msg":"3 changes detected"}
{"time":"2026-07-29T14:49:14","level":"INFO","logger":"bess.sync","msg":"sync.push.complete"}
{"time":"2026-07-29T14:49:14","level":"INFO","logger":"watchfiles.main","msg":"3 changes detected"}
{"time":"2026-07-29T14:50:15","level":"INFO","logger":"bess.sync","msg":"sync.push.complete"}
{"time":"2026-07-29T14:50:15","level":"INFO","logger":"watchfiles.main","msg":"3 changes detected"}
{"time":"2026-07-29T14:51:15","level":"INFO","logger":"bess.sync","msg":"sync.push.complete"}
{"time":"2026-07-29T14:51:15","level":"INFO","logger":"watchfiles.main","msg":"3 changes detected"}
{"time":"2026-07-29T14:52:16","level":"INFO","logger":"bess.sync","msg":"sync.push.complete"}
{"time":"2026-07-29T14:52:16","level":"INFO","logger":"watchfiles.main","msg":"3 changes detected"}
{"time":"2026-07-29T14:53:17","level":"INFO","logger":"bess.sync","msg":"sync.push.complete"}
{"time":"2026-07-29T14:53:17","level":"INFO","logger":"watchfiles.main","msg":"3 changes detected"}
{"time":"2026-07-29T14:54:18","level":"INFO","logger":"bess.sync","msg":"sync.push.complete"}
{"time":"2026-07-29T14:54:18","level":"INFO","logger":"watchfiles.main","msg":"3 changes detected"}
{"time":"2026-07-29T14:54:35","level":"INFO","logger":"watchfiles.main","msg":"1 change detected"}
{"time":"2026-07-29T14:55:19","level":"INFO","logger":"bess.sync","msg":"sync.push.complete"}
{"time":"2026-07-29T14:55:19","level":"INFO","logger":"watchfiles.main","msg":"3 changes detected"}
{"time":"2026-07-29T14:56:19","level":"INFO","logger":"bess.sync","msg":"sync.push.complete"}
{"time":"2026-07-29T14:56:19","level":"INFO","logger":"watchfiles.main","msg":"3 changes detected"}
{"time":"2026-07-29T14:57:20","level":"INFO","logger":"bess.sync","msg":"sync.push.complete"}
{"time":"2026-07-29T14:57:20","level":"INFO","logger":"watchfiles.main","msg":"3 changes detected"}
{"time":"2026-07-29T14:58:21","level":"INFO","logger":"bess.sync","msg":"sync.push.complete"}
{"time":"2026-07-29T14:58:21","level":"INFO","logger":"watchfiles.main","msg":"3 changes detected"}
{"time":"2026-07-29T14:59:22","level":"INFO","logger":"bess.sync","msg":"sync.push.complete"}
{"time":"2026-07-29T14:59:22","level":"INFO","logger":"watchfiles.main","msg":"3 changes detected"}
{"time":"2026-07-29T15:00:22","level":"INFO","logger":"bess.sync","msg":"sync.push.complete"}
{"time":"2026-07-29T15:00:22","level":"INFO","logger":"watchfiles.main","msg":"3 changes detected"}
{"time":"2026-07-29T15:01:23","level":"INFO","logger":"bess.sync","msg":"sync.push.complete"}
{"time":"2026-07-29T15:01:23","level":"INFO","logger":"watchfiles.main","msg":"3 changes detected"}
{"time":"2026-07-29T15:02:24","level":"INFO","logger":"bess.sync","msg":"sync.push.complete"}
{"time":"2026-07-29T15:02:24","level":"INFO","logger":"watchfiles.main","msg":"3 changes detected"}
{"time":"2026-07-29T15:03:25","level":"INFO","logger":"bess.sync","msg":"sync.push.complete"}
{"time":"2026-07-29T15:03:25","level":"INFO","logger":"watchfiles.main","msg":"3 changes detected"}
{"time":"2026-07-29T15:04:25","level":"INFO","logger":"bess.sync","msg":"sync.push.complete"}
{"time":"2026-07-29T15:04:25","level":"INFO","logger":"watchfiles.main","msg":"3 changes detected"}
{"time":"2026-07-29T15:05:26","level":"INFO","logger":"watchfiles.main","msg":"3 changes detected"}
{"time":"2026-07-29T15:05:26","level":"INFO","logger":"bess.sync","msg":"sync.push.complete"}
{"time":"2026-07-29T15:05:26","level":"INFO","logger":"watchfiles.main","msg":"3 changes detected"}
{"time":"2026-07-29T15:06:27","level":"INFO","logger":"bess.sync","msg":"sync.push.complete"}
{"time":"2026-07-29T15:06:27","level":"INFO","logger":"watchfiles.main","msg":"3 changes detected"}
{"time":"2026-07-29T15:07:28","level":"INFO","logger":"bess.sync","msg":"sync.push.complete"}
{"time":"2026-07-29T15:07:28","level":"INFO","logger":"watchfiles.main","msg":"3 changes detected"}
{"time":"2026-07-29T15:08:28","level":"INFO","logger":"bess.sync","msg":"sync.push.complete"}
{"time":"2026-07-29T15:08:28","level":"INFO","logger":"watchfiles.main","msg":"3 changes detected"}
{"time":"2026-07-29T15:09:29","level":"INFO","logger":"bess.sync","msg":"sync.push.complete"}
{"time":"2026-07-29T15:09:29","level":"INFO","logger":"watchfiles.main","msg":"3 changes detected"}
{"time":"2026-07-29T15:10:30","level":"INFO","logger":"bess.sync","msg":"sync.push.complete"}
{"time":"2026-07-29T15:10:30","level":"INFO","logger":"watchfiles.main","msg":"3 changes detected"}
{"time":"2026-07-29T15:11:31","level":"INFO","logger":"bess.sync","msg":"sync.push.complete"}
{"time":"2026-07-29T15:11:31","level":"INFO","logger":"watchfiles.main","msg":"3 changes detected"}
{"time":"2026-07-29T15:12:32","level":"INFO","logger":"bess.sync","msg":"sync.push.complete"}
{"time":"2026-07-29T15:12:32","level":"INFO","logger":"watchfiles.main","msg":"3 changes detected"}
{"time":"2026-07-29T15:13:32","level":"INFO","logger":"watchfiles.main","msg":"3 changes detected"}
{"time":"2026-07-29T15:13:32","level":"INFO","logger":"bess.sync","msg":"sync.push.complete"}
{"time":"2026-07-29T15:13:33","level":"INFO","logger":"watchfiles.main","msg":"3 changes detected"}
{"time":"2026-07-29T15:14:33","level":"INFO","logger":"watchfiles.main","msg":"3 changes detected"}
{"time":"2026-07-29T15:14:33","level":"INFO","logger":"bess.sync","msg":"sync.push.complete"}
{"time":"2026-07-29T15:14:33","level":"INFO","logger":"watchfiles.main","msg":"2 changes detected"}
{"time":"2026-07-29T15:15:34","level":"INFO","logger":"bess.sync","msg":"sync.push.complete"}
{"time":"2026-07-29T15:15:34","level":"INFO","logger":"watchfiles.main","msg":"3 changes detected"}
{"time":"2026-07-29T15:16:35","level":"INFO","logger":"bess.sync","msg":"sync.push.complete"}
{"time":"2026-07-29T15:16:35","level":"INFO","logger":"watchfiles.main","msg":"3 changes detected"}
{"time":"2026-07-29T15:17:35","level":"INFO","logger":"bess.sync","msg":"sync.push.complete"}
{"time":"2026-07-29T15:17:35","level":"INFO","logger":"watchfiles.main","msg":"3 changes detected"}
{"time":"2026-07-29T15:18:36","level":"INFO","logger":"bess.sync","msg":"sync.push.complete"}
{"time":"2026-07-29T15:18:36","level":"INFO","logger":"watchfiles.main","msg":"3 changes detected"}
{"time":"2026-07-29T15:19:37","level":"INFO","logger":"bess.sync","msg":"sync.push.complete"}
{"time":"2026-07-29T15:19:37","level":"INFO","logger":"watchfiles.main","msg":"3 changes detected"}
{"time":"2026-07-29T15:20:38","level":"INFO","logger":"bess.sync","msg":"sync.push.complete"}
{"time":"2026-07-29T15:20:38","level":"INFO","logger":"watchfiles.main","msg":"3 changes detected"}
{"time":"2026-07-29T15:21:38","level":"INFO","logger":"bess.sync","msg":"sync.push.complete"}
{"time":"2026-07-29T15:21:38","level":"INFO","logger":"watchfiles.main","msg":"3 changes detected"}
{"time":"2026-07-29T15:22:39","level":"INFO","logger":"bess.sync","msg":"sync.push.complete"}
{"time":"2026-07-29T15:22:39","level":"INFO","logger":"watchfiles.main","msg":"3 changes detected"}
{"time":"2026-07-29T15:23:40","level":"INFO","logger":"bess.sync","msg":"sync.push.complete"}
{"time":"2026-07-29T15:23:40","level":"INFO","logger":"watchfiles.main","msg":"3 changes detected"}
{"time":"2026-07-29T15:24:35","level":"INFO","logger":"watchfiles.main","msg":"1 change detected"}
{"time":"2026-07-29T15:24:40","level":"INFO","logger":"bess.sync","msg":"sync.push.complete"}
{"time":"2026-07-29T15:24:40","level":"INFO","logger":"watchfiles.main","msg":"3 changes detected"}
{"time":"2026-07-29T15:25:41","level":"INFO","logger":"bess.sync","msg":"sync.push.complete"}
{"time":"2026-07-29T15:25:41","level":"INFO","logger":"watchfiles.main","msg":"3 changes detected"}
{"time":"2026-07-29T15:26:42","level":"INFO","logger":"bess.sync","msg":"sync.push.complete"}
{"time":"2026-07-29T15:26:42","level":"INFO","logger":"watchfiles.main","msg":"3 changes detected"}
{"time":"2026-07-29T15:27:43","level":"INFO","logger":"bess.sync","msg":"sync.push.complete"}
{"time":"2026-07-29T15:27:43","level":"INFO","logger":"watchfiles.main","msg":"3 changes detected"}
{"time":"2026-07-29T15:28:43","level":"INFO","logger":"bess.sync","msg":"sync.push.complete"}
{"time":"2026-07-29T15:28:43","level":"INFO","logger":"watchfiles.main","msg":"3 changes detected"}
{"time":"2026-07-29T15:29:44","level":"INFO","logger":"watchfiles.main","msg":"3 changes detected"}
{"time":"2026-07-29T15:29:44","level":"INFO","logger":"bess.sync","msg":"sync.push.complete"}
{"time":"2026-07-29T15:30:45","level":"INFO","logger":"bess.sync","msg":"sync.push.complete"}
{"time":"2026-07-29T15:30:45","level":"INFO","logger":"watchfiles.main","msg":"3 changes detected"}
{"time":"2026-07-29T15:31:46","level":"INFO","logger":"watchfiles.main","msg":"3 changes detected"}
{"time":"2026-07-29T15:31:46","level":"INFO","logger":"bess.sync","msg":"sync.push.complete"}
{"time":"2026-07-29T15:31:46","level":"INFO","logger":"watchfiles.main","msg":"3 changes detected"}
{"time":"2026-07-29T15:32:47","level":"INFO","logger":"watchfiles.main","msg":"3 changes detected"}
{"time":"2026-07-29T15:32:47","level":"INFO","logger":"bess.sync","msg":"sync.push.complete"}
{"time":"2026-07-29T15:32:47","level":"INFO","logger":"watchfiles.main","msg":"3 changes detected"}
{"time":"2026-07-29T15:33:47","level":"INFO","logger":"bess.sync","msg":"sync.push.complete"}
{"time":"2026-07-29T15:33:48","level":"INFO","logger":"watchfiles.main","msg":"3 changes detected"}
{"time":"2026-07-29T15:34:48","level":"INFO","logger":"bess.sync","msg":"sync.push.complete"}
{"time":"2026-07-29T15:34:48","level":"INFO","logger":"watchfiles.main","msg":"3 changes detected"}
{"time":"2026-07-29T15:35:49","level":"INFO","logger":"bess.sync","msg":"sync.push.complete"}
{"time":"2026-07-29T15:35:49","level":"INFO","logger":"watchfiles.main","msg":"3 changes detected"}
{"time":"2026-07-29T15:36:50","level":"INFO","logger":"bess.sync","msg":"sync.push.complete"}
{"time":"2026-07-29T15:36:50","level":"INFO","logger":"watchfiles.main","msg":"3 changes detected"}
{"time":"2026-07-29T15:37:50","level":"INFO","logger":"bess.sync","msg":"sync.push.complete"}
{"time":"2026-07-29T15:37:50","level":"INFO","logger":"watchfiles.main","msg":"3 changes detected"}
{"time":"2026-07-29T15:38:51","level":"INFO","logger":"watchfiles.main","msg":"3 changes detected"}
{"time":"2026-07-29T15:38:51","level":"INFO","logger":"bess.sync","msg":"sync.push.complete"}
{"time":"2026-07-29T15:38:51","level":"INFO","logger":"watchfiles.main","msg":"3 changes detected"}
{"time":"2026-07-29T15:39:52","level":"INFO","logger":"bess.sync","msg":"sync.push.complete"}
{"time":"2026-07-29T15:39:52","level":"INFO","logger":"watchfiles.main","msg":"3 changes detected"}
{"time":"2026-07-29T15:40:52","level":"INFO","logger":"bess.sync","msg":"sync.push.complete"}
{"time":"2026-07-29T15:40:52","level":"INFO","logger":"watchfiles.main","msg":"3 changes detected"}
{"time":"2026-07-29T15:41:53","level":"INFO","logger":"bess.sync","msg":"sync.push.complete"}
{"time":"2026-07-29T15:41:53","level":"INFO","logger":"watchfiles.main","msg":"3 changes detected"}
{"time":"2026-07-29T15:42:54","level":"INFO","logger":"bess.sync","msg":"sync.push.complete"}
{"time":"2026-07-29T15:42:54","level":"INFO","logger":"watchfiles.main","msg":"3 changes detected"}
{"time":"2026-07-29T15:43:54","level":"INFO","logger":"bess.sync","msg":"sync.push.complete"}
{"time":"2026-07-29T15:43:54","level":"INFO","logger":"watchfiles.main","msg":"3 changes detected"}
{"time":"2026-07-29T15:44:55","level":"INFO","logger":"bess.sync","msg":"sync.push.complete"}
{"time":"2026-07-29T15:44:55","level":"INFO","logger":"watchfiles.main","msg":"3 changes detected"}
{"time":"2026-07-29T15:45:56","level":"INFO","logger":"watchfiles.main","msg":"3 changes detected"}
{"time":"2026-07-29T15:45:56","level":"INFO","logger":"bess.sync","msg":"sync.push.complete"}
{"time":"2026-07-29T15:46:56","level":"INFO","logger":"bess.sync","msg":"sync.push.complete"}
{"time":"2026-07-29T15:46:56","level":"INFO","logger":"watchfiles.main","msg":"3 changes detected"}
{"time":"2026-07-29T15:47:57","level":"INFO","logger":"bess.sync","msg":"sync.push.complete"}
{"time":"2026-07-29T15:47:57","level":"INFO","logger":"watchfiles.main","msg":"3 changes detected"}
{"time":"2026-07-29T15:48:58","level":"INFO","logger":"bess.sync","msg":"sync.push.complete"}
{"time":"2026-07-29T15:48:58","level":"INFO","logger":"watchfiles.main","msg":"3 changes detected"}
{"time":"2026-07-29T15:49:58","level":"INFO","logger":"bess.sync","msg":"sync.push.complete"}
{"time":"2026-07-29T15:49:58","level":"INFO","logger":"watchfiles.main","msg":"3 changes detected"}
{"time":"2026-07-29T15:50:59","level":"INFO","logger":"bess.sync","msg":"sync.push.complete"}
{"time":"2026-07-29T15:50:59","level":"INFO","logger":"watchfiles.main","msg":"3 changes detected"}
{"time":"2026-07-29T15:52:00","level":"INFO","logger":"bess.sync","msg":"sync.push.complete"}
{"time":"2026-07-29T15:52:00","level":"INFO","logger":"watchfiles.main","msg":"3 changes detected"}
{"time":"2026-07-29T15:53:00","level":"INFO","logger":"bess.sync","msg":"sync.push.complete"}
{"time":"2026-07-29T15:53:00","level":"INFO","logger":"watchfiles.main","msg":"3 changes detected"}
{"time":"2026-07-29T15:54:01","level":"INFO","logger":"bess.sync","msg":"sync.push.complete"}
{"time":"2026-07-29T15:54:01","level":"INFO","logger":"watchfiles.main","msg":"3 changes detected"}
{"time":"2026-07-29T15:54:34","level":"INFO","logger":"watchfiles.main","msg":"1 change detected"}
{"time":"2026-07-29T15:55:02","level":"INFO","logger":"bess.sync","msg":"sync.push.complete"}
{"time":"2026-07-29T15:55:02","level":"INFO","logger":"watchfiles.main","msg":"3 changes detected"}
{"time":"2026-07-29T15:56:02","level":"INFO","logger":"watchfiles.main","msg":"3 changes detected"}
{"time":"2026-07-29T15:56:02","level":"INFO","logger":"bess.sync","msg":"sync.push.complete"}
{"time":"2026-07-29T15:57:03","level":"INFO","logger":"bess.sync","msg":"sync.push.complete"}
{"time":"2026-07-29T15:57:03","level":"INFO","logger":"watchfiles.main","msg":"3 changes detected"}
{"time":"2026-07-29T15:58:03","level":"INFO","logger":"bess.sync","msg":"sync.push.complete"}
{"time":"2026-07-29T15:58:03","level":"INFO","logger":"watchfiles.main","msg":"3 changes detected"}
{"time":"2026-07-29T15:59:04","level":"INFO","logger":"watchfiles.main","msg":"3 changes detected"}
{"time":"2026-07-29T15:59:04","level":"INFO","logger":"bess.sync","msg":"sync.push.complete"}
{"time":"2026-07-29T15:59:04","level":"INFO","logger":"watchfiles.main","msg":"2 changes detected"}
{"time":"2026-07-29T16:00:05","level":"INFO","logger":"bess.sync","msg":"sync.push.complete"}
{"time":"2026-07-29T16:00:05","level":"INFO","logger":"watchfiles.main","msg":"3 changes detected"}
{"time":"2026-07-29T16:01:05","level":"INFO","logger":"bess.sync","msg":"sync.push.complete"}
{"time":"2026-07-29T16:01:05","level":"INFO","logger":"watchfiles.main","msg":"3 changes detected"}
{"time":"2026-07-29T16:02:06","level":"INFO","logger":"bess.sync","msg":"sync.push.complete"}
{"time":"2026-07-29T16:02:06","level":"INFO","logger":"watchfiles.main","msg":"3 changes detected"}
{"time":"2026-07-29T16:03:07","level":"INFO","logger":"bess.sync","msg":"sync.push.complete"}
{"time":"2026-07-29T16:03:07","level":"INFO","logger":"watchfiles.main","msg":"3 changes detected"}
{"time":"2026-07-29T16:04:07","level":"INFO","logger":"watchfiles.main","msg":"3 changes detected"}
{"time":"2026-07-29T16:04:07","level":"INFO","logger":"bess.sync","msg":"sync.push.complete"}
{"time":"2026-07-29T16:04:07","level":"INFO","logger":"watchfiles.main","msg":"2 changes detected"}
{"time":"2026-07-29T16:05:08","level":"INFO","logger":"bess.sync","msg":"sync.push.complete"}
{"time":"2026-07-29T16:05:08","level":"INFO","logger":"watchfiles.main","msg":"3 changes detected"}
{"time":"2026-07-29T16:06:08","level":"INFO","logger":"bess.sync","msg":"sync.push.complete"}
{"time":"2026-07-29T16:06:08","level":"INFO","logger":"watchfiles.main","msg":"3 changes detected"}
{"time":"2026-07-29T16:07:09","level":"INFO","logger":"bess.sync","msg":"sync.push.complete"}
{"time":"2026-07-29T16:07:09","level":"INFO","logger":"watchfiles.main","msg":"3 changes detected"}
{"time":"2026-07-29T16:08:09","level":"INFO","logger":"bess.sync","msg":"sync.push.complete"}
{"time":"2026-07-29T16:08:09","level":"INFO","logger":"watchfiles.main","msg":"3 changes detected"}
{"time":"2026-07-29T16:09:10","level":"INFO","logger":"bess.sync","msg":"sync.push.complete"}
{"time":"2026-07-29T16:09:10","level":"INFO","logger":"watchfiles.main","msg":"3 changes detected"}
{"time":"2026-07-29T16:10:11","level":"INFO","logger":"bess.sync","msg":"sync.push.complete"}
{"time":"2026-07-29T16:10:11","level":"INFO","logger":"watchfiles.main","msg":"3 changes detected"}
{"time":"2026-07-29T16:11:11","level":"INFO","logger":"bess.sync","msg":"sync.push.complete"}
{"time":"2026-07-29T16:11:11","level":"INFO","logger":"watchfiles.main","msg":"3 changes detected"}
{"time":"2026-07-29T16:12:12","level":"INFO","logger":"bess.sync","msg":"sync.push.complete"}
{"time":"2026-07-29T16:12:12","level":"INFO","logger":"watchfiles.main","msg":"3 changes detected"}
{"time":"2026-07-29T16:13:13","level":"INFO","logger":"bess.sync","msg":"sync.push.complete"}
{"time":"2026-07-29T16:13:13","level":"INFO","logger":"watchfiles.main","msg":"3 changes detected"}
{"time":"2026-07-29T16:14:13","level":"INFO","logger":"watchfiles.main","msg":"3 changes detected"}
{"time":"2026-07-29T16:14:13","level":"INFO","logger":"bess.sync","msg":"sync.push.complete"}
{"time":"2026-07-29T16:14:14","level":"INFO","logger":"watchfiles.main","msg":"3 changes detected"}
{"time":"2026-07-29T16:15:14","level":"INFO","logger":"bess.sync","msg":"sync.push.complete"}
{"time":"2026-07-29T16:15:14","level":"INFO","logger":"watchfiles.main","msg":"3 changes detected"}
{"time":"2026-07-29T16:16:15","level":"INFO","logger":"watchfiles.main","msg":"3 changes detected"}
{"time":"2026-07-29T16:16:15","level":"INFO","logger":"bess.sync","msg":"sync.push.complete"}
{"time":"2026-07-29T16:16:15","level":"INFO","logger":"watchfiles.main","msg":"3 changes detected"}
{"time":"2026-07-29T16:17:16","level":"INFO","logger":"bess.sync","msg":"sync.push.complete"}
{"time":"2026-07-29T16:17:16","level":"INFO","logger":"watchfiles.main","msg":"3 changes detected"}
{"time":"2026-07-29T16:18:17","level":"INFO","logger":"bess.sync","msg":"sync.push.complete"}
{"time":"2026-07-29T16:18:17","level":"INFO","logger":"watchfiles.main","msg":"3 changes detected"}
{"time":"2026-07-29T16:19:17","level":"INFO","logger":"bess.sync","msg":"sync.push.complete"}
{"time":"2026-07-29T16:19:17","level":"INFO","logger":"watchfiles.main","msg":"3 changes detected"}
{"time":"2026-07-29T16:20:18","level":"INFO","logger":"bess.sync","msg":"sync.push.complete"}
{"time":"2026-07-29T16:20:18","level":"INFO","logger":"watchfiles.main","msg":"3 changes detected"}
{"time":"2026-07-29T16:21:19","level":"INFO","logger":"watchfiles.main","msg":"3 changes detected"}
{"time":"2026-07-29T16:21:19","level":"INFO","logger":"bess.sync","msg":"sync.push.complete"}
{"time":"2026-07-29T16:22:19","level":"INFO","logger":"watchfiles.main","msg":"3 changes detected"}
{"time":"2026-07-29T16:22:19","level":"INFO","logger":"bess.sync","msg":"sync.push.complete"}
{"time":"2026-07-29T16:23:20","level":"INFO","logger":"watchfiles.main","msg":"3 changes detected"}
{"time":"2026-07-29T16:23:20","level":"INFO","logger":"bess.sync","msg":"sync.push.complete"}
{"time":"2026-07-29T16:23:20","level":"INFO","logger":"watchfiles.main","msg":"3 changes detected"}
{"time":"2026-07-29T16:24:21","level":"INFO","logger":"watchfiles.main","msg":"3 changes detected"}
{"time":"2026-07-29T16:24:21","level":"INFO","logger":"bess.sync","msg":"sync.push.complete"}
{"time":"2026-07-29T16:24:21","level":"INFO","logger":"watchfiles.main","msg":"2 changes detected"}
{"time":"2026-07-29T16:24:34","level":"INFO","logger":"watchfiles.main","msg":"1 change detected"}
{"time":"2026-07-29T16:25:21","level":"INFO","logger":"bess.sync","msg":"sync.push.complete"}
{"time":"2026-07-29T16:25:21","level":"INFO","logger":"watchfiles.main","msg":"3 changes detected"}
{"time":"2026-07-29T16:26:22","level":"INFO","logger":"watchfiles.main","msg":"3 changes detected"}
{"time":"2026-07-29T16:26:22","level":"INFO","logger":"bess.sync","msg":"sync.push.complete"}
{"time":"2026-07-29T16:27:23","level":"INFO","logger":"bess.sync","msg":"sync.push.complete"}
{"time":"2026-07-29T16:27:23","level":"INFO","logger":"watchfiles.main","msg":"3 changes detected"}
{"time":"2026-07-29T16:28:23","level":"INFO","logger":"watchfiles.main","msg":"3 changes detected"}
{"time":"2026-07-29T16:28:23","level":"INFO","logger":"bess.sync","msg":"sync.push.complete"}
{"time":"2026-07-29T16:28:24","level":"INFO","logger":"watchfiles.main","msg":"3 changes detected"}
{"time":"2026-07-29T16:29:24","level":"INFO","logger":"watchfiles.main","msg":"3 changes detected"}
{"time":"2026-07-29T16:29:24","level":"INFO","logger":"bess.sync","msg":"sync.push.complete"}
{"time":"2026-07-29T16:29:24","level":"INFO","logger":"watchfiles.main","msg":"3 changes detected"}
{"time":"2026-07-29T16:30:25","level":"INFO","logger":"watchfiles.main","msg":"3 changes detected"}
{"time":"2026-07-29T16:30:25","level":"INFO","logger":"bess.sync","msg":"sync.push.complete"}
{"time":"2026-07-29T16:30:25","level":"INFO","logger":"watchfiles.main","msg":"3 changes detected"}
{"time":"2026-07-29T16:31:25","level":"INFO","logger":"bess.sync","msg":"sync.push.complete"}
{"time":"2026-07-29T16:31:25","level":"INFO","logger":"watchfiles.main","msg":"3 changes detected"}
{"time":"2026-07-29T16:32:26","level":"INFO","logger":"bess.sync","msg":"sync.push.complete"}
{"time":"2026-07-29T16:32:26","level":"INFO","logger":"watchfiles.main","msg":"3 changes detected"}
{"time":"2026-07-29T16:33:27","level":"INFO","logger":"watchfiles.main","msg":"3 changes detected"}
{"time":"2026-07-29T16:33:27","level":"INFO","logger":"bess.sync","msg":"sync.push.complete"}
{"time":"2026-07-29T16:33:27","level":"INFO","logger":"watchfiles.main","msg":"3 changes detected"}
{"time":"2026-07-29T16:34:27","level":"INFO","logger":"bess.sync","msg":"sync.push.complete"}
{"time":"2026-07-29T16:34:27","level":"INFO","logger":"watchfiles.main","msg":"3 changes detected"}
{"time":"2026-07-29T16:35:28","level":"INFO","logger":"watchfiles.main","msg":"3 changes detected"}
{"time":"2026-07-29T16:35:28","level":"INFO","logger":"bess.sync","msg":"sync.push.complete"}
{"time":"2026-07-29T16:35:28","level":"INFO","logger":"watchfiles.main","msg":"3 changes detected"}
{"time":"2026-07-29T16:36:29","level":"INFO","logger":"bess.sync","msg":"sync.push.complete"}
{"time":"2026-07-29T16:36:29","level":"INFO","logger":"watchfiles.main","msg":"3 changes detected"}
{"time":"2026-07-29T16:37:29","level":"INFO","logger":"bess.sync","msg":"sync.push.complete"}
{"time":"2026-07-29T16:37:29","level":"INFO","logger":"watchfiles.main","msg":"3 changes detected"}
{"time":"2026-07-29T16:38:30","level":"INFO","logger":"bess.sync","msg":"sync.push.complete"}
{"time":"2026-07-29T16:38:30","level":"INFO","logger":"watchfiles.main","msg":"3 changes detected"}
{"time":"2026-07-29T16:39:31","level":"INFO","logger":"bess.sync","msg":"sync.push.complete"}
{"time":"2026-07-29T16:39:31","level":"INFO","logger":"watchfiles.main","msg":"3 changes detected"}
{"time":"2026-07-29T16:40:31","level":"INFO","logger":"watchfiles.main","msg":"3 changes detected"}
{"time":"2026-07-29T16:40:31","level":"INFO","logger":"bess.sync","msg":"sync.push.complete"}
{"time":"2026-07-29T16:40:32","level":"INFO","logger":"watchfiles.main","msg":"3 changes detected"}
{"time":"2026-07-29T16:41:32","level":"INFO","logger":"watchfiles.main","msg":"3 changes detected"}
{"time":"2026-07-29T16:41:32","level":"INFO","logger":"bess.sync","msg":"sync.push.complete"}
{"time":"2026-07-29T16:41:32","level":"INFO","logger":"watchfiles.main","msg":"3 changes detected"}
{"time":"2026-07-29T16:42:33","level":"INFO","logger":"bess.sync","msg":"sync.push.complete"}
{"time":"2026-07-29T16:42:33","level":"INFO","logger":"watchfiles.main","msg":"3 changes detected"}
{"time":"2026-07-29T16:43:33","level":"INFO","logger":"bess.sync","msg":"sync.push.complete"}
{"time":"2026-07-29T16:43:33","level":"INFO","logger":"watchfiles.main","msg":"3 changes detected"}
{"time":"2026-07-29T16:44:34","level":"INFO","logger":"bess.sync","msg":"sync.push.complete"}
{"time":"2026-07-29T16:44:34","level":"INFO","logger":"watchfiles.main","msg":"3 changes detected"}
{"time":"2026-07-29T16:45:35","level":"INFO","logger":"bess.sync","msg":"sync.push.complete"}
{"time":"2026-07-29T16:45:35","level":"INFO","logger":"watchfiles.main","msg":"3 changes detected"}
{"time":"2026-07-29T16:46:35","level":"INFO","logger":"bess.sync","msg":"sync.push.complete"}
{"time":"2026-07-29T16:46:35","level":"INFO","logger":"watchfiles.main","msg":"3 changes detected"}
{"time":"2026-07-29T16:47:36","level":"INFO","logger":"bess.sync","msg":"sync.push.complete"}
{"time":"2026-07-29T16:47:36","level":"INFO","logger":"watchfiles.main","msg":"3 changes detected"}
{"time":"2026-07-29T16:48:37","level":"INFO","logger":"bess.sync","msg":"sync.push.complete"}
{"time":"2026-07-29T16:48:37","level":"INFO","logger":"watchfiles.main","msg":"3 changes detected"}
{"time":"2026-07-29T16:49:37","level":"INFO","logger":"bess.sync","msg":"sync.push.complete"}
{"time":"2026-07-29T16:49:37","level":"INFO","logger":"watchfiles.main","msg":"3 changes detected"}
{"time":"2026-07-29T16:50:38","level":"INFO","logger":"watchfiles.main","msg":"3 changes detected"}
{"time":"2026-07-29T16:50:38","level":"INFO","logger":"bess.sync","msg":"sync.push.complete"}
{"time":"2026-07-29T16:50:38","level":"INFO","logger":"watchfiles.main","msg":"3 changes detected"}
{"time":"2026-07-29T16:51:39","level":"INFO","logger":"bess.sync","msg":"sync.push.complete"}
{"time":"2026-07-29T16:51:39","level":"INFO","logger":"watchfiles.main","msg":"3 changes detected"}
{"time":"2026-07-29T16:52:39","level":"INFO","logger":"bess.sync","msg":"sync.push.complete"}
{"time":"2026-07-29T16:52:39","level":"INFO","logger":"watchfiles.main","msg":"3 changes detected"}
{"time":"2026-07-29T16:53:40","level":"INFO","logger":"bess.sync","msg":"sync.push.complete"}
{"time":"2026-07-29T16:53:40","level":"INFO","logger":"watchfiles.main","msg":"3 changes detected"}
{"time":"2026-07-29T16:54:34","level":"INFO","logger":"watchfiles.main","msg":"1 change detected"}
{"time":"2026-07-29T16:54:41","level":"INFO","logger":"bess.sync","msg":"sync.push.complete"}
{"time":"2026-07-29T16:54:41","level":"INFO","logger":"watchfiles.main","msg":"3 changes detected"}
{"time":"2026-07-29T16:55:41","level":"INFO","logger":"bess.sync","msg":"sync.push.complete"}
{"time":"2026-07-29T16:55:41","level":"INFO","logger":"watchfiles.main","msg":"3 changes detected"}
{"time":"2026-07-29T16:56:42","level":"INFO","logger":"bess.sync","msg":"sync.push.complete"}
{"time":"2026-07-29T16:56:42","level":"INFO","logger":"watchfiles.main","msg":"3 changes detected"}
{"time":"2026-07-29T16:57:43","level":"INFO","logger":"bess.sync","msg":"sync.push.complete"}
{"time":"2026-07-29T16:57:43","level":"INFO","logger":"watchfiles.main","msg":"3 changes detected"}
{"time":"2026-07-29T16:58:43","level":"INFO","logger":"bess.sync","msg":"sync.push.complete"}
{"time":"2026-07-29T16:58:43","level":"INFO","logger":"watchfiles.main","msg":"3 changes detected"}
{"time":"2026-07-29T16:59:44","level":"INFO","logger":"watchfiles.main","msg":"3 changes detected"}
{"time":"2026-07-29T16:59:44","level":"INFO","logger":"bess.sync","msg":"sync.push.complete"}
{"time":"2026-07-29T16:59:44","level":"INFO","logger":"watchfiles.main","msg":"3 changes detected"}
{"time":"2026-07-29T17:00:45","level":"INFO","logger":"bess.sync","msg":"sync.push.complete"}
{"time":"2026-07-29T17:00:45","level":"INFO","logger":"watchfiles.main","msg":"3 changes detected"}
{"time":"2026-07-29T17:01:45","level":"INFO","logger":"watchfiles.main","msg":"3 changes detected"}
{"time":"2026-07-29T17:01:45","level":"INFO","logger":"bess.sync","msg":"sync.push.complete"}
{"time":"2026-07-29T17:01:46","level":"INFO","logger":"watchfiles.main","msg":"3 changes detected"}
{"time":"2026-07-29T17:02:46","level":"INFO","logger":"bess.sync","msg":"sync.push.complete"}
{"time":"2026-07-29T17:02:46","level":"INFO","logger":"watchfiles.main","msg":"3 changes detected"}
{"time":"2026-07-29T17:03:47","level":"INFO","logger":"watchfiles.main","msg":"3 changes detected"}
{"time":"2026-07-29T17:03:47","level":"INFO","logger":"bess.sync","msg":"sync.push.complete"}
{"time":"2026-07-29T17:03:47","level":"INFO","logger":"watchfiles.main","msg":"3 changes detected"}
{"time":"2026-07-29T17:04:47","level":"INFO","logger":"bess.sync","msg":"sync.push.complete"}
{"time":"2026-07-29T17:04:47","level":"INFO","logger":"watchfiles.main","msg":"3 changes detected"}
{"time":"2026-07-29T17:05:48","level":"INFO","logger":"bess.sync","msg":"sync.push.complete"}
{"time":"2026-07-29T17:05:48","level":"INFO","logger":"watchfiles.main","msg":"3 changes detected"}
{"time":"2026-07-29T17:06:49","level":"INFO","logger":"bess.sync","msg":"sync.push.complete"}
{"time":"2026-07-29T17:06:49","level":"INFO","logger":"watchfiles.main","msg":"3 changes detected"}
{"time":"2026-07-29T17:07:49","level":"INFO","logger":"bess.sync","msg":"sync.push.complete"}
{"time":"2026-07-29T17:07:49","level":"INFO","logger":"watchfiles.main","msg":"3 changes detected"}
{"time":"2026-07-29T17:08:50","level":"INFO","logger":"bess.sync","msg":"sync.push.complete"}
{"time":"2026-07-29T17:08:50","level":"INFO","logger":"watchfiles.main","msg":"3 changes detected"}
{"time":"2026-07-29T17:09:51","level":"INFO","logger":"bess.sync","msg":"sync.push.complete"}
{"time":"2026-07-29T17:09:51","level":"INFO","logger":"watchfiles.main","msg":"3 changes detected"}
{"time":"2026-07-29T17:10:51","level":"INFO","logger":"bess.sync","msg":"sync.push.complete"}
{"time":"2026-07-29T17:10:51","level":"INFO","logger":"watchfiles.main","msg":"3 changes detected"}
{"time":"2026-07-29T17:11:52","level":"INFO","logger":"bess.sync","msg":"sync.push.complete"}
{"time":"2026-07-29T17:11:52","level":"INFO","logger":"watchfiles.main","msg":"3 changes detected"}
{"time":"2026-07-29T17:12:53","level":"INFO","logger":"watchfiles.main","msg":"3 changes detected"}
{"time":"2026-07-29T17:12:53","level":"INFO","logger":"bess.sync","msg":"sync.push.complete"}
{"time":"2026-07-29T17:12:53","level":"INFO","logger":"watchfiles.main","msg":"3 changes detected"}
{"time":"2026-07-29T17:13:53","level":"INFO","logger":"bess.sync","msg":"sync.push.complete"}
{"time":"2026-07-29T17:13:53","level":"INFO","logger":"watchfiles.main","msg":"3 changes detected"}
{"time":"2026-07-29T17:14:54","level":"INFO","logger":"bess.sync","msg":"sync.push.complete"}
{"time":"2026-07-29T17:14:54","level":"INFO","logger":"watchfiles.main","msg":"3 changes detected"}
{"time":"2026-07-29T17:15:55","level":"INFO","logger":"bess.sync","msg":"sync.push.complete"}
{"time":"2026-07-29T17:15:55","level":"INFO","logger":"watchfiles.main","msg":"3 changes detected"}
{"time":"2026-07-29T17:16:55","level":"INFO","logger":"watchfiles.main","msg":"3 changes detected"}
{"time":"2026-07-29T17:16:55","level":"INFO","logger":"bess.sync","msg":"sync.push.complete"}
{"time":"2026-07-29T17:16:56","level":"INFO","logger":"watchfiles.main","msg":"2 changes detected"}
{"time":"2026-07-29T17:17:56","level":"INFO","logger":"bess.sync","msg":"sync.push.complete"}
{"time":"2026-07-29T17:17:56","level":"INFO","logger":"watchfiles.main","msg":"3 changes detected"}
{"time":"2026-07-29T17:18:57","level":"INFO","logger":"bess.sync","msg":"sync.push.complete"}
{"time":"2026-07-29T17:18:57","level":"INFO","logger":"watchfiles.main","msg":"3 changes detected"}
{"time":"2026-07-29T17:19:57","level":"INFO","logger":"bess.sync","msg":"sync.push.complete"}
{"time":"2026-07-29T17:19:57","level":"INFO","logger":"watchfiles.main","msg":"3 changes detected"}
{"time":"2026-07-29T17:20:58","level":"INFO","logger":"watchfiles.main","msg":"3 changes detected"}
{"time":"2026-07-29T17:20:58","level":"INFO","logger":"bess.sync","msg":"sync.push.complete"}
{"time":"2026-07-29T17:20:58","level":"INFO","logger":"watchfiles.main","msg":"3 changes detected"}
{"time":"2026-07-29T17:21:59","level":"INFO","logger":"bess.sync","msg":"sync.push.complete"}
{"time":"2026-07-29T17:21:59","level":"INFO","logger":"watchfiles.main","msg":"3 changes detected"}
{"time":"2026-07-29T17:22:59","level":"INFO","logger":"bess.sync","msg":"sync.push.complete"}
{"time":"2026-07-29T17:22:59","level":"INFO","logger":"watchfiles.main","msg":"3 changes detected"}
{"time":"2026-07-29T17:24:00","level":"INFO","logger":"bess.sync","msg":"sync.push.complete"}
{"time":"2026-07-29T17:24:00","level":"INFO","logger":"watchfiles.main","msg":"3 changes detected"}
{"time":"2026-07-29T17:25:01","level":"INFO","logger":"bess.sync","msg":"sync.push.complete"}
{"time":"2026-07-29T17:25:01","level":"INFO","logger":"watchfiles.main","msg":"3 changes detected"}
{"time":"2026-07-29T17:26:01","level":"INFO","logger":"bess.sync","msg":"sync.push.complete"}
{"time":"2026-07-29T17:26:01","level":"INFO","logger":"watchfiles.main","msg":"3 changes detected"}
{"time":"2026-07-29T17:27:02","level":"INFO","logger":"watchfiles.main","msg":"3 changes detected"}
{"time":"2026-07-29T17:27:02","level":"INFO","logger":"bess.sync","msg":"sync.push.complete"}
{"time":"2026-07-29T17:27:02","level":"INFO","logger":"watchfiles.main","msg":"3 changes detected"}
{"time":"2026-07-29T17:28:03","level":"INFO","logger":"bess.sync","msg":"sync.push.complete"}
{"time":"2026-07-29T17:28:03","level":"INFO","logger":"watchfiles.main","msg":"3 changes detected"}
{"time":"2026-07-29T17:29:03","level":"INFO","logger":"watchfiles.main","msg":"3 changes detected"}
{"time":"2026-07-29T17:29:03","level":"INFO","logger":"bess.sync","msg":"sync.push.complete"}
{"time":"2026-07-29T17:29:04","level":"INFO","logger":"watchfiles.main","msg":"2 changes detected"}
{"time":"2026-07-29T17:30:04","level":"INFO","logger":"bess.sync","msg":"sync.push.complete"}
{"time":"2026-07-29T17:30:04","level":"INFO","logger":"watchfiles.main","msg":"3 changes detected"}
{"time":"2026-07-29T17:31:05","level":"INFO","logger":"bess.sync","msg":"sync.push.complete"}
{"time":"2026-07-29T17:31:05","level":"INFO","logger":"watchfiles.main","msg":"3 changes detected"}
{"time":"2026-07-29T17:32:05","level":"INFO","logger":"bess.sync","msg":"sync.push.complete"}
{"time":"2026-07-29T17:32:05","level":"INFO","logger":"watchfiles.main","msg":"3 changes detected"}
{"time":"2026-07-29T17:33:06","level":"INFO","logger":"watchfiles.main","msg":"3 changes detected"}
{"time":"2026-07-29T17:33:06","level":"INFO","logger":"bess.sync","msg":"sync.push.complete"}
{"time":"2026-07-29T17:33:06","level":"INFO","logger":"watchfiles.main","msg":"3 changes detected"}
{"time":"2026-07-29T17:34:07","level":"INFO","logger":"bess.sync","msg":"sync.push.complete"}
{"time":"2026-07-29T17:34:07","level":"INFO","logger":"watchfiles.main","msg":"3 changes detected"}
{"time":"2026-07-29T17:35:07","level":"INFO","logger":"bess.sync","msg":"sync.push.complete"}
{"time":"2026-07-29T17:35:07","level":"INFO","logger":"watchfiles.main","msg":"3 changes detected"}
{"time":"2026-07-29T17:36:08","level":"INFO","logger":"bess.sync","msg":"sync.push.complete"}
{"time":"2026-07-29T17:36:08","level":"INFO","logger":"watchfiles.main","msg":"3 changes detected"}
{"time":"2026-07-29T17:37:09","level":"INFO","logger":"bess.sync","msg":"sync.push.complete"}
{"time":"2026-07-29T17:37:09","level":"INFO","logger":"watchfiles.main","msg":"3 changes detected"}
{"time":"2026-07-29T17:38:09","level":"INFO","logger":"bess.sync","msg":"sync.push.complete"}
{"time":"2026-07-29T17:38:09","level":"INFO","logger":"watchfiles.main","msg":"3 changes detected"}
{"time":"2026-07-29T17:39:10","level":"INFO","logger":"bess.sync","msg":"sync.push.complete"}
{"time":"2026-07-29T17:39:10","level":"INFO","logger":"watchfiles.main","msg":"3 changes detected"}
{"time":"2026-07-29T17:40:11","level":"INFO","logger":"bess.sync","msg":"sync.push.complete"}
{"time":"2026-07-29T17:40:11","level":"INFO","logger":"watchfiles.main","msg":"3 changes detected"}
{"time":"2026-07-29T17:41:11","level":"INFO","logger":"bess.sync","msg":"sync.push.complete"}
{"time":"2026-07-29T17:41:11","level":"INFO","logger":"watchfiles.main","msg":"3 changes detected"}
{"time":"2026-07-29T17:42:12","level":"INFO","logger":"watchfiles.main","msg":"3 changes detected"}
{"time":"2026-07-29T17:42:12","level":"INFO","logger":"bess.sync","msg":"sync.push.complete"}
{"time":"2026-07-29T17:42:12","level":"INFO","logger":"watchfiles.main","msg":"3 changes detected"}
{"time":"2026-07-29T17:43:13","level":"INFO","logger":"watchfiles.main","msg":"3 changes detected"}
{"time":"2026-07-29T17:43:13","level":"INFO","logger":"bess.sync","msg":"sync.push.complete"}
{"time":"2026-07-29T17:43:13","level":"INFO","logger":"watchfiles.main","msg":"3 changes detected"}
{"time":"2026-07-29T17:44:13","level":"INFO","logger":"bess.sync","msg":"sync.push.complete"}
{"time":"2026-07-29T17:44:13","level":"INFO","logger":"watchfiles.main","msg":"3 changes detected"}
{"time":"2026-07-29T17:45:14","level":"INFO","logger":"bess.sync","msg":"sync.push.complete"}
{"time":"2026-07-29T17:45:14","level":"INFO","logger":"watchfiles.main","msg":"3 changes detected"}
{"time":"2026-07-29T17:46:15","level":"INFO","logger":"watchfiles.main","msg":"3 changes detected"}
{"time":"2026-07-29T17:46:15","level":"INFO","logger":"bess.sync","msg":"sync.push.complete"}
{"time":"2026-07-29T17:46:15","level":"INFO","logger":"watchfiles.main","msg":"2 changes detected"}
{"time":"2026-07-29T17:47:15","level":"INFO","logger":"bess.sync","msg":"sync.push.complete"}
{"time":"2026-07-29T17:47:15","level":"INFO","logger":"watchfiles.main","msg":"3 changes detected"}
{"time":"2026-07-29T17:48:16","level":"INFO","logger":"bess.sync","msg":"sync.push.complete"}
{"time":"2026-07-29T17:48:16","level":"INFO","logger":"watchfiles.main","msg":"3 changes detected"}
{"time":"2026-07-29T17:49:17","level":"INFO","logger":"bess.sync","msg":"sync.push.complete"}
{"time":"2026-07-29T17:49:17","level":"INFO","logger":"watchfiles.main","msg":"3 changes detected"}
{"time":"2026-07-29T17:50:17","level":"INFO","logger":"bess.sync","msg":"sync.push.complete"}
{"time":"2026-07-29T17:50:17","level":"INFO","logger":"watchfiles.main","msg":"3 changes detected"}
{"time":"2026-07-29T17:51:18","level":"INFO","logger":"bess.sync","msg":"sync.push.complete"}
{"time":"2026-07-29T17:51:18","level":"INFO","logger":"watchfiles.main","msg":"3 changes detected"}
{"time":"2026-07-29T17:52:19","level":"INFO","logger":"watchfiles.main","msg":"3 changes detected"}
{"time":"2026-07-29T17:52:19","level":"INFO","logger":"bess.sync","msg":"sync.push.complete"}
{"time":"2026-07-29T17:52:19","level":"INFO","logger":"watchfiles.main","msg":"3 changes detected"}
{"time":"2026-07-29T17:53:19","level":"INFO","logger":"bess.sync","msg":"sync.push.complete"}
{"time":"2026-07-29T17:53:19","level":"INFO","logger":"watchfiles.main","msg":"3 changes detected"}
{"time":"2026-07-29T17:54:20","level":"INFO","logger":"bess.sync","msg":"sync.push.complete"}
{"time":"2026-07-29T17:54:20","level":"INFO","logger":"watchfiles.main","msg":"3 changes detected"}
{"time":"2026-07-29T17:54:35","level":"INFO","logger":"watchfiles.main","msg":"1 change detected"}
{"time":"2026-07-29T17:55:21","level":"INFO","logger":"bess.sync","msg":"sync.push.complete"}
{"time":"2026-07-29T17:55:21","level":"INFO","logger":"watchfiles.main","msg":"3 changes detected"}
{"time":"2026-07-29T17:56:21","level":"INFO","logger":"bess.sync","msg":"sync.push.complete"}
{"time":"2026-07-29T17:56:21","level":"INFO","logger":"watchfiles.main","msg":"3 changes detected"}
{"time":"2026-07-29T17:57:22","level":"INFO","logger":"bess.sync","msg":"sync.push.complete"}
{"time":"2026-07-29T17:57:22","level":"INFO","logger":"watchfiles.main","msg":"3 changes detected"}
{"time":"2026-07-29T17:58:23","level":"INFO","logger":"bess.sync","msg":"sync.push.complete"}
{"time":"2026-07-29T17:58:23","level":"INFO","logger":"watchfiles.main","msg":"3 changes detected"}
{"time":"2026-07-29T17:59:23","level":"INFO","logger":"bess.sync","msg":"sync.push.complete"}
{"time":"2026-07-29T17:59:23","level":"INFO","logger":"watchfiles.main","msg":"3 changes detected"}
{"time":"2026-07-29T18:00:24","level":"INFO","logger":"bess.sync","msg":"sync.push.complete"}
{"time":"2026-07-29T18:00:24","level":"INFO","logger":"watchfiles.main","msg":"3 changes detected"}
{"time":"2026-07-29T18:01:25","level":"INFO","logger":"bess.sync","msg":"sync.push.complete"}
{"time":"2026-07-29T18:01:25","level":"INFO","logger":"watchfiles.main","msg":"3 changes detected"}
{"time":"2026-07-29T18:02:25","level":"INFO","logger":"bess.sync","msg":"sync.push.complete"}
{"time":"2026-07-29T18:02:25","level":"INFO","logger":"watchfiles.main","msg":"3 changes detected"}
{"time":"2026-07-29T18:03:26","level":"INFO","logger":"bess.sync","msg":"sync.push.complete"}
{"time":"2026-07-29T18:03:26","level":"INFO","logger":"watchfiles.main","msg":"3 changes detected"}
{"time":"2026-07-29T18:04:27","level":"INFO","logger":"bess.sync","msg":"sync.push.complete"}
{"time":"2026-07-29T18:04:27","level":"INFO","logger":"watchfiles.main","msg":"3 changes detected"}
{"time":"2026-07-29T18:05:27","level":"INFO","logger":"watchfiles.main","msg":"3 changes detected"}
{"time":"2026-07-29T18:05:27","level":"INFO","logger":"bess.sync","msg":"sync.push.complete"}
{"time":"2026-07-29T18:05:28","level":"INFO","logger":"watchfiles.main","msg":"3 changes detected"}
{"time":"2026-07-29T18:06:28","level":"INFO","logger":"bess.sync","msg":"sync.push.complete"}
{"time":"2026-07-29T18:06:28","level":"INFO","logger":"watchfiles.main","msg":"3 changes detected"}
{"time":"2026-07-29T18:07:29","level":"INFO","logger":"bess.sync","msg":"sync.push.complete"}
{"time":"2026-07-29T18:07:29","level":"INFO","logger":"watchfiles.main","msg":"3 changes detected"}
{"time":"2026-07-29T18:08:29","level":"INFO","logger":"bess.sync","msg":"sync.push.complete"}
{"time":"2026-07-29T18:08:29","level":"INFO","logger":"watchfiles.main","msg":"3 changes detected"}
{"time":"2026-07-29T18:09:30","level":"INFO","logger":"bess.sync","msg":"sync.push.complete"}
{"time":"2026-07-29T18:09:30","level":"INFO","logger":"watchfiles.main","msg":"3 changes detected"}
{"time":"2026-07-29T18:10:31","level":"INFO","logger":"bess.sync","msg":"sync.push.complete"}
{"time":"2026-07-29T18:10:31","level":"INFO","logger":"watchfiles.main","msg":"3 changes detected"}
{"time":"2026-07-29T18:11:31","level":"INFO","logger":"bess.sync","msg":"sync.push.complete"}
{"time":"2026-07-29T18:11:31","level":"INFO","logger":"watchfiles.main","msg":"3 changes detected"}
{"time":"2026-07-29T18:12:32","level":"INFO","logger":"watchfiles.main","msg":"3 changes detected"}
{"time":"2026-07-29T18:12:32","level":"INFO","logger":"bess.sync","msg":"sync.push.complete"}
{"time":"2026-07-29T18:12:32","level":"INFO","logger":"watchfiles.main","msg":"3 changes detected"}
{"time":"2026-07-29T18:13:33","level":"INFO","logger":"bess.sync","msg":"sync.push.complete"}
{"time":"2026-07-29T18:13:33","level":"INFO","logger":"watchfiles.main","msg":"3 changes detected"}
{"time":"2026-07-29T18:14:33","level":"INFO","logger":"watchfiles.main","msg":"3 changes detected"}
{"time":"2026-07-29T18:14:33","level":"INFO","logger":"bess.sync","msg":"sync.push.complete"}
{"time":"2026-07-29T18:14:34","level":"INFO","logger":"watchfiles.main","msg":"2 changes detected"}
{"time":"2026-07-29T18:15:34","level":"INFO","logger":"bess.sync","msg":"sync.push.complete"}
{"time":"2026-07-29T18:15:34","level":"INFO","logger":"watchfiles.main","msg":"3 changes detected"}
{"time":"2026-07-29T18:16:35","level":"INFO","logger":"watchfiles.main","msg":"3 changes detected"}
{"time":"2026-07-29T18:16:35","level":"INFO","logger":"bess.sync","msg":"sync.push.complete"}
{"time":"2026-07-29T18:16:35","level":"INFO","logger":"watchfiles.main","msg":"2 changes detected"}
{"time":"2026-07-29T18:17:35","level":"INFO","logger":"bess.sync","msg":"sync.push.complete"}
{"time":"2026-07-29T18:17:35","level":"INFO","logger":"watchfiles.main","msg":"3 changes detected"}
{"time":"2026-07-29T18:18:36","level":"INFO","logger":"bess.sync","msg":"sync.push.complete"}
{"time":"2026-07-29T18:18:36","level":"INFO","logger":"watchfiles.main","msg":"3 changes detected"}
{"time":"2026-07-29T18:19:37","level":"INFO","logger":"bess.sync","msg":"sync.push.complete"}
{"time":"2026-07-29T18:19:37","level":"INFO","logger":"watchfiles.main","msg":"3 changes detected"}
{"time":"2026-07-29T18:20:37","level":"INFO","logger":"bess.sync","msg":"sync.push.complete"}
{"time":"2026-07-29T18:20:37","level":"INFO","logger":"watchfiles.main","msg":"3 changes detected"}
{"time":"2026-07-29T18:21:38","level":"INFO","logger":"bess.sync","msg":"sync.push.complete"}
{"time":"2026-07-29T18:21:38","level":"INFO","logger":"watchfiles.main","msg":"3 changes detected"}
{"time":"2026-07-29T18:22:39","level":"INFO","logger":"bess.sync","msg":"sync.push.complete"}
{"time":"2026-07-29T18:22:39","level":"INFO","logger":"watchfiles.main","msg":"3 changes detected"}
{"time":"2026-07-29T18:23:39","level":"INFO","logger":"watchfiles.main","msg":"3 changes detected"}
{"time":"2026-07-29T18:23:39","level":"INFO","logger":"bess.sync","msg":"sync.push.complete"}
{"time":"2026-07-29T18:23:40","level":"INFO","logger":"watchfiles.main","msg":"1 change detected"}
{"time":"2026-07-29T18:24:34","level":"INFO","logger":"watchfiles.main","msg":"1 change detected"}
{"time":"2026-07-29T18:24:40","level":"INFO","logger":"bess.sync","msg":"sync.push.complete"}
{"time":"2026-07-29T18:24:40","level":"INFO","logger":"watchfiles.main","msg":"3 changes detected"}
{"time":"2026-07-29T18:25:41","level":"INFO","logger":"watchfiles.main","msg":"3 changes detected"}
{"time":"2026-07-29T18:25:41","level":"INFO","logger":"bess.sync","msg":"sync.push.complete"}
{"time":"2026-07-29T18:25:41","level":"INFO","logger":"watchfiles.main","msg":"3 changes detected"}
{"time":"2026-07-29T18:26:41","level":"INFO","logger":"bess.sync","msg":"sync.push.complete"}
{"time":"2026-07-29T18:26:41","level":"INFO","logger":"watchfiles.main","msg":"3 changes detected"}
{"time":"2026-07-29T18:27:42","level":"INFO","logger":"bess.sync","msg":"sync.push.complete"}
{"time":"2026-07-29T18:27:42","level":"INFO","logger":"watchfiles.main","msg":"3 changes detected"}
{"time":"2026-07-29T18:28:43","level":"INFO","logger":"bess.sync","msg":"sync.push.complete"}
{"time":"2026-07-29T18:28:43","level":"INFO","logger":"watchfiles.main","msg":"3 changes detected"}
{"time":"2026-07-29T18:29:43","level":"INFO","logger":"bess.sync","msg":"sync.push.complete"}
{"time":"2026-07-29T18:29:43","level":"INFO","logger":"watchfiles.main","msg":"3 changes detected"}
{"time":"2026-07-29T18:30:44","level":"INFO","logger":"bess.sync","msg":"sync.push.complete"}
{"time":"2026-07-29T18:30:44","level":"INFO","logger":"watchfiles.main","msg":"3 changes detected"}
{"time":"2026-07-29T18:31:45","level":"INFO","logger":"watchfiles.main","msg":"3 changes detected"}
{"time":"2026-07-29T18:31:45","level":"INFO","logger":"bess.sync","msg":"sync.push.complete"}
{"time":"2026-07-29T18:31:45","level":"INFO","logger":"watchfiles.main","msg":"3 changes detected"}
{"time":"2026-07-29T18:32:45","level":"INFO","logger":"watchfiles.main","msg":"3 changes detected"}
{"time":"2026-07-29T18:32:45","level":"INFO","logger":"bess.sync","msg":"sync.push.complete"}
{"time":"2026-07-29T18:32:46","level":"INFO","logger":"watchfiles.main","msg":"3 changes detected"}
{"time":"2026-07-29T18:33:46","level":"INFO","logger":"watchfiles.main","msg":"3 changes detected"}
{"time":"2026-07-29T18:33:46","level":"INFO","logger":"bess.sync","msg":"sync.push.complete"}
{"time":"2026-07-29T18:33:46","level":"INFO","logger":"watchfiles.main","msg":"2 changes detected"}
{"time":"2026-07-29T18:34:47","level":"INFO","logger":"watchfiles.main","msg":"3 changes detected"}
{"time":"2026-07-29T18:34:47","level":"INFO","logger":"bess.sync","msg":"sync.push.complete"}
{"time":"2026-07-29T18:34:47","level":"INFO","logger":"watchfiles.main","msg":"3 changes detected"}
{"time":"2026-07-29T18:35:47","level":"INFO","logger":"bess.sync","msg":"sync.push.complete"}
{"time":"2026-07-29T18:35:47","level":"INFO","logger":"watchfiles.main","msg":"3 changes detected"}
{"time":"2026-07-29T18:36:48","level":"INFO","logger":"bess.sync","msg":"sync.push.complete"}
{"time":"2026-07-29T18:36:48","level":"INFO","logger":"watchfiles.main","msg":"3 changes detected"}
{"time":"2026-07-29T18:37:49","level":"INFO","logger":"watchfiles.main","msg":"3 changes detected"}
{"time":"2026-07-29T18:37:49","level":"INFO","logger":"bess.sync","msg":"sync.push.complete"}
{"time":"2026-07-29T18:37:49","level":"INFO","logger":"watchfiles.main","msg":"3 changes detected"}
{"time":"2026-07-29T18:38:49","level":"INFO","logger":"bess.sync","msg":"sync.push.complete"}
{"time":"2026-07-29T18:38:49","level":"INFO","logger":"watchfiles.main","msg":"3 changes detected"}
{"time":"2026-07-29T18:39:50","level":"INFO","logger":"bess.sync","msg":"sync.push.complete"}
{"time":"2026-07-29T18:39:50","level":"INFO","logger":"watchfiles.main","msg":"3 changes detected"}
{"time":"2026-07-29T18:40:51","level":"INFO","logger":"bess.sync","msg":"sync.push.complete"}
{"time":"2026-07-29T18:40:51","level":"INFO","logger":"watchfiles.main","msg":"3 changes detected"}
{"time":"2026-07-29T18:41:51","level":"INFO","logger":"bess.sync","msg":"sync.push.complete"}
{"time":"2026-07-29T18:41:51","level":"INFO","logger":"watchfiles.main","msg":"3 changes detected"}
{"time":"2026-07-29T18:42:52","level":"INFO","logger":"watchfiles.main","msg":"3 changes detected"}
{"time":"2026-07-29T18:42:52","level":"INFO","logger":"bess.sync","msg":"sync.push.complete"}
{"time":"2026-07-29T18:42:52","level":"INFO","logger":"watchfiles.main","msg":"3 changes detected"}
{"time":"2026-07-29T18:43:53","level":"INFO","logger":"bess.sync","msg":"sync.push.complete"}
{"time":"2026-07-29T18:43:53","level":"INFO","logger":"watchfiles.main","msg":"3 changes detected"}
{"time":"2026-07-29T18:44:53","level":"INFO","logger":"bess.sync","msg":"sync.push.complete"}
{"time":"2026-07-29T18:44:53","level":"INFO","logger":"watchfiles.main","msg":"3 changes detected"}
{"time":"2026-07-29T18:45:54","level":"INFO","logger":"bess.sync","msg":"sync.push.complete"}
{"time":"2026-07-29T18:45:54","level":"INFO","logger":"watchfiles.main","msg":"3 changes detected"}
{"time":"2026-07-29T18:46:55","level":"INFO","logger":"bess.sync","msg":"sync.push.complete"}
{"time":"2026-07-29T18:46:55","level":"INFO","logger":"watchfiles.main","msg":"3 changes detected"}
{"time":"2026-07-29T18:47:56","level":"INFO","logger":"bess.sync","msg":"sync.push.complete"}
{"time":"2026-07-29T18:47:56","level":"INFO","logger":"watchfiles.main","msg":"3 changes detected"}
{"time":"2026-07-29T18:48:56","level":"INFO","logger":"bess.sync","msg":"sync.push.complete"}
{"time":"2026-07-29T18:48:56","level":"INFO","logger":"watchfiles.main","msg":"3 changes detected"}
{"time":"2026-07-29T18:49:57","level":"INFO","logger":"bess.sync","msg":"sync.push.complete"}
{"time":"2026-07-29T18:49:57","level":"INFO","logger":"watchfiles.main","msg":"3 changes detected"}
{"time":"2026-07-29T18:50:57","level":"INFO","logger":"bess.sync","msg":"sync.push.complete"}
{"time":"2026-07-29T18:50:57","level":"INFO","logger":"watchfiles.main","msg":"3 changes detected"}
{"time":"2026-07-29T18:51:58","level":"INFO","logger":"bess.sync","msg":"sync.push.complete"}
{"time":"2026-07-29T18:51:58","level":"INFO","logger":"watchfiles.main","msg":"3 changes detected"}
{"time":"2026-07-29T18:52:59","level":"INFO","logger":"watchfiles.main","msg":"3 changes detected"}
{"time":"2026-07-29T18:52:59","level":"INFO","logger":"bess.sync","msg":"sync.push.complete"}
{"time":"2026-07-29T18:52:59","level":"INFO","logger":"watchfiles.main","msg":"3 changes detected"}
{"time":"2026-07-29T18:53:59","level":"INFO","logger":"bess.sync","msg":"sync.push.complete"}
{"time":"2026-07-29T18:54:00","level":"INFO","logger":"watchfiles.main","msg":"3 changes detected"}
{"time":"2026-07-29T18:54:35","level":"INFO","logger":"watchfiles.main","msg":"1 change detected"}
{"time":"2026-07-29T18:55:00","level":"INFO","logger":"bess.sync","msg":"sync.push.complete"}
{"time":"2026-07-29T18:55:00","level":"INFO","logger":"watchfiles.main","msg":"3 changes detected"}
{"time":"2026-07-29T18:56:01","level":"INFO","logger":"bess.sync","msg":"sync.push.complete"}
{"time":"2026-07-29T18:56:01","level":"INFO","logger":"watchfiles.main","msg":"3 changes detected"}
{"time":"2026-07-29T18:57:02","level":"INFO","logger":"bess.sync","msg":"sync.push.complete"}
{"time":"2026-07-29T18:57:02","level":"INFO","logger":"watchfiles.main","msg":"3 changes detected"}
{"time":"2026-07-29T18:58:02","level":"INFO","logger":"bess.sync","msg":"sync.push.complete"}
{"time":"2026-07-29T18:58:02","level":"INFO","logger":"watchfiles.main","msg":"3 changes detected"}
{"time":"2026-07-29T18:59:03","level":"INFO","logger":"watchfiles.main","msg":"3 changes detected"}
{"time":"2026-07-29T18:59:03","level":"INFO","logger":"bess.sync","msg":"sync.push.complete"}
{"time":"2026-07-29T18:59:03","level":"INFO","logger":"watchfiles.main","msg":"2 changes detected"}
{"time":"2026-07-29T19:00:03","level":"INFO","logger":"bess.sync","msg":"sync.push.complete"}
{"time":"2026-07-29T19:00:03","level":"INFO","logger":"watchfiles.main","msg":"3 changes detected"}
{"time":"2026-07-29T19:01:04","level":"INFO","logger":"watchfiles.main","msg":"3 changes detected"}
{"time":"2026-07-29T19:01:04","level":"INFO","logger":"bess.sync","msg":"sync.push.complete"}
{"time":"2026-07-29T19:02:05","level":"INFO","logger":"bess.sync","msg":"sync.push.complete"}
{"time":"2026-07-29T19:02:05","level":"INFO","logger":"watchfiles.main","msg":"3 changes detected"}
{"time":"2026-07-29T19:03:05","level":"INFO","logger":"bess.sync","msg":"sync.push.complete"}
{"time":"2026-07-29T19:03:05","level":"INFO","logger":"watchfiles.main","msg":"3 changes detected"}
{"time":"2026-07-29T19:04:06","level":"INFO","logger":"bess.sync","msg":"sync.push.complete"}
{"time":"2026-07-29T19:04:06","level":"INFO","logger":"watchfiles.main","msg":"3 changes detected"}
{"time":"2026-07-29T19:05:07","level":"INFO","logger":"watchfiles.main","msg":"3 changes detected"}
{"time":"2026-07-29T19:05:07","level":"INFO","logger":"bess.sync","msg":"sync.push.complete"}
{"time":"2026-07-29T19:05:07","level":"INFO","logger":"watchfiles.main","msg":"3 changes detected"}
{"time":"2026-07-29T19:06:07","level":"INFO","logger":"bess.sync","msg":"sync.push.complete"}
{"time":"2026-07-29T19:06:07","level":"INFO","logger":"watchfiles.main","msg":"3 changes detected"}
{"time":"2026-07-29T19:07:08","level":"INFO","logger":"bess.sync","msg":"sync.push.complete"}
{"time":"2026-07-29T19:07:08","level":"INFO","logger":"watchfiles.main","msg":"3 changes detected"}
{"time":"2026-07-29T19:08:09","level":"INFO","logger":"watchfiles.main","msg":"3 changes detected"}
{"time":"2026-07-29T19:08:09","level":"INFO","logger":"bess.sync","msg":"sync.push.complete"}
{"time":"2026-07-29T19:08:09","level":"INFO","logger":"watchfiles.main","msg":"3 changes detected"}
{"time":"2026-07-29T19:09:09","level":"INFO","logger":"bess.sync","msg":"sync.push.complete"}
{"time":"2026-07-29T19:09:09","level":"INFO","logger":"watchfiles.main","msg":"3 changes detected"}
{"time":"2026-07-29T19:10:10","level":"INFO","logger":"bess.sync","msg":"sync.push.complete"}
{"time":"2026-07-29T19:10:10","level":"INFO","logger":"watchfiles.main","msg":"3 changes detected"}
{"time":"2026-07-29T19:11:11","level":"INFO","logger":"watchfiles.main","msg":"3 changes detected"}
{"time":"2026-07-29T19:11:11","level":"INFO","logger":"bess.sync","msg":"sync.push.complete"}
{"time":"2026-07-29T19:11:11","level":"INFO","logger":"watchfiles.main","msg":"3 changes detected"}
{"time":"2026-07-29T19:12:11","level":"INFO","logger":"bess.sync","msg":"sync.push.complete"}
{"time":"2026-07-29T19:12:11","level":"INFO","logger":"watchfiles.main","msg":"3 changes detected"}
{"time":"2026-07-29T19:13:12","level":"INFO","logger":"bess.sync","msg":"sync.push.complete"}
{"time":"2026-07-29T19:13:12","level":"INFO","logger":"watchfiles.main","msg":"3 changes detected"}
{"time":"2026-07-29T19:14:13","level":"INFO","logger":"watchfiles.main","msg":"3 changes detected"}
{"time":"2026-07-29T19:14:13","level":"INFO","logger":"bess.sync","msg":"sync.push.complete"}
{"time":"2026-07-29T19:14:13","level":"INFO","logger":"watchfiles.main","msg":"3 changes detected"}
{"time":"2026-07-29T19:15:13","level":"INFO","logger":"bess.sync","msg":"sync.push.complete"}
{"time":"2026-07-29T19:15:13","level":"INFO","logger":"watchfiles.main","msg":"3 changes detected"}
{"time":"2026-07-29T19:16:14","level":"INFO","logger":"bess.sync","msg":"sync.push.complete"}
{"time":"2026-07-29T19:16:14","level":"INFO","logger":"watchfiles.main","msg":"3 changes detected"}
{"time":"2026-07-29T19:17:15","level":"INFO","logger":"watchfiles.main","msg":"3 changes detected"}
{"time":"2026-07-29T19:17:15","level":"INFO","logger":"bess.sync","msg":"sync.push.complete"}
{"time":"2026-07-29T19:17:15","level":"INFO","logger":"watchfiles.main","msg":"3 changes detected"}
{"time":"2026-07-29T19:18:15","level":"INFO","logger":"bess.sync","msg":"sync.push.complete"}
{"time":"2026-07-29T19:18:15","level":"INFO","logger":"watchfiles.main","msg":"3 changes detected"}
{"time":"2026-07-29T19:19:16","level":"INFO","logger":"bess.sync","msg":"sync.push.complete"}
{"time":"2026-07-29T19:19:16","level":"INFO","logger":"watchfiles.main","msg":"3 changes detected"}
{"time":"2026-07-29T19:20:17","level":"INFO","logger":"watchfiles.main","msg":"3 changes detected"}
{"time":"2026-07-29T19:20:17","level":"INFO","logger":"bess.sync","msg":"sync.push.complete"}
{"time":"2026-07-29T19:20:17","level":"INFO","logger":"watchfiles.main","msg":"3 changes detected"}
{"time":"2026-07-29T19:21:17","level":"INFO","logger":"watchfiles.main","msg":"3 changes detected"}
{"time":"2026-07-29T19:21:17","level":"INFO","logger":"bess.sync","msg":"sync.push.complete"}
{"time":"2026-07-29T19:21:18","level":"INFO","logger":"watchfiles.main","msg":"1 change detected"}
{"time":"2026-07-29T19:22:18","level":"INFO","logger":"bess.sync","msg":"sync.push.complete"}
{"time":"2026-07-29T19:22:18","level":"INFO","logger":"watchfiles.main","msg":"3 changes detected"}
{"time":"2026-07-29T19:23:19","level":"INFO","logger":"bess.sync","msg":"sync.push.complete"}
{"time":"2026-07-29T19:23:19","level":"INFO","logger":"watchfiles.main","msg":"3 changes detected"}
{"time":"2026-07-29T19:24:19","level":"INFO","logger":"bess.sync","msg":"sync.push.complete"}
{"time":"2026-07-29T19:24:19","level":"INFO","logger":"watchfiles.main","msg":"3 changes detected"}
{"time":"2026-07-29T19:24:34","level":"INFO","logger":"watchfiles.main","msg":"1 change detected"}
{"time":"2026-07-29T19:25:20","level":"INFO","logger":"bess.sync","msg":"sync.push.complete"}
{"time":"2026-07-29T19:25:20","level":"INFO","logger":"watchfiles.main","msg":"3 changes detected"}
{"time":"2026-07-29T19:26:21","level":"INFO","logger":"bess.sync","msg":"sync.push.complete"}
{"time":"2026-07-29T19:26:21","level":"INFO","logger":"watchfiles.main","msg":"3 changes detected"}
{"time":"2026-07-29T19:27:21","level":"INFO","logger":"watchfiles.main","msg":"3 changes detected"}
{"time":"2026-07-29T19:27:22","level":"INFO","logger":"bess.sync","msg":"sync.push.complete"}
{"time":"2026-07-29T19:27:22","level":"INFO","logger":"watchfiles.main","msg":"2 changes detected"}
{"time":"2026-07-29T19:54:34","level":"INFO","logger":"watchfiles.main","msg":"1 change detected"}
{"time":"2026-07-29T19:54:35","level":"INFO","logger":"watchfiles.main","msg":"1 change detected"}
{"time":"2026-07-29T19:54:36","level":"INFO","logger":"watchfiles.main","msg":"1 change detected"}
{"time":"2026-07-29T20:49:24","level":"INFO","logger":"watchfiles.main","msg":"1 change detected"}
{"time":"2026-07-30T11:56:35","level":"INFO","logger":"watchfiles.main","msg":"1 change detected"}
{"time":"2026-07-30T11:56:35","level":"INFO","logger":"watchfiles.main","msg":"1 change detected"}
{"time":"2026-07-30T11:56:36","level":"INFO","logger":"watchfiles.main","msg":"1 change detected"}
{"time":"2026-07-30T11:57:12","level":"INFO","logger":"watchfiles.main","msg":"1 change detected"}
{"time":"2026-07-30T11:57:12","level":"INFO","logger":"watchfiles.main","msg":"1 change detected"}
{"time":"2026-07-30T11:57:35","level":"INFO","logger":"watchfiles.main","msg":"3 changes detected"}
{"time":"2026-07-30T11:57:35","level":"INFO","logger":"bess.sync","msg":"sync.push.complete"}
{"time":"2026-07-30T11:57:35","level":"INFO","logger":"watchfiles.main","msg":"4 changes detected"}
{"time":"2026-07-30T11:57:46","level":"INFO","logger":"watchfiles.main","msg":"1 change detected"}
{"time":"2026-07-30T11:58:36","level":"INFO","logger":"watchfiles.main","msg":"3 changes detected"}
{"time":"2026-07-30T11:58:36","level":"INFO","logger":"bess.sync","msg":"sync.push.complete"}
{"time":"2026-07-30T11:58:36","level":"INFO","logger":"watchfiles.main","msg":"3 changes detected"}
{"time":"2026-07-30T11:59:37","level":"INFO","logger":"bess.sync","msg":"sync.push.complete"}
{"time":"2026-07-30T11:59:37","level":"INFO","logger":"watchfiles.main","msg":"3 changes detected"}
{"time":"2026-07-30T12:00:32","level":"INFO","logger":"watchfiles.main","msg":"1 change detected"}
{"time":"2026-07-30T12:00:38","level":"INFO","logger":"bess.sync","msg":"sync.push.complete"}
{"time":"2026-07-30T12:00:38","level":"INFO","logger":"watchfiles.main","msg":"3 changes detected"}
{"time":"2026-07-30T12:01:38","level":"INFO","logger":"bess.sync","msg":"sync.push.complete"}
{"time":"2026-07-30T12:01:39","level":"INFO","logger":"watchfiles.main","msg":"3 changes detected"}
{"time":"2026-07-30T12:02:39","level":"INFO","logger":"bess.sync","msg":"sync.push.complete"}
{"time":"2026-07-30T12:02:39","level":"INFO","logger":"watchfiles.main","msg":"3 changes detected"}
{"time":"2026-07-30T12:03:40","level":"INFO","logger":"bess.sync","msg":"sync.push.complete"}
{"time":"2026-07-30T12:03:40","level":"INFO","logger":"watchfiles.main","msg":"3 changes detected"}
{"time":"2026-07-30T12:04:41","level":"INFO","logger":"watchfiles.main","msg":"3 changes detected"}
{"time":"2026-07-30T12:04:41","level":"INFO","logger":"bess.sync","msg":"sync.push.complete"}
{"time":"2026-07-30T12:04:41","level":"INFO","logger":"watchfiles.main","msg":"3 changes detected"}
{"time":"2026-07-30T12:05:42","level":"INFO","logger":"bess.sync","msg":"sync.push.complete"}
{"time":"2026-07-30T12:05:42","level":"INFO","logger":"watchfiles.main","msg":"3 changes detected"}
{"time":"2026-07-30T12:06:43","level":"INFO","logger":"bess.sync","msg":"sync.push.complete"}
{"time":"2026-07-30T12:06:43","level":"INFO","logger":"watchfiles.main","msg":"3 changes detected"}
{"time":"2026-07-30T12:07:43","level":"INFO","logger":"bess.sync","msg":"sync.push.complete"}
{"time":"2026-07-30T12:07:43","level":"INFO","logger":"watchfiles.main","msg":"3 changes detected"}
{"time":"2026-07-30T12:08:44","level":"INFO","logger":"bess.sync","msg":"sync.push.complete"}
{"time":"2026-07-30T12:08:44","level":"INFO","logger":"watchfiles.main","msg":"3 changes detected"}
{"time":"2026-07-30T12:09:45","level":"INFO","logger":"bess.sync","msg":"sync.push.complete"}
{"time":"2026-07-30T12:09:45","level":"INFO","logger":"watchfiles.main","msg":"3 changes detected"}
{"time":"2026-07-30T12:10:46","level":"INFO","logger":"watchfiles.main","msg":"3 changes detected"}
{"time":"2026-07-30T12:10:46","level":"INFO","logger":"bess.sync","msg":"sync.push.complete"}
{"time":"2026-07-30T12:10:46","level":"INFO","logger":"watchfiles.main","msg":"2 changes detected"}
{"time":"2026-07-30T12:11:47","level":"INFO","logger":"bess.sync","msg":"sync.push.complete"}
{"time":"2026-07-30T12:11:47","level":"INFO","logger":"watchfiles.main","msg":"3 changes detected"}
{"time":"2026-07-30T12:12:48","level":"INFO","logger":"bess.sync","msg":"sync.push.complete"}
{"time":"2026-07-30T12:12:48","level":"INFO","logger":"watchfiles.main","msg":"3 changes detected"}
{"time":"2026-07-30T12:13:48","level":"INFO","logger":"bess.sync","msg":"sync.push.complete"}
{"time":"2026-07-30T12:13:48","level":"INFO","logger":"watchfiles.main","msg":"3 changes detected"}
{"time":"2026-07-30T12:14:49","level":"INFO","logger":"bess.sync","msg":"sync.push.complete"}
{"time":"2026-07-30T12:14:49","level":"INFO","logger":"watchfiles.main","msg":"3 changes detected"}
{"time":"2026-07-30T12:15:50","level":"INFO","logger":"bess.sync","msg":"sync.push.complete"}
{"time":"2026-07-30T12:15:50","level":"INFO","logger":"watchfiles.main","msg":"3 changes detected"}
{"time":"2026-07-30T12:16:50","level":"INFO","logger":"bess.sync","msg":"sync.push.complete"}
{"time":"2026-07-30T12:16:50","level":"INFO","logger":"watchfiles.main","msg":"3 changes detected"}
{"time":"2026-07-30T12:17:51","level":"INFO","logger":"watchfiles.main","msg":"3 changes detected"}
{"time":"2026-07-30T12:17:51","level":"INFO","logger":"bess.sync","msg":"sync.push.complete"}
{"time":"2026-07-30T12:17:52","level":"INFO","logger":"watchfiles.main","msg":"3 changes detected"}
{"time":"2026-07-30T12:18:52","level":"INFO","logger":"bess.sync","msg":"sync.push.complete"}
{"time":"2026-07-30T12:18:52","level":"INFO","logger":"watchfiles.main","msg":"3 changes detected"}
{"time":"2026-07-30T12:19:53","level":"INFO","logger":"bess.sync","msg":"sync.push.complete"}
{"time":"2026-07-30T12:19:53","level":"INFO","logger":"watchfiles.main","msg":"3 changes detected"}
{"time":"2026-07-30T12:20:53","level":"INFO","logger":"bess.sync","msg":"sync.push.complete"}
{"time":"2026-07-30T12:20:53","level":"INFO","logger":"watchfiles.main","msg":"3 changes detected"}
{"time":"2026-07-30T12:21:54","level":"INFO","logger":"bess.sync","msg":"sync.push.complete"}
{"time":"2026-07-30T12:21:54","level":"INFO","logger":"watchfiles.main","msg":"3 changes detected"}
{"time":"2026-07-30T12:22:55","level":"INFO","logger":"bess.sync","msg":"sync.push.complete"}
{"time":"2026-07-30T12:22:55","level":"INFO","logger":"watchfiles.main","msg":"3 changes detected"}
{"time":"2026-07-30T12:23:55","level":"INFO","logger":"bess.sync","msg":"sync.push.complete"}
{"time":"2026-07-30T12:23:55","level":"INFO","logger":"watchfiles.main","msg":"3 changes detected"}
{"time":"2026-07-30T12:24:56","level":"INFO","logger":"bess.sync","msg":"sync.push.complete"}
{"time":"2026-07-30T12:24:56","level":"INFO","logger":"watchfiles.main","msg":"3 changes detected"}
{"time":"2026-07-30T12:25:34","level":"INFO","logger":"watchfiles.main","msg":"1 change detected"}
{"time":"2026-07-30T12:25:57","level":"INFO","logger":"bess.sync","msg":"sync.push.complete"}
{"time":"2026-07-30T12:25:57","level":"INFO","logger":"watchfiles.main","msg":"3 changes detected"}
{"time":"2026-07-30T12:26:58","level":"INFO","logger":"bess.sync","msg":"sync.push.complete"}
{"time":"2026-07-30T12:26:58","level":"INFO","logger":"watchfiles.main","msg":"3 changes detected"}
{"time":"2026-07-30T12:27:58","level":"INFO","logger":"bess.sync","msg":"sync.push.complete"}
{"time":"2026-07-30T12:27:58","level":"INFO","logger":"watchfiles.main","msg":"3 changes detected"}
{"time":"2026-07-30T12:28:59","level":"INFO","logger":"watchfiles.main","msg":"3 changes detected"}
{"time":"2026-07-30T12:28:59","level":"INFO","logger":"bess.sync","msg":"sync.push.complete"}
{"time":"2026-07-30T12:28:59","level":"INFO","logger":"watchfiles.main","msg":"3 changes detected"}
{"time":"2026-07-30T12:30:00","level":"INFO","logger":"bess.sync","msg":"sync.push.complete"}
{"time":"2026-07-30T12:30:00","level":"INFO","logger":"watchfiles.main","msg":"3 changes detected"}
{"time":"2026-07-30T12:31:00","level":"INFO","logger":"bess.sync","msg":"sync.push.complete"}
{"time":"2026-07-30T12:31:00","level":"INFO","logger":"watchfiles.main","msg":"3 changes detected"}
{"time":"2026-07-30T12:32:01","level":"INFO","logger":"bess.sync","msg":"sync.push.complete"}
{"time":"2026-07-30T12:32:01","level":"INFO","logger":"watchfiles.main","msg":"3 changes detected"}
{"time":"2026-07-30T12:33:02","level":"INFO","logger":"bess.sync","msg":"sync.push.complete"}
{"time":"2026-07-30T12:33:02","level":"INFO","logger":"watchfiles.main","msg":"3 changes detected"}
{"time":"2026-07-30T12:34:03","level":"INFO","logger":"bess.sync","msg":"sync.push.complete"}
{"time":"2026-07-30T12:34:03","level":"INFO","logger":"watchfiles.main","msg":"3 changes detected"}
{"time":"2026-07-30T12:35:03","level":"INFO","logger":"bess.sync","msg":"sync.push.complete"}
{"time":"2026-07-30T12:35:03","level":"INFO","logger":"watchfiles.main","msg":"3 changes detected"}
{"time":"2026-07-30T12:36:04","level":"INFO","logger":"bess.sync","msg":"sync.push.complete"}
{"time":"2026-07-30T12:36:04","level":"INFO","logger":"watchfiles.main","msg":"3 changes detected"}
{"time":"2026-07-30T12:37:05","level":"INFO","logger":"bess.sync","msg":"sync.push.complete"}
{"time":"2026-07-30T12:37:05","level":"INFO","logger":"watchfiles.main","msg":"3 changes detected"}
{"time":"2026-07-30T12:38:06","level":"INFO","logger":"watchfiles.main","msg":"3 changes detected"}
{"time":"2026-07-30T12:38:06","level":"INFO","logger":"bess.sync","msg":"sync.push.complete"}
{"time":"2026-07-30T12:38:06","level":"INFO","logger":"watchfiles.main","msg":"3 changes detected"}
{"time":"2026-07-30T12:39:06","level":"INFO","logger":"bess.sync","msg":"sync.push.complete"}
{"time":"2026-07-30T12:39:06","level":"INFO","logger":"watchfiles.main","msg":"3 changes detected"}
{"time":"2026-07-30T12:40:07","level":"INFO","logger":"bess.sync","msg":"sync.push.complete"}
{"time":"2026-07-30T12:40:07","level":"INFO","logger":"watchfiles.main","msg":"3 changes detected"}
{"time":"2026-07-30T12:41:08","level":"INFO","logger":"bess.sync","msg":"sync.push.complete"}
{"time":"2026-07-30T12:41:08","level":"INFO","logger":"watchfiles.main","msg":"3 changes detected"}
{"time":"2026-07-30T12:42:08","level":"INFO","logger":"bess.sync","msg":"sync.push.complete"}
{"time":"2026-07-30T12:42:09","level":"INFO","logger":"watchfiles.main","msg":"3 changes detected"}
{"time":"2026-07-30T12:43:09","level":"INFO","logger":"bess.sync","msg":"sync.push.complete"}
{"time":"2026-07-30T12:43:09","level":"INFO","logger":"watchfiles.main","msg":"3 changes detected"}
{"time":"2026-07-30T12:44:10","level":"INFO","logger":"watchfiles.main","msg":"3 changes detected"}
{"time":"2026-07-30T12:44:10","level":"INFO","logger":"bess.sync","msg":"sync.push.complete"}
{"time":"2026-07-30T12:44:10","level":"INFO","logger":"watchfiles.main","msg":"3 changes detected"}
{"time":"2026-07-30T12:45:11","level":"INFO","logger":"watchfiles.main","msg":"3 changes detected"}
{"time":"2026-07-30T12:45:11","level":"INFO","logger":"bess.sync","msg":"sync.push.complete"}
{"time":"2026-07-30T12:45:11","level":"INFO","logger":"watchfiles.main","msg":"3 changes detected"}
{"time":"2026-07-30T12:46:11","level":"INFO","logger":"bess.sync","msg":"sync.push.complete"}
{"time":"2026-07-30T12:46:11","level":"INFO","logger":"watchfiles.main","msg":"3 changes detected"}
{"time":"2026-07-30T12:47:12","level":"INFO","logger":"watchfiles.main","msg":"3 changes detected"}
{"time":"2026-07-30T12:47:12","level":"INFO","logger":"bess.sync","msg":"sync.push.complete"}
{"time":"2026-07-30T12:47:13","level":"INFO","logger":"watchfiles.main","msg":"2 changes detected"}
{"time":"2026-07-30T12:48:13","level":"INFO","logger":"bess.sync","msg":"sync.push.complete"}
{"time":"2026-07-30T12:48:13","level":"INFO","logger":"watchfiles.main","msg":"3 changes detected"}
{"time":"2026-07-30T12:49:14","level":"INFO","logger":"bess.sync","msg":"sync.push.complete"}
{"time":"2026-07-30T12:49:14","level":"INFO","logger":"watchfiles.main","msg":"3 changes detected"}
{"time":"2026-07-30T12:50:14","level":"INFO","logger":"bess.sync","msg":"sync.push.complete"}
{"time":"2026-07-30T12:50:14","level":"INFO","logger":"watchfiles.main","msg":"3 changes detected"}
{"time":"2026-07-30T12:51:15","level":"INFO","logger":"watchfiles.main","msg":"3 changes detected"}
{"time":"2026-07-30T12:51:15","level":"INFO","logger":"bess.sync","msg":"sync.push.complete"}
{"time":"2026-07-30T12:51:16","level":"INFO","logger":"watchfiles.main","msg":"3 changes detected"}
{"time":"2026-07-30T12:52:17","level":"INFO","logger":"bess.sync","msg":"sync.push.complete"}
{"time":"2026-07-30T12:52:17","level":"INFO","logger":"watchfiles.main","msg":"3 changes detected"}
{"time":"2026-07-30T12:53:18","level":"INFO","logger":"bess.sync","msg":"sync.push.complete"}
{"time":"2026-07-30T12:53:18","level":"INFO","logger":"watchfiles.main","msg":"3 changes detected"}
{"time":"2026-07-30T12:54:22","level":"INFO","logger":"watchfiles.main","msg":"3 changes detected"}
{"time":"2026-07-30T12:54:22","level":"INFO","logger":"bess.sync","msg":"sync.push.complete"}
{"time":"2026-07-30T12:54:22","level":"INFO","logger":"watchfiles.main","msg":"1 change detected"}
{"time":"2026-07-30T13:52:59","level":"INFO","logger":"watchfiles.main","msg":"1 change detected"}
{"time":"2026-07-30T13:53:00","level":"INFO","logger":"watchfiles.main","msg":"1 change detected"}
{"time":"2026-07-30T13:53:00","level":"INFO","logger":"watchfiles.main","msg":"4 changes detected"}
{"time":"2026-07-30T13:53:00","level":"INFO","logger":"bess.sync","msg":"sync.push.complete"}
{"time":"2026-07-30T13:53:00","level":"INFO","logger":"watchfiles.main","msg":"4 changes detected"}
{"time":"2026-07-30T13:54:01","level":"INFO","logger":"watchfiles.main","msg":"3 changes detected"}
{"time":"2026-07-30T13:54:01","level":"INFO","logger":"bess.sync","msg":"sync.push.complete"}
{"time":"2026-07-30T13:55:02","level":"INFO","logger":"watchfiles.main","msg":"3 changes detected"}
{"time":"2026-07-30T13:55:02","level":"INFO","logger":"bess.sync","msg":"sync.push.complete"}
{"time":"2026-07-30T13:55:02","level":"INFO","logger":"watchfiles.main","msg":"3 changes detected"}
{"time":"2026-07-30T13:56:02","level":"INFO","logger":"bess.sync","msg":"sync.push.complete"}
{"time":"2026-07-30T13:56:02","level":"INFO","logger":"watchfiles.main","msg":"3 changes detected"}
{"time":"2026-07-30T13:57:03","level":"INFO","logger":"bess.sync","msg":"sync.push.complete"}
{"time":"2026-07-30T13:57:03","level":"INFO","logger":"watchfiles.main","msg":"3 changes detected"}
{"time":"2026-07-30T13:58:04","level":"INFO","logger":"bess.sync","msg":"sync.push.complete"}
{"time":"2026-07-30T13:58:04","level":"INFO","logger":"watchfiles.main","msg":"3 changes detected"}
{"time":"2026-07-30T13:59:05","level":"INFO","logger":"bess.sync","msg":"sync.push.complete"}
{"time":"2026-07-30T13:59:05","level":"INFO","logger":"watchfiles.main","msg":"3 changes detected"}
{"time":"2026-07-30T14:00:05","level":"INFO","logger":"watchfiles.main","msg":"3 changes detected"}
{"time":"2026-07-30T14:00:05","level":"INFO","logger":"bess.sync","msg":"sync.push.complete"}
{"time":"2026-07-30T14:00:06","level":"INFO","logger":"watchfiles.main","msg":"3 changes detected"}
{"time":"2026-07-30T14:01:06","level":"INFO","logger":"watchfiles.main","msg":"3 changes detected"}
{"time":"2026-07-30T14:01:06","level":"INFO","logger":"bess.sync","msg":"sync.push.complete"}
{"time":"2026-07-30T14:01:07","level":"INFO","logger":"watchfiles.main","msg":"3 changes detected"}
{"time":"2026-07-30T14:02:07","level":"INFO","logger":"bess.sync","msg":"sync.push.complete"}
{"time":"2026-07-30T14:02:07","level":"INFO","logger":"watchfiles.main","msg":"3 changes detected"}
{"time":"2026-07-30T14:03:08","level":"INFO","logger":"bess.sync","msg":"sync.push.complete"}
{"time":"2026-07-30T14:03:08","level":"INFO","logger":"watchfiles.main","msg":"3 changes detected"}
{"time":"2026-07-30T14:04:09","level":"INFO","logger":"watchfiles.main","msg":"3 changes detected"}
{"time":"2026-07-30T14:04:09","level":"INFO","logger":"bess.sync","msg":"sync.push.complete"}
{"time":"2026-07-30T14:04:09","level":"INFO","logger":"watchfiles.main","msg":"3 changes detected"}
{"time":"2026-07-30T14:05:10","level":"INFO","logger":"watchfiles.main","msg":"3 changes detected"}
{"time":"2026-07-30T14:05:10","level":"INFO","logger":"bess.sync","msg":"sync.push.complete"}
{"time":"2026-07-30T14:05:10","level":"INFO","logger":"watchfiles.main","msg":"3 changes detected"}
{"time":"2026-07-30T14:06:11","level":"INFO","logger":"watchfiles.main","msg":"3 changes detected"}
{"time":"2026-07-30T14:06:11","level":"INFO","logger":"bess.sync","msg":"sync.push.complete"}
{"time":"2026-07-30T14:06:11","level":"INFO","logger":"watchfiles.main","msg":"1 change detected"}
{"time":"2026-07-30T14:07:11","level":"INFO","logger":"bess.sync","msg":"sync.push.complete"}
{"time":"2026-07-30T14:07:11","level":"INFO","logger":"watchfiles.main","msg":"3 changes detected"}
{"time":"2026-07-30T14:08:12","level":"INFO","logger":"watchfiles.main","msg":"3 changes detected"}
{"time":"2026-07-30T14:08:12","level":"INFO","logger":"bess.sync","msg":"sync.push.complete"}
{"time":"2026-07-30T14:08:13","level":"INFO","logger":"watchfiles.main","msg":"3 changes detected"}
{"time":"2026-07-30T14:09:13","level":"INFO","logger":"watchfiles.main","msg":"3 changes detected"}
{"time":"2026-07-30T14:09:13","level":"INFO","logger":"bess.sync","msg":"sync.push.complete"}
{"time":"2026-07-30T14:09:14","level":"INFO","logger":"watchfiles.main","msg":"3 changes detected"}
{"time":"2026-07-30T14:10:14","level":"INFO","logger":"watchfiles.main","msg":"3 changes detected"}
{"time":"2026-07-30T14:10:14","level":"INFO","logger":"bess.sync","msg":"sync.push.complete"}
{"time":"2026-07-30T14:10:15","level":"INFO","logger":"watchfiles.main","msg":"3 changes detected"}
{"time":"2026-07-30T14:11:15","level":"INFO","logger":"bess.sync","msg":"sync.push.complete"}
{"time":"2026-07-30T14:11:15","level":"INFO","logger":"watchfiles.main","msg":"3 changes detected"}
{"time":"2026-07-30T14:12:16","level":"INFO","logger":"watchfiles.main","msg":"3 changes detected"}
{"time":"2026-07-30T14:12:16","level":"INFO","logger":"bess.sync","msg":"sync.push.complete"}
{"time":"2026-07-30T14:12:16","level":"INFO","logger":"watchfiles.main","msg":"3 changes detected"}
{"time":"2026-07-30T14:13:17","level":"INFO","logger":"bess.sync","msg":"sync.push.complete"}
{"time":"2026-07-30T14:13:17","level":"INFO","logger":"watchfiles.main","msg":"3 changes detected"}
{"time":"2026-07-30T14:14:18","level":"INFO","logger":"watchfiles.main","msg":"3 changes detected"}
{"time":"2026-07-30T14:14:18","level":"INFO","logger":"bess.sync","msg":"sync.push.complete"}
{"time":"2026-07-30T14:14:18","level":"INFO","logger":"watchfiles.main","msg":"1 change detected"}
{"time":"2026-07-30T14:15:19","level":"INFO","logger":"bess.sync","msg":"sync.push.complete"}
{"time":"2026-07-30T14:15:19","level":"INFO","logger":"watchfiles.main","msg":"3 changes detected"}
{"time":"2026-07-30T14:16:19","level":"INFO","logger":"watchfiles.main","msg":"3 changes detected"}
{"time":"2026-07-30T14:16:19","level":"INFO","logger":"bess.sync","msg":"sync.push.complete"}
{"time":"2026-07-30T14:16:20","level":"INFO","logger":"watchfiles.main","msg":"3 changes detected"}
{"time":"2026-07-30T14:17:20","level":"INFO","logger":"watchfiles.main","msg":"3 changes detected"}
{"time":"2026-07-30T14:18:21","level":"INFO","logger":"bess.sync","msg":"sync.push.complete"}
{"time":"2026-07-30T14:18:21","level":"INFO","logger":"watchfiles.main","msg":"3 changes detected"}
{"time":"2026-07-30T14:19:22","level":"INFO","logger":"watchfiles.main","msg":"3 changes detected"}
{"time":"2026-07-30T14:19:22","level":"INFO","logger":"bess.sync","msg":"sync.push.complete"}
{"time":"2026-07-30T14:19:22","level":"INFO","logger":"watchfiles.main","msg":"3 changes detected"}
{"time":"2026-07-30T14:20:23","level":"INFO","logger":"watchfiles.main","msg":"3 changes detected"}
{"time":"2026-07-30T14:20:23","level":"INFO","logger":"bess.sync","msg":"sync.push.complete"}
{"time":"2026-07-30T14:20:23","level":"INFO","logger":"watchfiles.main","msg":"2 changes detected"}
{"time":"2026-07-30T14:21:24","level":"INFO","logger":"watchfiles.main","msg":"3 changes detected"}
{"time":"2026-07-30T14:21:24","level":"INFO","logger":"bess.sync","msg":"sync.push.complete"}
{"time":"2026-07-30T14:21:24","level":"INFO","logger":"watchfiles.main","msg":"3 changes detected"}
{"time":"2026-07-30T14:22:25","level":"INFO","logger":"bess.sync","msg":"sync.push.complete"}
{"time":"2026-07-30T14:22:25","level":"INFO","logger":"watchfiles.main","msg":"3 changes detected"}
{"time":"2026-07-30T14:23:25","level":"INFO","logger":"watchfiles.main","msg":"3 changes detected"}
{"time":"2026-07-30T14:23:25","level":"INFO","logger":"bess.sync","msg":"sync.push.complete"}
{"time":"2026-07-30T14:23:26","level":"INFO","logger":"watchfiles.main","msg":"3 changes detected"}
{"time":"2026-07-30T14:24:26","level":"INFO","logger":"watchfiles.main","msg":"3 changes detected"}
{"time":"2026-07-30T14:24:26","level":"INFO","logger":"bess.sync","msg":"sync.push.complete"}
{"time":"2026-07-30T14:24:26","level":"INFO","logger":"watchfiles.main","msg":"3 changes detected"}
{"time":"2026-07-30T14:25:27","level":"INFO","logger":"watchfiles.main","msg":"3 changes detected"}
{"time":"2026-07-30T14:25:27","level":"INFO","logger":"bess.sync","msg":"sync.push.complete"}
{"time":"2026-07-30T14:25:27","level":"INFO","logger":"watchfiles.main","msg":"3 changes detected"}
{"time":"2026-07-30T14:26:27","level":"INFO","logger":"bess.sync","msg":"sync.push.complete"}
{"time":"2026-07-30T14:26:27","level":"INFO","logger":"watchfiles.main","msg":"3 changes detected"}
{"time":"2026-07-30T14:27:28","level":"INFO","logger":"watchfiles.main","msg":"3 changes detected"}
{"time":"2026-07-30T14:27:28","level":"INFO","logger":"bess.sync","msg":"sync.push.complete"}
{"time":"2026-07-30T14:27:28","level":"INFO","logger":"watchfiles.main","msg":"3 changes detected"}
{"time":"2026-07-30T14:28:29","level":"INFO","logger":"watchfiles.main","msg":"3 changes detected"}
{"time":"2026-07-30T14:28:29","level":"INFO","logger":"bess.sync","msg":"sync.push.complete"}
{"time":"2026-07-30T14:28:29","level":"INFO","logger":"watchfiles.main","msg":"3 changes detected"}
{"time":"2026-07-30T14:29:29","level":"INFO","logger":"bess.sync","msg":"sync.push.complete"}
{"time":"2026-07-30T14:29:29","level":"INFO","logger":"watchfiles.main","msg":"3 changes detected"}
{"time":"2026-07-30T14:30:30","level":"INFO","logger":"bess.sync","msg":"sync.push.complete"}
{"time":"2026-07-30T14:30:30","level":"INFO","logger":"watchfiles.main","msg":"3 changes detected"}
{"time":"2026-07-30T14:31:30","level":"INFO","logger":"watchfiles.main","msg":"3 changes detected"}
{"time":"2026-07-30T14:31:31","level":"INFO","logger":"bess.sync","msg":"sync.push.complete"}
{"time":"2026-07-30T14:31:31","level":"INFO","logger":"watchfiles.main","msg":"3 changes detected"}
{"time":"2026-07-30T14:32:31","level":"INFO","logger":"watchfiles.main","msg":"3 changes detected"}
{"time":"2026-07-30T14:32:31","level":"INFO","logger":"bess.sync","msg":"sync.push.complete"}
{"time":"2026-07-30T14:32:32","level":"INFO","logger":"watchfiles.main","msg":"4 changes detected"}
{"time":"2026-07-30T14:33:32","level":"INFO","logger":"watchfiles.main","msg":"3 changes detected"}
{"time":"2026-07-30T14:33:32","level":"INFO","logger":"bess.sync","msg":"sync.push.complete"}
{"time":"2026-07-30T14:33:33","level":"INFO","logger":"watchfiles.main","msg":"3 changes detected"}
{"time":"2026-07-30T14:34:33","level":"INFO","logger":"watchfiles.main","msg":"3 changes detected"}
{"time":"2026-07-30T14:34:33","level":"INFO","logger":"bess.sync","msg":"sync.push.complete"}
{"time":"2026-07-30T14:34:33","level":"INFO","logger":"watchfiles.main","msg":"3 changes detected"}
{"time":"2026-07-30T14:35:34","level":"INFO","logger":"watchfiles.main","msg":"3 changes detected"}
{"time":"2026-07-30T14:35:34","level":"INFO","logger":"bess.sync","msg":"sync.push.complete"}
{"time":"2026-07-30T14:35:34","level":"INFO","logger":"watchfiles.main","msg":"3 changes detected"}
{"time":"2026-07-30T14:36:35","level":"INFO","logger":"watchfiles.main","msg":"3 changes detected"}
{"time":"2026-07-30T14:36:35","level":"INFO","logger":"bess.sync","msg":"sync.push.complete"}
{"time":"2026-07-30T14:36:35","level":"INFO","logger":"watchfiles.main","msg":"4 changes detected"}
{"time":"2026-07-30T14:36:54","level":"INFO","logger":"watchfiles.main","msg":"1 change detected"}
{"time":"2026-07-30T14:37:36","level":"INFO","logger":"watchfiles.main","msg":"3 changes detected"}
{"time":"2026-07-30T14:37:36","level":"INFO","logger":"bess.sync","msg":"sync.push.complete"}
{"time":"2026-07-30T14:38:36","level":"INFO","logger":"watchfiles.main","msg":"3 changes detected"}
{"time":"2026-07-30T14:38:37","level":"INFO","logger":"bess.sync","msg":"sync.push.complete"}
{"time":"2026-07-30T14:38:37","level":"INFO","logger":"watchfiles.main","msg":"3 changes detected"}
{"time":"2026-07-30T14:39:37","level":"INFO","logger":"watchfiles.main","msg":"3 changes detected"}
{"time":"2026-07-30T14:39:37","level":"INFO","logger":"bess.sync","msg":"sync.push.complete"}
{"time":"2026-07-30T14:39:38","level":"INFO","logger":"watchfiles.main","msg":"4 changes detected"}
{"time":"2026-07-30T14:40:38","level":"INFO","logger":"watchfiles.main","msg":"3 changes detected"}
{"time":"2026-07-30T14:40:38","level":"INFO","logger":"bess.sync","msg":"sync.push.complete"}
{"time":"2026-07-30T14:40:38","level":"INFO","logger":"watchfiles.main","msg":"3 changes detected"}
{"time":"2026-07-30T14:41:39","level":"INFO","logger":"watchfiles.main","msg":"3 changes detected"}
{"time":"2026-07-30T14:41:39","level":"INFO","logger":"bess.sync","msg":"sync.push.complete"}
{"time":"2026-07-30T14:41:39","level":"INFO","logger":"watchfiles.main","msg":"4 changes detected"}
{"time":"2026-07-30T14:42:40","level":"INFO","logger":"watchfiles.main","msg":"3 changes detected"}
{"time":"2026-07-30T14:42:40","level":"INFO","logger":"bess.sync","msg":"sync.push.complete"}
{"time":"2026-07-30T14:42:40","level":"INFO","logger":"watchfiles.main","msg":"3 changes detected"}
{"time":"2026-07-30T14:43:41","level":"INFO","logger":"watchfiles.main","msg":"3 changes detected"}
{"time":"2026-07-30T14:43:41","level":"INFO","logger":"bess.sync","msg":"sync.push.complete"}
{"time":"2026-07-30T14:43:41","level":"INFO","logger":"watchfiles.main","msg":"4 changes detected"}
{"time":"2026-07-30T14:44:42","level":"INFO","logger":"watchfiles.main","msg":"3 changes detected"}
{"time":"2026-07-30T14:44:42","level":"INFO","logger":"bess.sync","msg":"sync.push.complete"}
{"time":"2026-07-30T14:44:42","level":"INFO","logger":"watchfiles.main","msg":"3 changes detected"}
{"time":"2026-07-30T14:45:42","level":"INFO","logger":"watchfiles.main","msg":"3 changes detected"}
{"time":"2026-07-30T14:45:42","level":"INFO","logger":"bess.sync","msg":"sync.push.complete"}
{"time":"2026-07-30T14:45:43","level":"INFO","logger":"watchfiles.main","msg":"3 changes detected"}
{"time":"2026-07-30T14:46:43","level":"INFO","logger":"watchfiles.main","msg":"3 changes detected"}
{"time":"2026-07-30T14:46:43","level":"INFO","logger":"bess.sync","msg":"sync.push.complete"}
{"time":"2026-07-30T14:46:44","level":"INFO","logger":"watchfiles.main","msg":"3 changes detected"}
{"time":"2026-07-30T14:47:44","level":"INFO","logger":"watchfiles.main","msg":"3 changes detected"}
{"time":"2026-07-30T14:47:44","level":"INFO","logger":"bess.sync","msg":"sync.push.complete"}
{"time":"2026-07-30T14:47:44","level":"INFO","logger":"watchfiles.main","msg":"4 changes detected"}
{"time":"2026-07-30T14:48:45","level":"INFO","logger":"watchfiles.main","msg":"3 changes detected"}
{"time":"2026-07-30T14:48:45","level":"INFO","logger":"bess.sync","msg":"sync.push.complete"}
{"time":"2026-07-30T14:48:45","level":"INFO","logger":"watchfiles.main","msg":"3 changes detected"}
{"time":"2026-07-30T14:49:46","level":"INFO","logger":"watchfiles.main","msg":"3 changes detected"}
{"time":"2026-07-30T14:49:46","level":"INFO","logger":"bess.sync","msg":"sync.push.complete"}
{"time":"2026-07-30T14:49:46","level":"INFO","logger":"watchfiles.main","msg":"3 changes detected"}
{"time":"2026-07-30T14:50:47","level":"INFO","logger":"watchfiles.main","msg":"3 changes detected"}
{"time":"2026-07-30T14:50:47","level":"INFO","logger":"bess.sync","msg":"sync.push.complete"}
{"time":"2026-07-30T14:50:47","level":"INFO","logger":"watchfiles.main","msg":"2 changes detected"}
{"time":"2026-07-30T14:51:48","level":"INFO","logger":"watchfiles.main","msg":"3 changes detected"}
{"time":"2026-07-30T14:51:48","level":"INFO","logger":"bess.sync","msg":"sync.push.complete"}
{"time":"2026-07-30T14:51:48","level":"INFO","logger":"watchfiles.main","msg":"3 changes detected"}
{"time":"2026-07-30T14:52:49","level":"INFO","logger":"watchfiles.main","msg":"3 changes detected"}
{"time":"2026-07-30T14:52:49","level":"INFO","logger":"bess.sync","msg":"sync.push.complete"}
{"time":"2026-07-30T14:52:49","level":"INFO","logger":"watchfiles.main","msg":"4 changes detected"}
{"time":"2026-07-30T14:53:49","level":"INFO","logger":"watchfiles.main","msg":"3 changes detected"}
{"time":"2026-07-30T14:53:50","level":"INFO","logger":"bess.sync","msg":"sync.push.complete"}
{"time":"2026-07-30T14:53:50","level":"INFO","logger":"watchfiles.main","msg":"3 changes detected"}
{"time":"2026-07-30T14:54:50","level":"INFO","logger":"watchfiles.main","msg":"3 changes detected"}
{"time":"2026-07-30T14:54:50","level":"INFO","logger":"bess.sync","msg":"sync.push.complete"}
{"time":"2026-07-30T14:54:51","level":"INFO","logger":"watchfiles.main","msg":"3 changes detected"}
{"time":"2026-07-30T14:55:51","level":"INFO","logger":"watchfiles.main","msg":"3 changes detected"}
{"time":"2026-07-30T14:55:51","level":"INFO","logger":"bess.sync","msg":"sync.push.complete"}
{"time":"2026-07-30T14:55:51","level":"INFO","logger":"watchfiles.main","msg":"4 changes detected"}
{"time":"2026-07-30T14:56:52","level":"INFO","logger":"watchfiles.main","msg":"3 changes detected"}
{"time":"2026-07-30T14:56:52","level":"INFO","logger":"bess.sync","msg":"sync.push.complete"}
{"time":"2026-07-30T14:56:52","level":"INFO","logger":"watchfiles.main","msg":"3 changes detected"}
{"time":"2026-07-30T14:57:53","level":"INFO","logger":"watchfiles.main","msg":"3 changes detected"}
{"time":"2026-07-30T14:57:53","level":"INFO","logger":"bess.sync","msg":"sync.push.complete"}
{"time":"2026-07-30T14:57:53","level":"INFO","logger":"watchfiles.main","msg":"3 changes detected"}
{"time":"2026-07-30T14:58:53","level":"INFO","logger":"watchfiles.main","msg":"3 changes detected"}
{"time":"2026-07-30T14:58:53","level":"INFO","logger":"bess.sync","msg":"sync.push.complete"}
{"time":"2026-07-30T14:58:54","level":"INFO","logger":"watchfiles.main","msg":"4 changes detected"}
{"time":"2026-07-30T14:59:54","level":"INFO","logger":"watchfiles.main","msg":"3 changes detected"}
{"time":"2026-07-30T14:59:54","level":"INFO","logger":"bess.sync","msg":"sync.push.complete"}
{"time":"2026-07-30T14:59:55","level":"INFO","logger":"watchfiles.main","msg":"3 changes detected"}
{"time":"2026-07-30T15:00:55","level":"INFO","logger":"watchfiles.main","msg":"3 changes detected"}
{"time":"2026-07-30T15:00:55","level":"INFO","logger":"bess.sync","msg":"sync.push.complete"}
{"time":"2026-07-30T15:00:55","level":"INFO","logger":"watchfiles.main","msg":"3 changes detected"}
{"time":"2026-07-30T15:01:56","level":"INFO","logger":"watchfiles.main","msg":"3 changes detected"}
{"time":"2026-07-30T15:01:56","level":"INFO","logger":"bess.sync","msg":"sync.push.complete"}
{"time":"2026-07-30T15:01:56","level":"INFO","logger":"watchfiles.main","msg":"3 changes detected"}
{"time":"2026-07-30T15:02:57","level":"INFO","logger":"watchfiles.main","msg":"3 changes detected"}
{"time":"2026-07-30T15:02:57","level":"INFO","logger":"bess.sync","msg":"sync.push.complete"}
{"time":"2026-07-30T15:02:57","level":"INFO","logger":"watchfiles.main","msg":"3 changes detected"}
{"time":"2026-07-30T15:03:57","level":"INFO","logger":"watchfiles.main","msg":"3 changes detected"}
{"time":"2026-07-30T15:03:57","level":"INFO","logger":"bess.sync","msg":"sync.push.complete"}
{"time":"2026-07-30T15:03:57","level":"INFO","logger":"watchfiles.main","msg":"4 changes detected"}
{"time":"2026-07-30T15:04:58","level":"INFO","logger":"watchfiles.main","msg":"3 changes detected"}
{"time":"2026-07-30T15:04:58","level":"INFO","logger":"bess.sync","msg":"sync.push.complete"}
{"time":"2026-07-30T15:04:58","level":"INFO","logger":"watchfiles.main","msg":"1 change detected"}
{"time":"2026-07-30T15:05:58","level":"INFO","logger":"watchfiles.main","msg":"3 changes detected"}
{"time":"2026-07-30T15:05:58","level":"INFO","logger":"bess.sync","msg":"sync.push.complete"}
{"time":"2026-07-30T15:05:59","level":"INFO","logger":"watchfiles.main","msg":"1 change detected"}
{"time":"2026-07-30T15:06:54","level":"INFO","logger":"watchfiles.main","msg":"1 change detected"}
{"time":"2026-07-30T15:06:59","level":"INFO","logger":"bess.sync","msg":"sync.push.complete"}
{"time":"2026-07-30T15:06:59","level":"INFO","logger":"watchfiles.main","msg":"3 changes detected"}
{"time":"2026-07-30T15:08:00","level":"INFO","logger":"watchfiles.main","msg":"3 changes detected"}
{"time":"2026-07-30T15:08:00","level":"INFO","logger":"bess.sync","msg":"sync.push.complete"}
{"time":"2026-07-30T15:08:00","level":"INFO","logger":"watchfiles.main","msg":"3 changes detected"}
{"time":"2026-07-30T15:09:00","level":"INFO","logger":"watchfiles.main","msg":"3 changes detected"}
{"time":"2026-07-30T15:09:00","level":"INFO","logger":"bess.sync","msg":"sync.push.complete"}
{"time":"2026-07-30T15:09:01","level":"INFO","logger":"watchfiles.main","msg":"4 changes detected"}
{"time":"2026-07-30T15:10:01","level":"INFO","logger":"watchfiles.main","msg":"3 changes detected"}
{"time":"2026-07-30T15:10:01","level":"INFO","logger":"bess.sync","msg":"sync.push.complete"}
{"time":"2026-07-30T15:10:01","level":"INFO","logger":"watchfiles.main","msg":"4 changes detected"}
{"time":"2026-07-30T15:11:02","level":"INFO","logger":"watchfiles.main","msg":"3 changes detected"}
{"time":"2026-07-30T15:11:02","level":"INFO","logger":"bess.sync","msg":"sync.push.complete"}
{"time":"2026-07-30T15:11:02","level":"INFO","logger":"watchfiles.main","msg":"2 changes detected"}
{"time":"2026-07-30T15:12:02","level":"INFO","logger":"watchfiles.main","msg":"3 changes detected"}
{"time":"2026-07-30T15:12:02","level":"INFO","logger":"bess.sync","msg":"sync.push.complete"}
{"time":"2026-07-30T15:12:03","level":"INFO","logger":"watchfiles.main","msg":"3 changes detected"}
{"time":"2026-07-30T15:13:03","level":"INFO","logger":"watchfiles.main","msg":"3 changes detected"}
{"time":"2026-07-30T15:13:03","level":"INFO","logger":"bess.sync","msg":"sync.push.complete"}
{"time":"2026-07-30T15:13:03","level":"INFO","logger":"watchfiles.main","msg":"3 changes detected"}
{"time":"2026-07-30T15:14:04","level":"INFO","logger":"watchfiles.main","msg":"3 changes detected"}
{"time":"2026-07-30T15:14:04","level":"INFO","logger":"bess.sync","msg":"sync.push.complete"}
{"time":"2026-07-30T15:14:04","level":"INFO","logger":"watchfiles.main","msg":"4 changes detected"}
{"time":"2026-07-30T15:15:04","level":"INFO","logger":"watchfiles.main","msg":"3 changes detected"}
{"time":"2026-07-30T15:15:04","level":"INFO","logger":"bess.sync","msg":"sync.push.complete"}
{"time":"2026-07-30T15:15:05","level":"INFO","logger":"watchfiles.main","msg":"3 changes detected"}
{"time":"2026-07-30T15:16:05","level":"INFO","logger":"watchfiles.main","msg":"3 changes detected"}
{"time":"2026-07-30T15:16:05","level":"INFO","logger":"bess.sync","msg":"sync.push.complete"}
{"time":"2026-07-30T15:16:05","level":"INFO","logger":"watchfiles.main","msg":"4 changes detected"}
{"time":"2026-07-30T15:17:06","level":"INFO","logger":"watchfiles.main","msg":"3 changes detected"}
{"time":"2026-07-30T15:17:06","level":"INFO","logger":"bess.sync","msg":"sync.push.complete"}
{"time":"2026-07-30T15:17:06","level":"INFO","logger":"watchfiles.main","msg":"4 changes detected"}
{"time":"2026-07-30T15:18:06","level":"INFO","logger":"watchfiles.main","msg":"3 changes detected"}
{"time":"2026-07-30T15:18:06","level":"INFO","logger":"bess.sync","msg":"sync.push.complete"}
{"time":"2026-07-30T15:18:07","level":"INFO","logger":"watchfiles.main","msg":"4 changes detected"}
{"time":"2026-07-30T15:19:07","level":"INFO","logger":"watchfiles.main","msg":"3 changes detected"}
{"time":"2026-07-30T15:19:07","level":"INFO","logger":"bess.sync","msg":"sync.push.complete"}
{"time":"2026-07-30T15:19:07","level":"INFO","logger":"watchfiles.main","msg":"3 changes detected"}
{"time":"2026-07-30T15:20:07","level":"INFO","logger":"watchfiles.main","msg":"3 changes detected"}
{"time":"2026-07-30T15:20:08","level":"INFO","logger":"bess.sync","msg":"sync.push.complete"}
{"time":"2026-07-30T15:20:08","level":"INFO","logger":"watchfiles.main","msg":"3 changes detected"}
{"time":"2026-07-30T15:21:08","level":"INFO","logger":"watchfiles.main","msg":"3 changes detected"}
{"time":"2026-07-30T15:21:08","level":"INFO","logger":"bess.sync","msg":"sync.push.complete"}
{"time":"2026-07-30T15:21:08","level":"INFO","logger":"watchfiles.main","msg":"3 changes detected"}
{"time":"2026-07-30T15:22:09","level":"INFO","logger":"watchfiles.main","msg":"3 changes detected"}
{"time":"2026-07-30T15:22:09","level":"INFO","logger":"bess.sync","msg":"sync.push.complete"}
{"time":"2026-07-30T15:22:09","level":"INFO","logger":"watchfiles.main","msg":"3 changes detected"}
{"time":"2026-07-30T15:23:09","level":"INFO","logger":"watchfiles.main","msg":"3 changes detected"}
{"time":"2026-07-30T15:23:09","level":"INFO","logger":"bess.sync","msg":"sync.push.complete"}
{"time":"2026-07-30T15:23:10","level":"INFO","logger":"watchfiles.main","msg":"2 changes detected"}
{"time":"2026-07-30T15:24:10","level":"INFO","logger":"watchfiles.main","msg":"3 changes detected"}
{"time":"2026-07-30T15:24:10","level":"INFO","logger":"bess.sync","msg":"sync.push.complete"}
{"time":"2026-07-30T15:24:10","level":"INFO","logger":"watchfiles.main","msg":"3 changes detected"}
{"time":"2026-07-30T15:25:11","level":"INFO","logger":"watchfiles.main","msg":"3 changes detected"}
{"time":"2026-07-30T15:25:11","level":"INFO","logger":"bess.sync","msg":"sync.push.complete"}
{"time":"2026-07-30T15:25:11","level":"INFO","logger":"watchfiles.main","msg":"3 changes detected"}
{"time":"2026-07-30T15:26:12","level":"INFO","logger":"watchfiles.main","msg":"3 changes detected"}
{"time":"2026-07-30T15:26:12","level":"INFO","logger":"bess.sync","msg":"sync.push.complete"}
{"time":"2026-07-30T15:26:12","level":"INFO","logger":"watchfiles.main","msg":"4 changes detected"}
{"time":"2026-07-30T15:27:13","level":"INFO","logger":"watchfiles.main","msg":"3 changes detected"}
{"time":"2026-07-30T15:27:13","level":"INFO","logger":"bess.sync","msg":"sync.push.complete"}
{"time":"2026-07-30T15:27:13","level":"INFO","logger":"watchfiles.main","msg":"3 changes detected"}
{"time":"2026-07-30T15:28:13","level":"INFO","logger":"watchfiles.main","msg":"3 changes detected"}
{"time":"2026-07-30T15:28:14","level":"INFO","logger":"bess.sync","msg":"sync.push.complete"}
{"time":"2026-07-30T15:28:14","level":"INFO","logger":"watchfiles.main","msg":"4 changes detected"}
{"time":"2026-07-30T15:29:14","level":"INFO","logger":"watchfiles.main","msg":"3 changes detected"}
{"time":"2026-07-30T15:29:14","level":"INFO","logger":"bess.sync","msg":"sync.push.complete"}
{"time":"2026-07-30T15:29:15","level":"INFO","logger":"watchfiles.main","msg":"4 changes detected"}
{"time":"2026-07-30T15:30:15","level":"INFO","logger":"watchfiles.main","msg":"3 changes detected"}
{"time":"2026-07-30T15:30:15","level":"INFO","logger":"bess.sync","msg":"sync.push.complete"}
{"time":"2026-07-30T15:30:15","level":"INFO","logger":"watchfiles.main","msg":"4 changes detected"}
{"time":"2026-07-30T15:31:16","level":"INFO","logger":"watchfiles.main","msg":"3 changes detected"}
{"time":"2026-07-30T15:31:16","level":"INFO","logger":"bess.sync","msg":"sync.push.complete"}
{"time":"2026-07-30T15:31:16","level":"INFO","logger":"watchfiles.main","msg":"4 changes detected"}
{"time":"2026-07-30T15:32:17","level":"INFO","logger":"watchfiles.main","msg":"3 changes detected"}
{"time":"2026-07-30T15:32:17","level":"INFO","logger":"bess.sync","msg":"sync.push.complete"}
{"time":"2026-07-30T15:32:17","level":"INFO","logger":"watchfiles.main","msg":"3 changes detected"}
{"time":"2026-07-30T15:33:17","level":"INFO","logger":"watchfiles.main","msg":"3 changes detected"}
{"time":"2026-07-30T15:33:17","level":"INFO","logger":"bess.sync","msg":"sync.push.complete"}
{"time":"2026-07-30T15:33:18","level":"INFO","logger":"watchfiles.main","msg":"4 changes detected"}
{"time":"2026-07-30T15:34:18","level":"INFO","logger":"watchfiles.main","msg":"3 changes detected"}
{"time":"2026-07-30T15:34:18","level":"INFO","logger":"bess.sync","msg":"sync.push.complete"}
{"time":"2026-07-30T15:34:19","level":"INFO","logger":"watchfiles.main","msg":"3 changes detected"}
{"time":"2026-07-30T15:35:19","level":"INFO","logger":"watchfiles.main","msg":"3 changes detected"}
{"time":"2026-07-30T15:35:19","level":"INFO","logger":"bess.sync","msg":"sync.push.complete"}
{"time":"2026-07-30T15:35:20","level":"INFO","logger":"watchfiles.main","msg":"4 changes detected"}
{"time":"2026-07-30T15:36:20","level":"INFO","logger":"watchfiles.main","msg":"3 changes detected"}
{"time":"2026-07-30T15:36:20","level":"INFO","logger":"bess.sync","msg":"sync.push.complete"}
{"time":"2026-07-30T15:36:21","level":"INFO","logger":"watchfiles.main","msg":"4 changes detected"}
{"time":"2026-07-30T15:36:54","level":"INFO","logger":"watchfiles.main","msg":"1 change detected"}
{"time":"2026-07-30T15:37:21","level":"INFO","logger":"watchfiles.main","msg":"3 changes detected"}
{"time":"2026-07-30T15:37:21","level":"INFO","logger":"bess.sync","msg":"sync.push.complete"}
{"time":"2026-07-30T15:37:21","level":"INFO","logger":"watchfiles.main","msg":"4 changes detected"}
{"time":"2026-07-30T15:38:22","level":"INFO","logger":"watchfiles.main","msg":"3 changes detected"}
{"time":"2026-07-30T15:38:22","level":"INFO","logger":"bess.sync","msg":"sync.push.complete"}
{"time":"2026-07-30T15:38:22","level":"INFO","logger":"watchfiles.main","msg":"4 changes detected"}
{"time":"2026-07-30T15:39:23","level":"INFO","logger":"watchfiles.main","msg":"3 changes detected"}
{"time":"2026-07-30T15:39:23","level":"INFO","logger":"bess.sync","msg":"sync.push.complete"}
{"time":"2026-07-30T15:39:23","level":"INFO","logger":"watchfiles.main","msg":"4 changes detected"}
{"time":"2026-07-30T15:40:23","level":"INFO","logger":"watchfiles.main","msg":"3 changes detected"}
{"time":"2026-07-30T15:40:24","level":"INFO","logger":"bess.sync","msg":"sync.push.complete"}
{"time":"2026-07-30T15:40:24","level":"INFO","logger":"watchfiles.main","msg":"3 changes detected"}
{"time":"2026-07-30T15:41:24","level":"INFO","logger":"watchfiles.main","msg":"3 changes detected"}
{"time":"2026-07-30T15:41:24","level":"INFO","logger":"bess.sync","msg":"sync.push.complete"}
{"time":"2026-07-30T15:41:25","level":"INFO","logger":"watchfiles.main","msg":"3 changes detected"}
{"time":"2026-07-30T15:42:25","level":"INFO","logger":"watchfiles.main","msg":"3 changes detected"}
{"time":"2026-07-30T15:42:25","level":"INFO","logger":"bess.sync","msg":"sync.push.complete"}
{"time":"2026-07-30T15:42:25","level":"INFO","logger":"watchfiles.main","msg":"4 changes detected"}
{"time":"2026-07-30T15:43:26","level":"INFO","logger":"watchfiles.main","msg":"3 changes detected"}
{"time":"2026-07-30T15:43:26","level":"INFO","logger":"bess.sync","msg":"sync.push.complete"}
{"time":"2026-07-30T15:43:26","level":"INFO","logger":"watchfiles.main","msg":"3 changes detected"}
{"time":"2026-07-30T15:44:27","level":"INFO","logger":"bess.sync","msg":"sync.push.complete"}
{"time":"2026-07-30T15:44:27","level":"INFO","logger":"watchfiles.main","msg":"3 changes detected"}
{"time":"2026-07-30T15:45:28","level":"INFO","logger":"watchfiles.main","msg":"3 changes detected"}
{"time":"2026-07-30T15:45:28","level":"INFO","logger":"bess.sync","msg":"sync.push.complete"}
{"time":"2026-07-30T15:45:28","level":"INFO","logger":"watchfiles.main","msg":"2 changes detected"}
{"time":"2026-07-30T15:46:28","level":"INFO","logger":"watchfiles.main","msg":"3 changes detected"}
{"time":"2026-07-30T15:46:28","level":"INFO","logger":"bess.sync","msg":"sync.push.complete"}
{"time":"2026-07-30T15:46:29","level":"INFO","logger":"watchfiles.main","msg":"3 changes detected"}
{"time":"2026-07-30T15:47:29","level":"INFO","logger":"watchfiles.main","msg":"3 changes detected"}
{"time":"2026-07-30T15:47:29","level":"INFO","logger":"bess.sync","msg":"sync.push.complete"}
{"time":"2026-07-30T15:47:30","level":"INFO","logger":"watchfiles.main","msg":"3 changes detected"}
{"time":"2026-07-30T15:48:30","level":"INFO","logger":"watchfiles.main","msg":"3 changes detected"}
{"time":"2026-07-30T15:48:30","level":"INFO","logger":"bess.sync","msg":"sync.push.complete"}
{"time":"2026-07-30T15:48:31","level":"INFO","logger":"watchfiles.main","msg":"4 changes detected"}
{"time":"2026-07-30T15:49:31","level":"INFO","logger":"watchfiles.main","msg":"3 changes detected"}
{"time":"2026-07-30T15:49:31","level":"INFO","logger":"bess.sync","msg":"sync.push.complete"}
{"time":"2026-07-30T15:49:31","level":"INFO","logger":"watchfiles.main","msg":"4 changes detected"}
{"time":"2026-07-30T15:50:32","level":"INFO","logger":"watchfiles.main","msg":"3 changes detected"}
{"time":"2026-07-30T15:50:32","level":"INFO","logger":"bess.sync","msg":"sync.push.complete"}
{"time":"2026-07-30T15:50:32","level":"INFO","logger":"watchfiles.main","msg":"3 changes detected"}
{"time":"2026-07-30T15:51:33","level":"INFO","logger":"watchfiles.main","msg":"3 changes detected"}
{"time":"2026-07-30T15:51:33","level":"INFO","logger":"bess.sync","msg":"sync.push.complete"}
{"time":"2026-07-30T15:51:33","level":"INFO","logger":"watchfiles.main","msg":"4 changes detected"}
{"time":"2026-07-30T15:52:34","level":"INFO","logger":"watchfiles.main","msg":"3 changes detected"}
{"time":"2026-07-30T15:52:34","level":"INFO","logger":"bess.sync","msg":"sync.push.complete"}
{"time":"2026-07-30T15:52:34","level":"INFO","logger":"watchfiles.main","msg":"3 changes detected"}
{"time":"2026-07-30T15:53:35","level":"INFO","logger":"watchfiles.main","msg":"3 changes detected"}
{"time":"2026-07-30T15:53:35","level":"INFO","logger":"bess.sync","msg":"sync.push.complete"}
{"time":"2026-07-30T15:53:35","level":"INFO","logger":"watchfiles.main","msg":"3 changes detected"}
{"time":"2026-07-30T15:54:35","level":"INFO","logger":"watchfiles.main","msg":"3 changes detected"}
{"time":"2026-07-30T15:54:36","level":"INFO","logger":"bess.sync","msg":"sync.push.complete"}
{"time":"2026-07-30T15:54:36","level":"INFO","logger":"watchfiles.main","msg":"3 changes detected"}
{"time":"2026-07-30T15:55:36","level":"INFO","logger":"watchfiles.main","msg":"3 changes detected"}
{"time":"2026-07-30T15:55:36","level":"INFO","logger":"bess.sync","msg":"sync.push.complete"}
{"time":"2026-07-30T15:55:37","level":"INFO","logger":"watchfiles.main","msg":"3 changes detected"}
{"time":"2026-07-30T15:56:37","level":"INFO","logger":"watchfiles.main","msg":"3 changes detected"}
{"time":"2026-07-30T15:56:37","level":"INFO","logger":"bess.sync","msg":"sync.push.complete"}
{"time":"2026-07-30T15:56:37","level":"INFO","logger":"watchfiles.main","msg":"3 changes detected"}
{"time":"2026-07-30T15:57:38","level":"INFO","logger":"watchfiles.main","msg":"3 changes detected"}
{"time":"2026-07-30T15:57:38","level":"INFO","logger":"bess.sync","msg":"sync.push.complete"}
{"time":"2026-07-30T15:57:38","level":"INFO","logger":"watchfiles.main","msg":"2 changes detected"}
{"time":"2026-07-30T15:58:38","level":"INFO","logger":"watchfiles.main","msg":"3 changes detected"}
{"time":"2026-07-30T15:58:38","level":"INFO","logger":"bess.sync","msg":"sync.push.complete"}
{"time":"2026-07-30T15:58:39","level":"INFO","logger":"watchfiles.main","msg":"4 changes detected"}
{"time":"2026-07-30T15:59:39","level":"INFO","logger":"watchfiles.main","msg":"3 changes detected"}
{"time":"2026-07-30T15:59:39","level":"INFO","logger":"bess.sync","msg":"sync.push.complete"}
{"time":"2026-07-30T15:59:39","level":"INFO","logger":"watchfiles.main","msg":"3 changes detected"}
{"time":"2026-07-30T16:00:40","level":"INFO","logger":"watchfiles.main","msg":"3 changes detected"}
{"time":"2026-07-30T16:00:40","level":"INFO","logger":"bess.sync","msg":"sync.push.complete"}
{"time":"2026-07-30T16:00:40","level":"INFO","logger":"watchfiles.main","msg":"1 change detected"}
{"time":"2026-07-30T16:01:41","level":"INFO","logger":"watchfiles.main","msg":"3 changes detected"}
{"time":"2026-07-30T16:01:41","level":"INFO","logger":"bess.sync","msg":"sync.push.complete"}
{"time":"2026-07-30T16:02:41","level":"INFO","logger":"watchfiles.main","msg":"3 changes detected"}
{"time":"2026-07-30T16:02:41","level":"INFO","logger":"bess.sync","msg":"sync.push.complete"}
{"time":"2026-07-30T16:02:42","level":"INFO","logger":"watchfiles.main","msg":"1 change detected"}
{"time":"2026-07-30T16:03:42","level":"INFO","logger":"watchfiles.main","msg":"3 changes detected"}
{"time":"2026-07-30T16:03:42","level":"INFO","logger":"bess.sync","msg":"sync.push.complete"}
{"time":"2026-07-30T16:03:42","level":"INFO","logger":"watchfiles.main","msg":"3 changes detected"}
{"time":"2026-07-30T16:04:43","level":"INFO","logger":"watchfiles.main","msg":"3 changes detected"}
{"time":"2026-07-30T16:04:43","level":"INFO","logger":"bess.sync","msg":"sync.push.complete"}
{"time":"2026-07-30T16:04:43","level":"INFO","logger":"watchfiles.main","msg":"3 changes detected"}
{"time":"2026-07-30T16:05:44","level":"INFO","logger":"watchfiles.main","msg":"3 changes detected"}
{"time":"2026-07-30T16:05:44","level":"INFO","logger":"bess.sync","msg":"sync.push.complete"}
{"time":"2026-07-30T16:05:44","level":"INFO","logger":"watchfiles.main","msg":"3 changes detected"}
{"time":"2026-07-30T16:06:45","level":"INFO","logger":"watchfiles.main","msg":"3 changes detected"}
{"time":"2026-07-30T16:06:45","level":"INFO","logger":"bess.sync","msg":"sync.push.complete"}
{"time":"2026-07-30T16:06:45","level":"INFO","logger":"watchfiles.main","msg":"4 changes detected"}
{"time":"2026-07-30T16:06:53","level":"INFO","logger":"watchfiles.main","msg":"1 change detected"}
{"time":"2026-07-30T16:07:46","level":"INFO","logger":"watchfiles.main","msg":"3 changes detected"}
{"time":"2026-07-30T16:07:46","level":"INFO","logger":"bess.sync","msg":"sync.push.complete"}
{"time":"2026-07-30T16:07:46","level":"INFO","logger":"watchfiles.main","msg":"3 changes detected"}
{"time":"2026-07-30T16:08:47","level":"INFO","logger":"watchfiles.main","msg":"3 changes detected"}
{"time":"2026-07-30T16:08:47","level":"INFO","logger":"bess.sync","msg":"sync.push.complete"}
{"time":"2026-07-30T16:08:47","level":"INFO","logger":"watchfiles.main","msg":"4 changes detected"}
{"time":"2026-07-30T16:09:48","level":"INFO","logger":"watchfiles.main","msg":"3 changes detected"}
{"time":"2026-07-30T16:09:48","level":"INFO","logger":"bess.sync","msg":"sync.push.complete"}
{"time":"2026-07-30T16:09:48","level":"INFO","logger":"watchfiles.main","msg":"3 changes detected"}
{"time":"2026-07-30T16:10:49","level":"INFO","logger":"watchfiles.main","msg":"3 changes detected"}
{"time":"2026-07-30T16:10:49","level":"INFO","logger":"bess.sync","msg":"sync.push.complete"}
{"time":"2026-07-30T16:10:49","level":"INFO","logger":"watchfiles.main","msg":"3 changes detected"}
{"time":"2026-07-30T16:11:49","level":"INFO","logger":"watchfiles.main","msg":"3 changes detected"}
{"time":"2026-07-30T16:11:49","level":"INFO","logger":"bess.sync","msg":"sync.push.complete"}
{"time":"2026-07-30T16:11:50","level":"INFO","logger":"watchfiles.main","msg":"3 changes detected"}
{"time":"2026-07-30T16:12:50","level":"INFO","logger":"watchfiles.main","msg":"3 changes detected"}
{"time":"2026-07-30T16:12:50","level":"INFO","logger":"bess.sync","msg":"sync.push.complete"}
{"time":"2026-07-30T16:13:51","level":"INFO","logger":"watchfiles.main","msg":"3 changes detected"}
{"time":"2026-07-30T16:13:51","level":"INFO","logger":"bess.sync","msg":"sync.push.complete"}
{"time":"2026-07-30T16:13:52","level":"INFO","logger":"watchfiles.main","msg":"3 changes detected"}
{"time":"2026-07-30T16:14:52","level":"INFO","logger":"watchfiles.main","msg":"3 changes detected"}
{"time":"2026-07-30T16:14:52","level":"INFO","logger":"bess.sync","msg":"sync.push.complete"}
{"time":"2026-07-30T16:14:53","level":"INFO","logger":"watchfiles.main","msg":"4 changes detected"}
{"time":"2026-07-30T16:15:53","level":"INFO","logger":"watchfiles.main","msg":"3 changes detected"}
{"time":"2026-07-30T16:15:53","level":"INFO","logger":"bess.sync","msg":"sync.push.complete"}
{"time":"2026-07-30T16:15:53","level":"INFO","logger":"watchfiles.main","msg":"4 changes detected"}
{"time":"2026-07-30T16:16:54","level":"INFO","logger":"watchfiles.main","msg":"3 changes detected"}
{"time":"2026-07-30T16:16:54","level":"INFO","logger":"bess.sync","msg":"sync.push.complete"}
{"time":"2026-07-30T16:16:54","level":"INFO","logger":"watchfiles.main","msg":"3 changes detected"}
{"time":"2026-07-30T16:17:55","level":"INFO","logger":"watchfiles.main","msg":"3 changes detected"}
{"time":"2026-07-30T16:17:55","level":"INFO","logger":"bess.sync","msg":"sync.push.complete"}
{"time":"2026-07-30T16:17:55","level":"INFO","logger":"watchfiles.main","msg":"3 changes detected"}
{"time":"2026-07-30T16:18:55","level":"INFO","logger":"watchfiles.main","msg":"3 changes detected"}
{"time":"2026-07-30T16:18:55","level":"INFO","logger":"bess.sync","msg":"sync.push.complete"}
{"time":"2026-07-30T16:18:56","level":"INFO","logger":"watchfiles.main","msg":"2 changes detected"}
{"time":"2026-07-30T16:19:56","level":"INFO","logger":"bess.sync","msg":"sync.push.complete"}
{"time":"2026-07-30T16:19:56","level":"INFO","logger":"watchfiles.main","msg":"3 changes detected"}
{"time":"2026-07-30T16:20:57","level":"INFO","logger":"watchfiles.main","msg":"3 changes detected"}
{"time":"2026-07-30T16:20:57","level":"INFO","logger":"bess.sync","msg":"sync.push.complete"}
{"time":"2026-07-30T16:20:57","level":"INFO","logger":"watchfiles.main","msg":"3 changes detected"}
{"time":"2026-07-30T16:21:57","level":"INFO","logger":"watchfiles.main","msg":"3 changes detected"}
{"time":"2026-07-30T16:21:57","level":"INFO","logger":"bess.sync","msg":"sync.push.complete"}
{"time":"2026-07-30T16:21:58","level":"INFO","logger":"watchfiles.main","msg":"4 changes detected"}
{"time":"2026-07-30T16:22:58","level":"INFO","logger":"watchfiles.main","msg":"3 changes detected"}
{"time":"2026-07-30T16:22:58","level":"INFO","logger":"bess.sync","msg":"sync.push.complete"}
{"time":"2026-07-30T16:22:58","level":"INFO","logger":"watchfiles.main","msg":"4 changes detected"}
{"time":"2026-07-30T16:23:59","level":"INFO","logger":"watchfiles.main","msg":"3 changes detected"}
{"time":"2026-07-30T16:23:59","level":"INFO","logger":"bess.sync","msg":"sync.push.complete"}
{"time":"2026-07-30T16:23:59","level":"INFO","logger":"watchfiles.main","msg":"3 changes detected"}
{"time":"2026-07-30T16:24:59","level":"INFO","logger":"watchfiles.main","msg":"3 changes detected"}
{"time":"2026-07-30T16:24:59","level":"INFO","logger":"bess.sync","msg":"sync.push.complete"}
{"time":"2026-07-30T16:25:00","level":"INFO","logger":"watchfiles.main","msg":"3 changes detected"}
{"time":"2026-07-30T16:26:00","level":"INFO","logger":"watchfiles.main","msg":"3 changes detected"}
{"time":"2026-07-30T16:26:00","level":"INFO","logger":"bess.sync","msg":"sync.push.complete"}
{"time":"2026-07-30T16:26:00","level":"INFO","logger":"watchfiles.main","msg":"4 changes detected"}
{"time":"2026-07-30T16:27:01","level":"INFO","logger":"watchfiles.main","msg":"3 changes detected"}
{"time":"2026-07-30T16:27:01","level":"INFO","logger":"bess.sync","msg":"sync.push.complete"}
{"time":"2026-07-30T16:27:01","level":"INFO","logger":"watchfiles.main","msg":"4 changes detected"}
{"time":"2026-07-30T16:28:01","level":"INFO","logger":"watchfiles.main","msg":"3 changes detected"}
{"time":"2026-07-30T16:28:01","level":"INFO","logger":"bess.sync","msg":"sync.push.complete"}
{"time":"2026-07-30T16:28:02","level":"INFO","logger":"watchfiles.main","msg":"3 changes detected"}
{"time":"2026-07-30T16:29:02","level":"INFO","logger":"watchfiles.main","msg":"3 changes detected"}
{"time":"2026-07-30T16:29:02","level":"INFO","logger":"bess.sync","msg":"sync.push.complete"}
{"time":"2026-07-30T16:29:03","level":"INFO","logger":"watchfiles.main","msg":"4 changes detected"}
{"time":"2026-07-30T16:30:03","level":"INFO","logger":"watchfiles.main","msg":"3 changes detected"}
{"time":"2026-07-30T16:30:03","level":"INFO","logger":"bess.sync","msg":"sync.push.complete"}
{"time":"2026-07-30T16:30:03","level":"INFO","logger":"watchfiles.main","msg":"3 changes detected"}
{"time":"2026-07-30T16:31:04","level":"INFO","logger":"watchfiles.main","msg":"3 changes detected"}
{"time":"2026-07-30T16:31:04","level":"INFO","logger":"bess.sync","msg":"sync.push.complete"}
{"time":"2026-07-30T16:31:04","level":"INFO","logger":"watchfiles.main","msg":"4 changes detected"}
{"time":"2026-07-30T16:32:04","level":"INFO","logger":"watchfiles.main","msg":"3 changes detected"}
{"time":"2026-07-30T16:32:04","level":"INFO","logger":"bess.sync","msg":"sync.push.complete"}
{"time":"2026-07-30T16:32:05","level":"INFO","logger":"watchfiles.main","msg":"4 changes detected"}
{"time":"2026-07-30T16:33:05","level":"INFO","logger":"watchfiles.main","msg":"3 changes detected"}
{"time":"2026-07-30T16:33:05","level":"INFO","logger":"bess.sync","msg":"sync.push.complete"}
{"time":"2026-07-30T16:33:05","level":"INFO","logger":"watchfiles.main","msg":"4 changes detected"}
{"time":"2026-07-30T16:34:06","level":"INFO","logger":"watchfiles.main","msg":"3 changes detected"}
{"time":"2026-07-30T16:34:06","level":"INFO","logger":"bess.sync","msg":"sync.push.complete"}
{"time":"2026-07-30T16:34:06","level":"INFO","logger":"watchfiles.main","msg":"3 changes detected"}
{"time":"2026-07-30T16:35:06","level":"INFO","logger":"bess.sync","msg":"sync.push.complete"}
{"time":"2026-07-30T16:35:06","level":"INFO","logger":"watchfiles.main","msg":"3 changes detected"}
{"time":"2026-07-30T16:36:07","level":"INFO","logger":"watchfiles.main","msg":"3 changes detected"}
{"time":"2026-07-30T16:36:07","level":"INFO","logger":"bess.sync","msg":"sync.push.complete"}
{"time":"2026-07-30T16:36:07","level":"INFO","logger":"watchfiles.main","msg":"4 changes detected"}
{"time":"2026-07-30T16:36:54","level":"INFO","logger":"watchfiles.main","msg":"1 change detected"}
{"time":"2026-07-30T16:37:07","level":"INFO","logger":"watchfiles.main","msg":"3 changes detected"}
{"time":"2026-07-30T16:37:07","level":"INFO","logger":"bess.sync","msg":"sync.push.complete"}
{"time":"2026-07-30T16:37:08","level":"INFO","logger":"watchfiles.main","msg":"4 changes detected"}
{"time":"2026-07-30T16:38:08","level":"INFO","logger":"watchfiles.main","msg":"3 changes detected"}
{"time":"2026-07-30T16:38:08","level":"INFO","logger":"bess.sync","msg":"sync.push.complete"}
{"time":"2026-07-30T16:38:08","level":"INFO","logger":"watchfiles.main","msg":"2 changes detected"}
{"time":"2026-07-30T16:39:09","level":"INFO","logger":"watchfiles.main","msg":"3 changes detected"}
{"time":"2026-07-30T16:39:09","level":"INFO","logger":"bess.sync","msg":"sync.push.complete"}
{"time":"2026-07-30T16:39:09","level":"INFO","logger":"watchfiles.main","msg":"3 changes detected"}
{"time":"2026-07-30T16:40:10","level":"INFO","logger":"watchfiles.main","msg":"3 changes detected"}
{"time":"2026-07-30T16:40:10","level":"INFO","logger":"bess.sync","msg":"sync.push.complete"}
{"time":"2026-07-30T16:40:10","level":"INFO","logger":"watchfiles.main","msg":"3 changes detected"}
{"time":"2026-07-30T16:41:10","level":"INFO","logger":"watchfiles.main","msg":"3 changes detected"}
{"time":"2026-07-30T16:41:10","level":"INFO","logger":"bess.sync","msg":"sync.push.complete"}
{"time":"2026-07-30T16:41:11","level":"INFO","logger":"watchfiles.main","msg":"3 changes detected"}
{"time":"2026-07-30T16:42:11","level":"INFO","logger":"watchfiles.main","msg":"3 changes detected"}
{"time":"2026-07-30T16:42:11","level":"INFO","logger":"bess.sync","msg":"sync.push.complete"}
{"time":"2026-07-30T16:42:11","level":"INFO","logger":"watchfiles.main","msg":"4 changes detected"}
{"time":"2026-07-30T16:43:11","level":"INFO","logger":"watchfiles.main","msg":"3 changes detected"}
{"time":"2026-07-30T16:43:12","level":"INFO","logger":"bess.sync","msg":"sync.push.complete"}
{"time":"2026-07-30T16:43:12","level":"INFO","logger":"watchfiles.main","msg":"4 changes detected"}
{"time":"2026-07-30T16:44:12","level":"INFO","logger":"watchfiles.main","msg":"3 changes detected"}
{"time":"2026-07-30T16:44:12","level":"INFO","logger":"bess.sync","msg":"sync.push.complete"}
{"time":"2026-07-30T16:44:12","level":"INFO","logger":"watchfiles.main","msg":"2 changes detected"}
{"time":"2026-07-30T16:45:13","level":"INFO","logger":"watchfiles.main","msg":"3 changes detected"}
{"time":"2026-07-30T16:45:13","level":"INFO","logger":"bess.sync","msg":"sync.push.complete"}
{"time":"2026-07-30T16:45:13","level":"INFO","logger":"watchfiles.main","msg":"3 changes detected"}
{"time":"2026-07-30T16:46:14","level":"INFO","logger":"watchfiles.main","msg":"3 changes detected"}
{"time":"2026-07-30T16:46:14","level":"INFO","logger":"bess.sync","msg":"sync.push.complete"}
{"time":"2026-07-30T16:46:14","level":"INFO","logger":"watchfiles.main","msg":"3 changes detected"}
{"time":"2026-07-30T16:47:15","level":"INFO","logger":"watchfiles.main","msg":"3 changes detected"}
{"time":"2026-07-30T16:47:15","level":"INFO","logger":"bess.sync","msg":"sync.push.complete"}
{"time":"2026-07-30T16:47:15","level":"INFO","logger":"watchfiles.main","msg":"3 changes detected"}
{"time":"2026-07-30T16:48:15","level":"INFO","logger":"watchfiles.main","msg":"3 changes detected"}
{"time":"2026-07-30T16:48:16","level":"INFO","logger":"bess.sync","msg":"sync.push.complete"}
{"time":"2026-07-30T16:48:16","level":"INFO","logger":"watchfiles.main","msg":"4 changes detected"}
{"time":"2026-07-30T16:49:16","level":"INFO","logger":"watchfiles.main","msg":"3 changes detected"}
{"time":"2026-07-30T16:49:16","level":"INFO","logger":"bess.sync","msg":"sync.push.complete"}
{"time":"2026-07-30T16:49:17","level":"INFO","logger":"watchfiles.main","msg":"4 changes detected"}
{"time":"2026-07-30T16:50:17","level":"INFO","logger":"watchfiles.main","msg":"3 changes detected"}
{"time":"2026-07-30T16:50:17","level":"INFO","logger":"bess.sync","msg":"sync.push.complete"}
{"time":"2026-07-30T16:50:17","level":"INFO","logger":"watchfiles.main","msg":"3 changes detected"}
{"time":"2026-07-30T16:51:18","level":"INFO","logger":"watchfiles.main","msg":"3 changes detected"}
{"time":"2026-07-30T16:51:18","level":"INFO","logger":"bess.sync","msg":"sync.push.complete"}
{"time":"2026-07-30T16:51:18","level":"INFO","logger":"watchfiles.main","msg":"3 changes detected"}
{"time":"2026-07-30T16:52:19","level":"INFO","logger":"watchfiles.main","msg":"3 changes detected"}
{"time":"2026-07-30T16:52:19","level":"INFO","logger":"bess.sync","msg":"sync.push.complete"}
{"time":"2026-07-30T16:52:19","level":"INFO","logger":"watchfiles.main","msg":"3 changes detected"}
{"time":"2026-07-30T16:53:20","level":"INFO","logger":"watchfiles.main","msg":"3 changes detected"}
{"time":"2026-07-30T16:53:20","level":"INFO","logger":"bess.sync","msg":"sync.push.complete"}
{"time":"2026-07-30T16:53:20","level":"INFO","logger":"watchfiles.main","msg":"4 changes detected"}
{"time":"2026-07-30T16:54:20","level":"INFO","logger":"watchfiles.main","msg":"3 changes detected"}
{"time":"2026-07-30T16:54:21","level":"INFO","logger":"bess.sync","msg":"sync.push.complete"}
{"time":"2026-07-30T16:54:21","level":"INFO","logger":"watchfiles.main","msg":"3 changes detected"}
{"time":"2026-07-30T16:55:21","level":"INFO","logger":"watchfiles.main","msg":"3 changes detected"}
{"time":"2026-07-30T16:55:21","level":"INFO","logger":"bess.sync","msg":"sync.push.complete"}
{"time":"2026-07-30T16:55:22","level":"INFO","logger":"watchfiles.main","msg":"3 changes detected"}
{"time":"2026-07-30T16:56:22","level":"INFO","logger":"watchfiles.main","msg":"3 changes detected"}
{"time":"2026-07-30T16:56:22","level":"INFO","logger":"bess.sync","msg":"sync.push.complete"}
{"time":"2026-07-30T16:56:22","level":"INFO","logger":"watchfiles.main","msg":"3 changes detected"}
{"time":"2026-07-30T16:57:23","level":"INFO","logger":"watchfiles.main","msg":"3 changes detected"}
{"time":"2026-07-30T16:57:23","level":"INFO","logger":"bess.sync","msg":"sync.push.complete"}
{"time":"2026-07-30T16:57:23","level":"INFO","logger":"watchfiles.main","msg":"3 changes detected"}
{"time":"2026-07-30T16:58:24","level":"INFO","logger":"watchfiles.main","msg":"3 changes detected"}
{"time":"2026-07-30T16:58:24","level":"INFO","logger":"bess.sync","msg":"sync.push.complete"}
{"time":"2026-07-30T16:58:24","level":"INFO","logger":"watchfiles.main","msg":"3 changes detected"}
{"time":"2026-07-30T16:59:25","level":"INFO","logger":"watchfiles.main","msg":"3 changes detected"}
{"time":"2026-07-30T16:59:25","level":"INFO","logger":"bess.sync","msg":"sync.push.complete"}
{"time":"2026-07-30T16:59:25","level":"INFO","logger":"watchfiles.main","msg":"4 changes detected"}
{"time":"2026-07-30T17:00:26","level":"INFO","logger":"watchfiles.main","msg":"3 changes detected"}
{"time":"2026-07-30T17:00:26","level":"INFO","logger":"bess.sync","msg":"sync.push.complete"}
{"time":"2026-07-30T17:00:26","level":"INFO","logger":"watchfiles.main","msg":"3 changes detected"}
{"time":"2026-07-30T17:01:26","level":"INFO","logger":"watchfiles.main","msg":"3 changes detected"}
{"time":"2026-07-30T17:01:26","level":"INFO","logger":"bess.sync","msg":"sync.push.complete"}
{"time":"2026-07-30T17:01:27","level":"INFO","logger":"watchfiles.main","msg":"4 changes detected"}
{"time":"2026-07-30T17:02:27","level":"INFO","logger":"watchfiles.main","msg":"3 changes detected"}
{"time":"2026-07-30T17:02:27","level":"INFO","logger":"bess.sync","msg":"sync.push.complete"}
{"time":"2026-07-30T17:02:27","level":"INFO","logger":"watchfiles.main","msg":"3 changes detected"}
{"time":"2026-07-30T17:03:28","level":"INFO","logger":"bess.sync","msg":"sync.push.complete"}
{"time":"2026-07-30T17:03:28","level":"INFO","logger":"watchfiles.main","msg":"3 changes detected"}
{"time":"2026-07-30T17:04:29","level":"INFO","logger":"watchfiles.main","msg":"3 changes detected"}
{"time":"2026-07-30T17:04:29","level":"INFO","logger":"bess.sync","msg":"sync.push.complete"}
{"time":"2026-07-30T17:04:29","level":"INFO","logger":"watchfiles.main","msg":"3 changes detected"}
{"time":"2026-07-30T17:05:30","level":"INFO","logger":"watchfiles.main","msg":"3 changes detected"}
{"time":"2026-07-30T17:05:30","level":"INFO","logger":"bess.sync","msg":"sync.push.complete"}
{"time":"2026-07-30T17:05:30","level":"INFO","logger":"watchfiles.main","msg":"3 changes detected"}
{"time":"2026-07-30T17:06:30","level":"INFO","logger":"watchfiles.main","msg":"3 changes detected"}
{"time":"2026-07-30T17:06:30","level":"INFO","logger":"bess.sync","msg":"sync.push.complete"}
{"time":"2026-07-30T17:06:31","level":"INFO","logger":"watchfiles.main","msg":"4 changes detected"}
{"time":"2026-07-30T17:06:54","level":"INFO","logger":"watchfiles.main","msg":"1 change detected"}
{"time":"2026-07-30T17:07:31","level":"INFO","logger":"bess.sync","msg":"sync.push.complete"}
{"time":"2026-07-30T17:07:32","level":"INFO","logger":"watchfiles.main","msg":"3 changes detected"}
{"time":"2026-07-30T17:08:32","level":"INFO","logger":"watchfiles.main","msg":"3 changes detected"}
{"time":"2026-07-30T17:08:32","level":"INFO","logger":"bess.sync","msg":"sync.push.complete"}
{"time":"2026-07-30T17:08:33","level":"INFO","logger":"watchfiles.main","msg":"3 changes detected"}
{"time":"2026-07-30T17:09:33","level":"INFO","logger":"watchfiles.main","msg":"3 changes detected"}
{"time":"2026-07-30T17:09:33","level":"INFO","logger":"bess.sync","msg":"sync.push.complete"}
{"time":"2026-07-30T17:09:34","level":"INFO","logger":"watchfiles.main","msg":"3 changes detected"}
{"time":"2026-07-30T17:10:34","level":"INFO","logger":"watchfiles.main","msg":"3 changes detected"}
{"time":"2026-07-30T17:10:34","level":"INFO","logger":"bess.sync","msg":"sync.push.complete"}
{"time":"2026-07-30T17:10:34","level":"INFO","logger":"watchfiles.main","msg":"3 changes detected"}
{"time":"2026-07-30T17:11:35","level":"INFO","logger":"watchfiles.main","msg":"3 changes detected"}
{"time":"2026-07-30T17:11:35","level":"INFO","logger":"bess.sync","msg":"sync.push.complete"}
{"time":"2026-07-30T17:11:35","level":"INFO","logger":"watchfiles.main","msg":"4 changes detected"}
{"time":"2026-07-30T17:12:36","level":"INFO","logger":"watchfiles.main","msg":"3 changes detected"}
{"time":"2026-07-30T17:12:36","level":"INFO","logger":"bess.sync","msg":"sync.push.complete"}
{"time":"2026-07-30T17:12:36","level":"INFO","logger":"watchfiles.main","msg":"3 changes detected"}
{"time":"2026-07-30T17:13:36","level":"INFO","logger":"watchfiles.main","msg":"3 changes detected"}
{"time":"2026-07-30T17:13:36","level":"INFO","logger":"bess.sync","msg":"sync.push.complete"}
{"time":"2026-07-30T17:13:37","level":"INFO","logger":"watchfiles.main","msg":"3 changes detected"}
{"time":"2026-07-30T17:14:37","level":"INFO","logger":"watchfiles.main","msg":"3 changes detected"}
{"time":"2026-07-30T17:14:37","level":"INFO","logger":"bess.sync","msg":"sync.push.complete"}
{"time":"2026-07-30T17:14:38","level":"INFO","logger":"watchfiles.main","msg":"3 changes detected"}
{"time":"2026-07-30T17:15:38","level":"INFO","logger":"bess.sync","msg":"sync.push.complete"}
{"time":"2026-07-30T17:15:38","level":"INFO","logger":"watchfiles.main","msg":"3 changes detected"}
{"time":"2026-07-30T17:16:39","level":"INFO","logger":"watchfiles.main","msg":"3 changes detected"}
{"time":"2026-07-30T17:16:39","level":"INFO","logger":"bess.sync","msg":"sync.push.complete"}
{"time":"2026-07-30T17:16:39","level":"INFO","logger":"watchfiles.main","msg":"3 changes detected"}
{"time":"2026-07-30T17:17:40","level":"INFO","logger":"watchfiles.main","msg":"3 changes detected"}
{"time":"2026-07-30T17:17:40","level":"INFO","logger":"bess.sync","msg":"sync.push.complete"}
{"time":"2026-07-30T17:17:40","level":"INFO","logger":"watchfiles.main","msg":"4 changes detected"}
{"time":"2026-07-30T17:18:40","level":"INFO","logger":"watchfiles.main","msg":"3 changes detected"}
{"time":"2026-07-30T17:18:40","level":"INFO","logger":"bess.sync","msg":"sync.push.complete"}
{"time":"2026-07-30T17:18:41","level":"INFO","logger":"watchfiles.main","msg":"3 changes detected"}
{"time":"2026-07-30T17:19:41","level":"INFO","logger":"watchfiles.main","msg":"3 changes detected"}
{"time":"2026-07-30T17:19:41","level":"INFO","logger":"bess.sync","msg":"sync.push.complete"}
{"time":"2026-07-30T17:19:41","level":"INFO","logger":"watchfiles.main","msg":"4 changes detected"}
{"time":"2026-07-30T17:20:42","level":"INFO","logger":"watchfiles.main","msg":"3 changes detected"}
{"time":"2026-07-30T17:20:42","level":"INFO","logger":"bess.sync","msg":"sync.push.complete"}
{"time":"2026-07-30T17:20:42","level":"INFO","logger":"watchfiles.main","msg":"4 changes detected"}
{"time":"2026-07-30T17:21:43","level":"INFO","logger":"watchfiles.main","msg":"3 changes detected"}
{"time":"2026-07-30T17:21:43","level":"INFO","logger":"bess.sync","msg":"sync.push.complete"}
{"time":"2026-07-30T17:21:43","level":"INFO","logger":"watchfiles.main","msg":"3 changes detected"}
{"time":"2026-07-30T17:22:43","level":"INFO","logger":"watchfiles.main","msg":"3 changes detected"}
{"time":"2026-07-30T17:22:43","level":"INFO","logger":"bess.sync","msg":"sync.push.complete"}
{"time":"2026-07-30T17:22:44","level":"INFO","logger":"watchfiles.main","msg":"4 changes detected"}
{"time":"2026-07-30T17:23:44","level":"INFO","logger":"watchfiles.main","msg":"3 changes detected"}
{"time":"2026-07-30T17:23:44","level":"INFO","logger":"bess.sync","msg":"sync.push.complete"}
{"time":"2026-07-30T17:23:44","level":"INFO","logger":"watchfiles.main","msg":"4 changes detected"}
{"time":"2026-07-30T17:24:45","level":"INFO","logger":"watchfiles.main","msg":"3 changes detected"}
{"time":"2026-07-30T17:24:45","level":"INFO","logger":"bess.sync","msg":"sync.push.complete"}
{"time":"2026-07-30T17:24:45","level":"INFO","logger":"watchfiles.main","msg":"3 changes detected"}
{"time":"2026-07-30T17:25:45","level":"INFO","logger":"watchfiles.main","msg":"3 changes detected"}
{"time":"2026-07-30T17:25:45","level":"INFO","logger":"bess.sync","msg":"sync.push.complete"}
{"time":"2026-07-30T17:25:46","level":"INFO","logger":"watchfiles.main","msg":"4 changes detected"}
{"time":"2026-07-30T17:26:46","level":"INFO","logger":"watchfiles.main","msg":"3 changes detected"}
{"time":"2026-07-30T17:26:46","level":"INFO","logger":"bess.sync","msg":"sync.push.complete"}
{"time":"2026-07-30T17:26:46","level":"INFO","logger":"watchfiles.main","msg":"4 changes detected"}
{"time":"2026-07-30T17:27:47","level":"INFO","logger":"bess.sync","msg":"sync.push.complete"}
{"time":"2026-07-30T17:27:47","level":"INFO","logger":"watchfiles.main","msg":"3 changes detected"}
{"time":"2026-07-30T17:28:48","level":"INFO","logger":"watchfiles.main","msg":"3 changes detected"}
{"time":"2026-07-30T17:28:48","level":"INFO","logger":"bess.sync","msg":"sync.push.complete"}
{"time":"2026-07-30T17:28:48","level":"INFO","logger":"watchfiles.main","msg":"1 change detected"}
{"time":"2026-07-30T17:29:49","level":"INFO","logger":"watchfiles.main","msg":"3 changes detected"}
{"time":"2026-07-30T17:29:49","level":"INFO","logger":"bess.sync","msg":"sync.push.complete"}
{"time":"2026-07-30T17:29:49","level":"INFO","logger":"watchfiles.main","msg":"4 changes detected"}
{"time":"2026-07-30T17:30:49","level":"INFO","logger":"watchfiles.main","msg":"3 changes detected"}
{"time":"2026-07-30T17:30:49","level":"INFO","logger":"bess.sync","msg":"sync.push.complete"}
{"time":"2026-07-30T17:30:50","level":"INFO","logger":"watchfiles.main","msg":"2 changes detected"}
{"time":"2026-07-30T17:31:50","level":"INFO","logger":"watchfiles.main","msg":"3 changes detected"}
{"time":"2026-07-30T17:31:50","level":"INFO","logger":"bess.sync","msg":"sync.push.complete"}
{"time":"2026-07-30T17:31:51","level":"INFO","logger":"watchfiles.main","msg":"3 changes detected"}
{"time":"2026-07-30T17:32:51","level":"INFO","logger":"watchfiles.main","msg":"3 changes detected"}
{"time":"2026-07-30T17:32:51","level":"INFO","logger":"bess.sync","msg":"sync.push.complete"}
{"time":"2026-07-30T17:33:52","level":"INFO","logger":"watchfiles.main","msg":"1 change detected"}
{"time":"2026-07-30T17:33:52","level":"INFO","logger":"watchfiles.main","msg":"4 changes detected"}
{"time":"2026-07-30T17:33:53","level":"INFO","logger":"bess.sync","msg":"sync.push.complete"}
{"time":"2026-07-30T17:33:53","level":"INFO","logger":"watchfiles.main","msg":"3 changes detected"}
{"time":"2026-07-30T17:34:53","level":"INFO","logger":"bess.sync","msg":"sync.push.complete"}
{"time":"2026-07-30T17:34:53","level":"INFO","logger":"watchfiles.main","msg":"3 changes detected"}
{"time":"2026-07-30T17:35:54","level":"INFO","logger":"watchfiles.main","msg":"3 changes detected"}
{"time":"2026-07-30T17:35:54","level":"INFO","logger":"bess.sync","msg":"sync.push.complete"}
{"time":"2026-07-30T17:35:55","level":"INFO","logger":"watchfiles.main","msg":"4 changes detected"}
{"time":"2026-07-30T17:36:54","level":"INFO","logger":"watchfiles.main","msg":"1 change detected"}
{"time":"2026-07-30T17:36:55","level":"INFO","logger":"bess.sync","msg":"sync.push.complete"}
{"time":"2026-07-30T17:36:55","level":"INFO","logger":"watchfiles.main","msg":"3 changes detected"}
{"time":"2026-07-30T17:37:56","level":"INFO","logger":"bess.sync","msg":"sync.push.complete"}
{"time":"2026-07-30T17:37:56","level":"INFO","logger":"watchfiles.main","msg":"3 changes detected"}
{"time":"2026-07-30T17:38:57","level":"INFO","logger":"watchfiles.main","msg":"3 changes detected"}
{"time":"2026-07-30T17:38:57","level":"INFO","logger":"bess.sync","msg":"sync.push.complete"}
{"time":"2026-07-30T17:38:57","level":"INFO","logger":"watchfiles.main","msg":"4 changes detected"}
{"time":"2026-07-30T17:39:58","level":"INFO","logger":"watchfiles.main","msg":"3 changes detected"}
{"time":"2026-07-30T17:39:58","level":"INFO","logger":"bess.sync","msg":"sync.push.complete"}
{"time":"2026-07-30T17:39:58","level":"INFO","logger":"watchfiles.main","msg":"4 changes detected"}
{"time":"2026-07-30T17:40:58","level":"INFO","logger":"bess.sync","msg":"sync.push.complete"}
{"time":"2026-07-30T17:40:58","level":"INFO","logger":"watchfiles.main","msg":"3 changes detected"}
{"time":"2026-07-30T17:41:59","level":"INFO","logger":"bess.sync","msg":"sync.push.complete"}
{"time":"2026-07-30T17:41:59","level":"INFO","logger":"watchfiles.main","msg":"3 changes detected"}
{"time":"2026-07-30T17:42:59","level":"INFO","logger":"watchfiles.main","msg":"3 changes detected"}
{"time":"2026-07-30T17:43:00","level":"INFO","logger":"bess.sync","msg":"sync.push.complete"}
{"time":"2026-07-30T17:43:00","level":"INFO","logger":"watchfiles.main","msg":"1 change detected"}
{"time":"2026-07-30T17:44:00","level":"INFO","logger":"bess.sync","msg":"sync.push.complete"}
{"time":"2026-07-30T17:44:00","level":"INFO","logger":"watchfiles.main","msg":"3 changes detected"}
{"time":"2026-07-30T17:45:01","level":"INFO","logger":"watchfiles.main","msg":"3 changes detected"}
{"time":"2026-07-30T17:45:01","level":"INFO","logger":"bess.sync","msg":"sync.push.complete"}
{"time":"2026-07-30T17:45:01","level":"INFO","logger":"watchfiles.main","msg":"1 change detected"}
{"time":"2026-07-30T17:46:01","level":"INFO","logger":"watchfiles.main","msg":"3 changes detected"}
{"time":"2026-07-30T17:46:01","level":"INFO","logger":"bess.sync","msg":"sync.push.complete"}
{"time":"2026-07-30T17:46:02","level":"INFO","logger":"watchfiles.main","msg":"3 changes detected"}
{"time":"2026-07-30T17:47:02","level":"INFO","logger":"bess.sync","msg":"sync.push.complete"}
{"time":"2026-07-30T17:47:02","level":"INFO","logger":"watchfiles.main","msg":"3 changes detected"}
{"time":"2026-07-30T17:48:03","level":"INFO","logger":"bess.sync","msg":"sync.push.complete"}
{"time":"2026-07-30T17:48:03","level":"INFO","logger":"watchfiles.main","msg":"3 changes detected"}
{"time":"2026-07-30T17:49:03","level":"INFO","logger":"watchfiles.main","msg":"3 changes detected"}
{"time":"2026-07-30T17:49:03","level":"INFO","logger":"bess.sync","msg":"sync.push.complete"}
{"time":"2026-07-30T17:49:04","level":"INFO","logger":"watchfiles.main","msg":"3 changes detected"}
{"time":"2026-07-30T17:50:04","level":"INFO","logger":"watchfiles.main","msg":"3 changes detected"}
{"time":"2026-07-30T17:50:04","level":"INFO","logger":"bess.sync","msg":"sync.push.complete"}
{"time":"2026-07-30T17:50:04","level":"INFO","logger":"watchfiles.main","msg":"4 changes detected"}
{"time":"2026-07-30T17:51:05","level":"INFO","logger":"watchfiles.main","msg":"3 changes detected"}
{"time":"2026-07-30T17:51:05","level":"INFO","logger":"bess.sync","msg":"sync.push.complete"}
{"time":"2026-07-30T17:51:05","level":"INFO","logger":"watchfiles.main","msg":"4 changes detected"}
{"time":"2026-07-30T17:52:05","level":"INFO","logger":"bess.sync","msg":"sync.push.complete"}
{"time":"2026-07-30T17:52:05","level":"INFO","logger":"watchfiles.main","msg":"3 changes detected"}
{"time":"2026-07-30T17:53:06","level":"INFO","logger":"watchfiles.main","msg":"3 changes detected"}
{"time":"2026-07-30T17:53:06","level":"INFO","logger":"bess.sync","msg":"sync.push.complete"}
{"time":"2026-07-30T17:53:06","level":"INFO","logger":"watchfiles.main","msg":"3 changes detected"}
{"time":"2026-07-30T17:54:07","level":"INFO","logger":"bess.sync","msg":"sync.push.complete"}
{"time":"2026-07-30T17:54:07","level":"INFO","logger":"watchfiles.main","msg":"3 changes detected"}
{"time":"2026-07-30T17:55:07","level":"INFO","logger":"bess.sync","msg":"sync.push.complete"}
{"time":"2026-07-30T17:55:07","level":"INFO","logger":"watchfiles.main","msg":"3 changes detected"}
{"time":"2026-07-30T17:56:08","level":"INFO","logger":"watchfiles.main","msg":"3 changes detected"}
{"time":"2026-07-30T17:56:08","level":"INFO","logger":"bess.sync","msg":"sync.push.complete"}
{"time":"2026-07-30T17:57:08","level":"INFO","logger":"watchfiles.main","msg":"3 changes detected"}
{"time":"2026-07-30T17:57:08","level":"INFO","logger":"bess.sync","msg":"sync.push.complete"}
{"time":"2026-07-30T17:57:09","level":"INFO","logger":"watchfiles.main","msg":"1 change detected"}
{"time":"2026-07-30T17:58:09","level":"INFO","logger":"watchfiles.main","msg":"3 changes detected"}
{"time":"2026-07-30T17:58:09","level":"INFO","logger":"bess.sync","msg":"sync.push.complete"}
{"time":"2026-07-30T17:58:09","level":"INFO","logger":"watchfiles.main","msg":"3 changes detected"}
{"time":"2026-07-30T17:59:10","level":"INFO","logger":"watchfiles.main","msg":"3 changes detected"}
{"time":"2026-07-30T17:59:10","level":"INFO","logger":"bess.sync","msg":"sync.push.complete"}
{"time":"2026-07-30T17:59:10","level":"INFO","logger":"watchfiles.main","msg":"4 changes detected"}
{"time":"2026-07-30T18:00:10","level":"INFO","logger":"bess.sync","msg":"sync.push.complete"}
{"time":"2026-07-30T18:00:10","level":"INFO","logger":"watchfiles.main","msg":"3 changes detected"}
{"time":"2026-07-30T18:01:11","level":"INFO","logger":"watchfiles.main","msg":"3 changes detected"}
{"time":"2026-07-30T18:01:11","level":"INFO","logger":"bess.sync","msg":"sync.push.complete"}
{"time":"2026-07-30T18:01:11","level":"INFO","logger":"watchfiles.main","msg":"3 changes detected"}
{"time":"2026-07-30T18:02:11","level":"INFO","logger":"watchfiles.main","msg":"3 changes detected"}
{"time":"2026-07-30T18:02:11","level":"INFO","logger":"bess.sync","msg":"sync.push.complete"}
{"time":"2026-07-30T18:02:12","level":"INFO","logger":"watchfiles.main","msg":"4 changes detected"}
{"time":"2026-07-30T18:03:12","level":"INFO","logger":"watchfiles.main","msg":"3 changes detected"}
{"time":"2026-07-30T18:03:12","level":"INFO","logger":"bess.sync","msg":"sync.push.complete"}
{"time":"2026-07-30T18:03:12","level":"INFO","logger":"watchfiles.main","msg":"3 changes detected"}
{"time":"2026-07-30T18:04:13","level":"INFO","logger":"watchfiles.main","msg":"3 changes detected"}
{"time":"2026-07-30T18:04:13","level":"INFO","logger":"bess.sync","msg":"sync.push.complete"}
{"time":"2026-07-30T18:05:13","level":"INFO","logger":"watchfiles.main","msg":"3 changes detected"}
{"time":"2026-07-30T18:05:13","level":"INFO","logger":"bess.sync","msg":"sync.push.complete"}
{"time":"2026-07-30T18:05:14","level":"INFO","logger":"watchfiles.main","msg":"3 changes detected"}
{"time":"2026-07-30T18:06:15","level":"INFO","logger":"bess.sync","msg":"sync.push.complete"}
{"time":"2026-07-30T18:06:15","level":"INFO","logger":"watchfiles.main","msg":"3 changes detected"}
{"time":"2026-07-30T18:06:54","level":"INFO","logger":"watchfiles.main","msg":"1 change detected"}
{"time":"2026-07-30T18:07:16","level":"INFO","logger":"watchfiles.main","msg":"3 changes detected"}
{"time":"2026-07-30T18:07:16","level":"INFO","logger":"bess.sync","msg":"sync.push.complete"}
{"time":"2026-07-30T18:07:16","level":"INFO","logger":"watchfiles.main","msg":"4 changes detected"}
{"time":"2026-07-30T18:08:16","level":"INFO","logger":"watchfiles.main","msg":"3 changes detected"}
{"time":"2026-07-30T18:08:16","level":"INFO","logger":"bess.sync","msg":"sync.push.complete"}
{"time":"2026-07-30T18:08:17","level":"INFO","logger":"watchfiles.main","msg":"3 changes detected"}
{"time":"2026-07-30T18:09:17","level":"INFO","logger":"watchfiles.main","msg":"3 changes detected"}
{"time":"2026-07-30T18:09:17","level":"INFO","logger":"bess.sync","msg":"sync.push.complete"}
{"time":"2026-07-30T18:09:17","level":"INFO","logger":"watchfiles.main","msg":"2 changes detected"}
{"time":"2026-07-30T18:10:18","level":"INFO","logger":"watchfiles.main","msg":"3 changes detected"}
{"time":"2026-07-30T18:10:18","level":"INFO","logger":"bess.sync","msg":"sync.push.complete"}
{"time":"2026-07-30T18:10:18","level":"INFO","logger":"watchfiles.main","msg":"4 changes detected"}
{"time":"2026-07-30T18:34:49","level":"INFO","logger":"watchfiles.main","msg":"3 changes detected"}
{"time":"2026-07-30T18:34:49","level":"INFO","logger":"bess.sync","msg":"sync.push.complete"}
{"time":"2026-07-30T18:34:49","level":"INFO","logger":"watchfiles.main","msg":"4 changes detected"}
{"time":"2026-07-30T18:35:49","level":"INFO","logger":"bess.sync","msg":"sync.push.complete"}
{"time":"2026-07-30T18:35:50","level":"INFO","logger":"watchfiles.main","msg":"3 changes detected"}
{"time":"2026-07-30T18:36:50","level":"INFO","logger":"watchfiles.main","msg":"3 changes detected"}
{"time":"2026-07-30T18:36:50","level":"INFO","logger":"bess.sync","msg":"sync.push.complete"}
{"time":"2026-07-30T18:36:50","level":"INFO","logger":"watchfiles.main","msg":"3 changes detected"}
{"time":"2026-07-30T18:36:55","level":"INFO","logger":"watchfiles.main","msg":"1 change detected"}
{"time":"2026-07-30T18:37:51","level":"INFO","logger":"watchfiles.main","msg":"3 changes detected"}
{"time":"2026-07-30T18:37:51","level":"INFO","logger":"bess.sync","msg":"sync.push.complete"}
{"time":"2026-07-30T18:37:51","level":"INFO","logger":"watchfiles.main","msg":"4 changes detected"}
{"time":"2026-07-30T18:38:51","level":"INFO","logger":"watchfiles.main","msg":"3 changes detected"}
{"time":"2026-07-30T18:38:51","level":"INFO","logger":"bess.sync","msg":"sync.push.complete"}
{"time":"2026-07-30T18:38:52","level":"INFO","logger":"watchfiles.main","msg":"3 changes detected"}
{"time":"2026-07-30T18:39:52","level":"INFO","logger":"watchfiles.main","msg":"3 changes detected"}
{"time":"2026-07-30T18:39:52","level":"INFO","logger":"bess.sync","msg":"sync.push.complete"}
{"time":"2026-07-30T18:39:52","level":"INFO","logger":"watchfiles.main","msg":"4 changes detected"}
{"time":"2026-07-30T18:40:53","level":"INFO","logger":"watchfiles.main","msg":"3 changes detected"}
{"time":"2026-07-30T18:40:53","level":"INFO","logger":"bess.sync","msg":"sync.push.complete"}
{"time":"2026-07-30T18:40:53","level":"INFO","logger":"watchfiles.main","msg":"4 changes detected"}
{"time":"2026-07-30T18:41:53","level":"INFO","logger":"watchfiles.main","msg":"3 changes detected"}
{"time":"2026-07-30T18:41:53","level":"INFO","logger":"bess.sync","msg":"sync.push.complete"}
{"time":"2026-07-30T18:41:54","level":"INFO","logger":"watchfiles.main","msg":"4 changes detected"}
{"time":"2026-07-30T18:42:54","level":"INFO","logger":"watchfiles.main","msg":"3 changes detected"}
{"time":"2026-07-30T18:42:54","level":"INFO","logger":"bess.sync","msg":"sync.push.complete"}
{"time":"2026-07-30T18:42:54","level":"INFO","logger":"watchfiles.main","msg":"4 changes detected"}
{"time":"2026-07-30T18:43:55","level":"INFO","logger":"watchfiles.main","msg":"3 changes detected"}
{"time":"2026-07-30T18:43:55","level":"INFO","logger":"bess.sync","msg":"sync.push.complete"}
{"time":"2026-07-30T18:43:56","level":"INFO","logger":"watchfiles.main","msg":"3 changes detected"}
{"time":"2026-07-30T18:44:56","level":"INFO","logger":"watchfiles.main","msg":"3 changes detected"}
{"time":"2026-07-30T18:44:56","level":"INFO","logger":"bess.sync","msg":"sync.push.complete"}
{"time":"2026-07-30T18:44:56","level":"INFO","logger":"watchfiles.main","msg":"3 changes detected"}
{"time":"2026-07-30T18:45:57","level":"INFO","logger":"watchfiles.main","msg":"3 changes detected"}
{"time":"2026-07-30T18:45:57","level":"INFO","logger":"bess.sync","msg":"sync.push.complete"}
{"time":"2026-07-30T18:45:57","level":"INFO","logger":"watchfiles.main","msg":"3 changes detected"}
{"time":"2026-07-30T18:46:58","level":"INFO","logger":"watchfiles.main","msg":"3 changes detected"}
{"time":"2026-07-30T18:46:58","level":"INFO","logger":"bess.sync","msg":"sync.push.complete"}
{"time":"2026-07-30T18:46:58","level":"INFO","logger":"watchfiles.main","msg":"3 changes detected"}
{"time":"2026-07-30T18:47:58","level":"INFO","logger":"watchfiles.main","msg":"3 changes detected"}
{"time":"2026-07-30T18:47:58","level":"INFO","logger":"bess.sync","msg":"sync.push.complete"}
{"time":"2026-07-30T18:47:59","level":"INFO","logger":"watchfiles.main","msg":"3 changes detected"}
{"time":"2026-07-30T18:48:59","level":"INFO","logger":"watchfiles.main","msg":"3 changes detected"}
{"time":"2026-07-30T18:48:59","level":"INFO","logger":"bess.sync","msg":"sync.push.complete"}
{"time":"2026-07-30T18:48:59","level":"INFO","logger":"watchfiles.main","msg":"3 changes detected"}
{"time":"2026-07-30T18:50:00","level":"INFO","logger":"watchfiles.main","msg":"3 changes detected"}
{"time":"2026-07-30T18:50:00","level":"INFO","logger":"bess.sync","msg":"sync.push.complete"}
{"time":"2026-07-30T18:50:00","level":"INFO","logger":"watchfiles.main","msg":"3 changes detected"}
{"time":"2026-07-30T18:51:00","level":"INFO","logger":"watchfiles.main","msg":"3 changes detected"}
{"time":"2026-07-30T18:51:00","level":"INFO","logger":"bess.sync","msg":"sync.push.complete"}
{"time":"2026-07-30T18:51:01","level":"INFO","logger":"watchfiles.main","msg":"2 changes detected"}
{"time":"2026-07-30T18:52:01","level":"INFO","logger":"watchfiles.main","msg":"3 changes detected"}
{"time":"2026-07-30T18:52:01","level":"INFO","logger":"bess.sync","msg":"sync.push.complete"}
{"time":"2026-07-30T18:52:01","level":"INFO","logger":"watchfiles.main","msg":"4 changes detected"}
{"time":"2026-07-30T18:53:02","level":"INFO","logger":"bess.sync","msg":"sync.push.complete"}
{"time":"2026-07-30T18:53:02","level":"INFO","logger":"watchfiles.main","msg":"3 changes detected"}
{"time":"2026-07-30T18:54:03","level":"INFO","logger":"watchfiles.main","msg":"3 changes detected"}
{"time":"2026-07-30T18:54:03","level":"INFO","logger":"bess.sync","msg":"sync.push.complete"}
{"time":"2026-07-30T18:54:03","level":"INFO","logger":"watchfiles.main","msg":"4 changes detected"}
{"time":"2026-07-30T18:55:03","level":"INFO","logger":"watchfiles.main","msg":"3 changes detected"}
{"time":"2026-07-30T18:55:03","level":"INFO","logger":"bess.sync","msg":"sync.push.complete"}
{"time":"2026-07-30T18:55:04","level":"INFO","logger":"watchfiles.main","msg":"3 changes detected"}
{"time":"2026-07-30T18:56:04","level":"INFO","logger":"watchfiles.main","msg":"3 changes detected"}
{"time":"2026-07-30T18:56:04","level":"INFO","logger":"bess.sync","msg":"sync.push.complete"}
{"time":"2026-07-30T18:56:04","level":"INFO","logger":"watchfiles.main","msg":"3 changes detected"}
{"time":"2026-07-30T18:57:05","level":"INFO","logger":"watchfiles.main","msg":"3 changes detected"}
{"time":"2026-07-30T18:57:05","level":"INFO","logger":"bess.sync","msg":"sync.push.complete"}
{"time":"2026-07-30T18:57:05","level":"INFO","logger":"watchfiles.main","msg":"3 changes detected"}
{"time":"2026-07-30T18:58:05","level":"INFO","logger":"bess.sync","msg":"sync.push.complete"}
{"time":"2026-07-30T18:58:05","level":"INFO","logger":"watchfiles.main","msg":"3 changes detected"}
{"time":"2026-07-30T18:59:06","level":"INFO","logger":"watchfiles.main","msg":"3 changes detected"}
{"time":"2026-07-30T18:59:06","level":"INFO","logger":"bess.sync","msg":"sync.push.complete"}
{"time":"2026-07-30T18:59:06","level":"INFO","logger":"watchfiles.main","msg":"3 changes detected"}
{"time":"2026-07-30T19:00:06","level":"INFO","logger":"bess.sync","msg":"sync.push.complete"}
{"time":"2026-07-30T19:00:07","level":"INFO","logger":"watchfiles.main","msg":"3 changes detected"}
{"time":"2026-07-30T19:01:07","level":"INFO","logger":"watchfiles.main","msg":"3 changes detected"}
{"time":"2026-07-30T19:01:07","level":"INFO","logger":"bess.sync","msg":"sync.push.complete"}
{"time":"2026-07-30T19:01:08","level":"INFO","logger":"watchfiles.main","msg":"4 changes detected"}
{"time":"2026-07-30T19:02:08","level":"INFO","logger":"watchfiles.main","msg":"3 changes detected"}
{"time":"2026-07-30T19:02:08","level":"INFO","logger":"bess.sync","msg":"sync.push.complete"}
{"time":"2026-07-30T19:02:08","level":"INFO","logger":"watchfiles.main","msg":"2 changes detected"}
{"time":"2026-07-30T19:03:09","level":"INFO","logger":"watchfiles.main","msg":"3 changes detected"}
{"time":"2026-07-30T19:03:09","level":"INFO","logger":"bess.sync","msg":"sync.push.complete"}
{"time":"2026-07-30T19:03:09","level":"INFO","logger":"watchfiles.main","msg":"1 change detected"}
{"time":"2026-07-31T11:49:32","level":"INFO","logger":"watchfiles.main","msg":"1 change detected"}
{"time":"2026-07-31T11:49:50","level":"INFO","logger":"watchfiles.main","msg":"3 changes detected"}
{"time":"2026-07-31T11:49:50","level":"INFO","logger":"watchfiles.main","msg":"3 changes detected"}
{"time":"2026-07-31T11:49:51","level":"INFO","logger":"watchfiles.main","msg":"4 changes detected"}
{"time":"2026-07-31T11:49:51","level":"INFO","logger":"bess.sync","msg":"sync.push.complete"}
{"time":"2026-07-31T11:49:51","level":"INFO","logger":"watchfiles.main","msg":"3 changes detected"}
{"time":"2026-08-18T15:12:02","level":"INFO","logger":"bess.main","msg":"startup.ready"}
{"time":"2026-08-18T15:12:20","level":"INFO","logger":"watchfiles.main","msg":"3 changes detected"}
{"time":"2026-08-18T15:12:20","level":"INFO","logger":"bess.sync","msg":"sync.push.complete"}
{"time":"2026-08-18T15:12:20","level":"INFO","logger":"watchfiles.main","msg":"3 changes detected"}
{"time":"2026-08-18T15:12:33","level":"WARNING","logger":"bess.auth","msg":"auth.login.failed"}
{"time":"2026-08-18T15:12:48","level":"INFO","logger":"bess.auth","msg":"auth.login.success"}
{"time":"2026-08-18T15:12:48","level":"INFO","logger":"watchfiles.main","msg":"3 changes detected"}
{"time":"2026-08-18T15:12:51","level":"INFO","logger":"bess.sync","msg":"sync.push.complete"}
{"time":"2026-08-18T15:12:51","level":"INFO","logger":"watchfiles.main","msg":"3 changes detected"}
{"time":"2026-08-18T15:12:55","level":"INFO","logger":"bess.sync","msg":"sync.push.complete"}
{"time":"2026-08-18T15:12:55","level":"INFO","logger":"watchfiles.main","msg":"3 changes detected"}
{"time":"2026-08-18T15:13:56","level":"INFO","logger":"bess.sync","msg":"sync.push.complete"}
{"time":"2026-08-18T15:13:56","level":"INFO","logger":"watchfiles.main","msg":"3 changes detected"}
{"time":"2026-08-18T15:14:57","level":"INFO","logger":"bess.sync","msg":"sync.push.complete"}
{"time":"2026-08-18T15:14:57","level":"INFO","logger":"watchfiles.main","msg":"3 changes detected"}
{"time":"2026-08-18T15:15:57","level":"INFO","logger":"watchfiles.main","msg":"3 changes detected"}
{"time":"2026-08-18T15:15:57","level":"INFO","logger":"bess.sync","msg":"sync.push.complete"}
{"time":"2026-08-18T15:15:58","level":"INFO","logger":"watchfiles.main","msg":"2 changes detected"}
{"time":"2026-08-18T15:16:58","level":"INFO","logger":"bess.sync","msg":"sync.push.complete"}
{"time":"2026-08-18T15:16:58","level":"INFO","logger":"watchfiles.main","msg":"3 changes detected"}
{"time":"2026-08-18T15:17:51","level":"INFO","logger":"bess.sync","msg":"sync.push.complete"}
{"time":"2026-08-18T15:17:51","level":"INFO","logger":"watchfiles.main","msg":"3 changes detected"}
{"time":"2026-08-18T15:17:52","level":"INFO","logger":"watchfiles.main","msg":"3 changes detected"}
{"time":"2026-08-18T15:17:53","level":"INFO","logger":"bess.sync","msg":"sync.push.complete"}
{"time":"2026-08-18T15:17:53","level":"INFO","logger":"watchfiles.main","msg":"5 changes detected"}
{"time":"2026-08-18T15:17:53","level":"INFO","logger":"watchfiles.main","msg":"2 changes detected"}
{"time":"2026-08-18T15:17:54","level":"INFO","logger":"watchfiles.main","msg":"4 changes detected"}
{"time":"2026-08-18T15:17:54","level":"INFO","logger":"watchfiles.main","msg":"1 change detected"}
{"time":"2026-08-18T15:17:54","level":"INFO","logger":"bess.sync","msg":"sync.push.complete"}
{"time":"2026-08-18T15:17:55","level":"INFO","logger":"watchfiles.main","msg":"7 changes detected"}
{"time":"2026-08-18T15:17:55","level":"INFO","logger":"watchfiles.main","msg":"6 changes detected"}
{"time":"2026-08-18T15:17:55","level":"INFO","logger":"watchfiles.main","msg":"2 changes detected"}
{"time":"2026-08-18T15:17:56","level":"INFO","logger":"watchfiles.main","msg":"2 changes detected"}
{"time":"2026-08-18T15:17:56","level":"INFO","logger":"watchfiles.main","msg":"8 changes detected"}
{"time":"2026-08-18T15:17:57","level":"INFO","logger":"watchfiles.main","msg":"2 changes detected"}
{"time":"2026-08-18T15:17:57","level":"INFO","logger":"watchfiles.main","msg":"6 changes detected"}
{"time":"2026-08-18T15:17:58","level":"INFO","logger":"watchfiles.main","msg":"8 changes detected"}
{"time":"2026-08-18T15:17:58","level":"INFO","logger":"watchfiles.main","msg":"6 changes detected"}
{"time":"2026-08-18T15:17:59","level":"INFO","logger":"watchfiles.main","msg":"2 changes detected"}
{"time":"2026-08-18T15:17:59","level":"INFO","logger":"watchfiles.main","msg":"8 changes detected"}
{"time":"2026-08-18T15:17:59","level":"INFO","logger":"bess.sync","msg":"sync.push.complete"}
{"time":"2026-08-18T15:17:59","level":"INFO","logger":"watchfiles.main","msg":"3 changes detected"}
{"time":"2026-08-18T15:18:00","level":"INFO","logger":"watchfiles.main","msg":"1 change detected"}
{"time":"2026-08-18T15:18:01","level":"INFO","logger":"watchfiles.main","msg":"2 changes detected"}
{"time":"2026-08-18T15:18:01","level":"INFO","logger":"watchfiles.main","msg":"5 changes detected"}
{"time":"2026-08-18T15:18:02","level":"INFO","logger":"watchfiles.main","msg":"2 changes detected"}
{"time":"2026-08-18T15:18:02","level":"INFO","logger":"watchfiles.main","msg":"5 changes detected"}
{"time":"2026-08-18T15:18:03","level":"INFO","logger":"watchfiles.main","msg":"2 changes detected"}
{"time":"2026-08-18T15:18:03","level":"INFO","logger":"watchfiles.main","msg":"5 changes detected"}
{"time":"2026-08-18T15:18:04","level":"INFO","logger":"watchfiles.main","msg":"2 changes detected"}
{"time":"2026-08-18T15:18:04","level":"INFO","logger":"watchfiles.main","msg":"4 changes detected"}
{"time":"2026-08-18T15:18:05","level":"INFO","logger":"watchfiles.main","msg":"1 change detected"}
{"time":"2026-08-18T15:18:05","level":"INFO","logger":"watchfiles.main","msg":"3 changes detected"}
{"time":"2026-08-18T15:18:05","level":"INFO","logger":"watchfiles.main","msg":"5 changes detected"}
{"time":"2026-08-18T15:18:06","level":"INFO","logger":"watchfiles.main","msg":"2 changes detected"}
{"time":"2026-08-18T15:18:06","level":"INFO","logger":"watchfiles.main","msg":"5 changes detected"}
{"time":"2026-08-18T15:18:08","level":"INFO","logger":"watchfiles.main","msg":"2 changes detected"}
{"time":"2026-08-18T15:18:08","level":"INFO","logger":"watchfiles.main","msg":"4 changes detected"}
{"time":"2026-08-18T15:18:09","level":"INFO","logger":"watchfiles.main","msg":"1 change detected"}
{"time":"2026-08-18T15:18:10","level":"INFO","logger":"watchfiles.main","msg":"2 changes detected"}
{"time":"2026-08-18T15:18:10","level":"INFO","logger":"watchfiles.main","msg":"7 changes detected"}
{"time":"2026-08-18T15:18:11","level":"INFO","logger":"watchfiles.main","msg":"1 change detected"}
{"time":"2026-08-18T15:18:11","level":"INFO","logger":"watchfiles.main","msg":"6 changes detected"}
{"time":"2026-08-18T15:18:12","level":"INFO","logger":"watchfiles.main","msg":"2 changes detected"}
{"time":"2026-08-18T15:18:12","level":"INFO","logger":"watchfiles.main","msg":"4 changes detected"}
{"time":"2026-08-18T15:18:13","level":"INFO","logger":"watchfiles.main","msg":"1 change detected"}
{"time":"2026-08-18T15:18:13","level":"INFO","logger":"watchfiles.main","msg":"2 changes detected"}
{"time":"2026-08-18T15:18:14","level":"INFO","logger":"watchfiles.main","msg":"4 changes detected"}
{"time":"2026-08-18T15:18:14","level":"INFO","logger":"watchfiles.main","msg":"1 change detected"}
{"time":"2026-08-18T15:18:14","level":"INFO","logger":"watchfiles.main","msg":"6 changes detected"}
{"time":"2026-08-18T15:18:15","level":"INFO","logger":"watchfiles.main","msg":"1 change detected"}
{"time":"2026-08-18T15:18:15","level":"INFO","logger":"watchfiles.main","msg":"2 changes detected"}
{"time":"2026-08-18T15:18:15","level":"INFO","logger":"watchfiles.main","msg":"4 changes detected"}
{"time":"2026-08-18T15:18:16","level":"INFO","logger":"watchfiles.main","msg":"1 change detected"}
{"time":"2026-08-18T15:18:16","level":"INFO","logger":"watchfiles.main","msg":"2 changes detected"}
{"time":"2026-08-18T15:18:16","level":"INFO","logger":"watchfiles.main","msg":"5 changes detected"}
{"time":"2026-08-18T15:18:17","level":"INFO","logger":"watchfiles.main","msg":"2 changes detected"}
{"time":"2026-08-18T15:18:17","level":"INFO","logger":"watchfiles.main","msg":"4 changes detected"}
{"time":"2026-08-18T15:18:18","level":"INFO","logger":"watchfiles.main","msg":"1 change detected"}
{"time":"2026-08-18T15:18:18","level":"INFO","logger":"watchfiles.main","msg":"7 changes detected"}
{"time":"2026-08-18T15:18:18","level":"INFO","logger":"watchfiles.main","msg":"2 changes detected"}
{"time":"2026-08-18T15:18:19","level":"INFO","logger":"watchfiles.main","msg":"4 changes detected"}
{"time":"2026-08-18T15:18:19","level":"INFO","logger":"watchfiles.main","msg":"3 changes detected"}
{"time":"2026-08-18T15:18:19","level":"INFO","logger":"watchfiles.main","msg":"6 changes detected"}
{"time":"2026-08-18T15:18:20","level":"INFO","logger":"watchfiles.main","msg":"2 changes detected"}
{"time":"2026-08-18T15:18:20","level":"INFO","logger":"watchfiles.main","msg":"7 changes detected"}
{"time":"2026-08-18T15:18:21","level":"INFO","logger":"watchfiles.main","msg":"2 changes detected"}
{"time":"2026-08-18T15:18:21","level":"INFO","logger":"watchfiles.main","msg":"5 changes detected"}
{"time":"2026-08-18T15:18:22","level":"INFO","logger":"watchfiles.main","msg":"2 changes detected"}
{"time":"2026-08-18T15:18:22","level":"INFO","logger":"watchfiles.main","msg":"4 changes detected"}
{"time":"2026-08-18T15:18:23","level":"INFO","logger":"watchfiles.main","msg":"2 changes detected"}
{"time":"2026-08-18T15:18:23","level":"INFO","logger":"watchfiles.main","msg":"5 changes detected"}
{"time":"2026-08-18T15:18:24","level":"INFO","logger":"watchfiles.main","msg":"3 changes detected"}
{"time":"2026-08-18T15:18:24","level":"INFO","logger":"watchfiles.main","msg":"5 changes detected"}
{"time":"2026-08-18T15:18:24","level":"INFO","logger":"watchfiles.main","msg":"6 changes detected"}
{"time":"2026-08-18T15:18:25","level":"INFO","logger":"watchfiles.main","msg":"1 change detected"}
{"time":"2026-08-18T15:18:25","level":"INFO","logger":"watchfiles.main","msg":"3 changes detected"}
{"time":"2026-08-18T15:18:26","level":"INFO","logger":"watchfiles.main","msg":"4 changes detected"}
{"time":"2026-08-18T15:18:26","level":"INFO","logger":"watchfiles.main","msg":"1 change detected"}
{"time":"2026-08-18T15:18:26","level":"INFO","logger":"watchfiles.main","msg":"2 changes detected"}
{"time":"2026-08-18T15:18:27","level":"INFO","logger":"watchfiles.main","msg":"5 changes detected"}
{"time":"2026-08-18T15:18:27","level":"INFO","logger":"watchfiles.main","msg":"3 changes detected"}
{"time":"2026-08-18T15:18:28","level":"INFO","logger":"watchfiles.main","msg":"5 changes detected"}
{"time":"2026-08-18T15:18:28","level":"INFO","logger":"watchfiles.main","msg":"2 changes detected"}
{"time":"2026-08-18T15:18:29","level":"INFO","logger":"watchfiles.main","msg":"5 changes detected"}
{"time":"2026-08-18T15:18:29","level":"INFO","logger":"watchfiles.main","msg":"3 changes detected"}
{"time":"2026-08-18T15:18:30","level":"INFO","logger":"watchfiles.main","msg":"4 changes detected"}
{"time":"2026-08-18T15:18:30","level":"INFO","logger":"watchfiles.main","msg":"1 change detected"}
{"time":"2026-08-18T15:19:03","level":"INFO","logger":"bess.sync","msg":"sync.push.complete"}
{"time":"2026-08-18T15:19:03","level":"INFO","logger":"watchfiles.main","msg":"3 changes detected"}
{"time":"2026-08-18T15:20:11","level":"INFO","logger":"watchfiles.main","msg":"3 changes detected"}
{"time":"2026-08-18T15:20:11","level":"INFO","logger":"bess.sync","msg":"sync.push.complete"}
{"time":"2026-08-18T15:20:11","level":"INFO","logger":"watchfiles.main","msg":"3 changes detected"}
{"time":"2026-08-18T15:21:12","level":"INFO","logger":"watchfiles.main","msg":"3 changes detected"}
{"time":"2026-08-18T15:21:12","level":"INFO","logger":"bess.sync","msg":"sync.push.complete"}
{"time":"2026-08-18T15:21:12","level":"INFO","logger":"watchfiles.main","msg":"1 change detected"}
{"time":"2026-08-18T15:22:13","level":"INFO","logger":"watchfiles.main","msg":"3 changes detected"}
{"time":"2026-08-18T15:22:13","level":"INFO","logger":"bess.sync","msg":"sync.push.complete"}
{"time":"2026-08-18T15:22:13","level":"INFO","logger":"watchfiles.main","msg":"2 changes detected"}
{"time":"2026-08-18T15:23:13","level":"INFO","logger":"bess.sync","msg":"sync.push.complete"}
{"time":"2026-08-18T15:23:13","level":"INFO","logger":"watchfiles.main","msg":"3 changes detected"}
{"time":"2026-08-18T15:24:14","level":"INFO","logger":"bess.sync","msg":"sync.push.complete"}
{"time":"2026-08-18T15:24:14","level":"INFO","logger":"watchfiles.main","msg":"3 changes detected"}
{"time":"2026-08-18T15:25:15","level":"INFO","logger":"bess.sync","msg":"sync.push.complete"}
{"time":"2026-08-18T15:25:15","level":"INFO","logger":"watchfiles.main","msg":"3 changes detected"}
{"time":"2026-08-18T15:26:16","level":"INFO","logger":"watchfiles.main","msg":"3 changes detected"}
{"time":"2026-08-18T15:26:16","level":"INFO","logger":"bess.sync","msg":"sync.push.complete"}
{"time":"2026-08-18T15:26:16","level":"INFO","logger":"watchfiles.main","msg":"3 changes detected"}
{"time":"2026-08-18T15:27:16","level":"INFO","logger":"bess.sync","msg":"sync.push.complete"}
{"time":"2026-08-18T15:27:16","level":"INFO","logger":"watchfiles.main","msg":"3 changes detected"}
{"time":"2026-08-18T15:28:17","level":"INFO","logger":"bess.sync","msg":"sync.push.complete"}
{"time":"2026-08-18T15:28:17","level":"INFO","logger":"watchfiles.main","msg":"3 changes detected"}
{"time":"2026-08-18T15:29:18","level":"INFO","logger":"bess.sync","msg":"sync.push.complete"}
{"time":"2026-08-18T15:29:18","level":"INFO","logger":"watchfiles.main","msg":"3 changes detected"}
{"time":"2026-08-18T15:30:19","level":"INFO","logger":"watchfiles.main","msg":"3 changes detected"}
{"time":"2026-08-18T15:30:19","level":"INFO","logger":"bess.sync","msg":"sync.push.complete"}
{"time":"2026-08-18T15:30:19","level":"INFO","logger":"watchfiles.main","msg":"3 changes detected"}
{"time":"2026-08-18T15:31:20","level":"INFO","logger":"bess.sync","msg":"sync.push.complete"}
{"time":"2026-08-18T15:31:20","level":"INFO","logger":"watchfiles.main","msg":"3 changes detected"}
{"time":"2026-08-18T15:32:20","level":"INFO","logger":"bess.sync","msg":"sync.push.complete"}
{"time":"2026-08-18T15:32:20","level":"INFO","logger":"watchfiles.main","msg":"3 changes detected"}
{"time":"2026-08-18T15:33:21","level":"INFO","logger":"bess.sync","msg":"sync.push.complete"}
{"time":"2026-08-18T15:33:21","level":"INFO","logger":"watchfiles.main","msg":"3 changes detected"}
{"time":"2026-08-18T15:34:22","level":"INFO","logger":"bess.sync","msg":"sync.push.complete"}
{"time":"2026-08-18T15:34:22","level":"INFO","logger":"watchfiles.main","msg":"3 changes detected"}
{"time":"2026-08-18T15:35:22","level":"INFO","logger":"watchfiles.main","msg":"3 changes detected"}
{"time":"2026-08-18T15:35:22","level":"INFO","logger":"bess.sync","msg":"sync.push.complete"}
{"time":"2026-08-18T15:35:22","level":"INFO","logger":"watchfiles.main","msg":"3 changes detected"}
{"time":"2026-08-18T15:36:23","level":"INFO","logger":"watchfiles.main","msg":"3 changes detected"}
{"time":"2026-08-18T15:36:23","level":"INFO","logger":"bess.sync","msg":"sync.push.complete"}
{"time":"2026-08-18T15:36:23","level":"INFO","logger":"watchfiles.main","msg":"2 changes detected"}
{"time":"2026-08-18T15:36:25","level":"INFO","logger":"watchfiles.main","msg":"1 change detected"}
{"time":"2026-08-18T15:37:23","level":"INFO","logger":"watchfiles.main","msg":"3 changes detected"}
{"time":"2026-08-18T15:37:23","level":"INFO","logger":"bess.sync","msg":"sync.push.complete"}
{"time":"2026-08-18T15:37:24","level":"INFO","logger":"watchfiles.main","msg":"2 changes detected"}
{"time":"2026-08-18T15:38:24","level":"INFO","logger":"watchfiles.main","msg":"3 changes detected"}
{"time":"2026-08-18T15:38:24","level":"INFO","logger":"bess.sync","msg":"sync.push.complete"}
{"time":"2026-08-18T15:38:24","level":"INFO","logger":"watchfiles.main","msg":"3 changes detected"}
{"time":"2026-08-18T15:39:25","level":"INFO","logger":"bess.sync","msg":"sync.push.complete"}
{"time":"2026-08-18T15:39:25","level":"INFO","logger":"watchfiles.main","msg":"3 changes detected"}
{"time":"2026-08-18T15:40:25","level":"INFO","logger":"bess.sync","msg":"sync.push.complete"}
{"time":"2026-08-18T15:40:25","level":"INFO","logger":"watchfiles.main","msg":"3 changes detected"}
{"time":"2026-08-18T15:41:26","level":"INFO","logger":"watchfiles.main","msg":"3 changes detected"}
{"time":"2026-08-18T15:41:26","level":"INFO","logger":"bess.sync","msg":"sync.push.complete"}
{"time":"2026-08-18T15:41:26","level":"INFO","logger":"watchfiles.main","msg":"3 changes detected"}
{"time":"2026-08-18T15:42:27","level":"INFO","logger":"bess.sync","msg":"sync.push.complete"}
{"time":"2026-08-18T15:42:27","level":"INFO","logger":"watchfiles.main","msg":"3 changes detected"}
{"time":"2026-08-18T15:43:27","level":"INFO","logger":"bess.sync","msg":"sync.push.complete"}
{"time":"2026-08-18T15:43:27","level":"INFO","logger":"watchfiles.main","msg":"3 changes detected"}
{"time":"2026-08-18T15:44:28","level":"INFO","logger":"bess.sync","msg":"sync.push.complete"}
{"time":"2026-08-18T15:44:28","level":"INFO","logger":"watchfiles.main","msg":"3 changes detected"}
{"time":"2026-08-18T15:45:29","level":"INFO","logger":"watchfiles.main","msg":"3 changes detected"}
{"time":"2026-08-18T15:45:29","level":"INFO","logger":"bess.sync","msg":"sync.push.complete"}
{"time":"2026-08-18T15:45:29","level":"INFO","logger":"watchfiles.main","msg":"3 changes detected"}
{"time":"2026-08-18T15:46:30","level":"INFO","logger":"watchfiles.main","msg":"3 changes detected"}
{"time":"2026-08-18T15:46:30","level":"INFO","logger":"bess.sync","msg":"sync.push.complete"}
{"time":"2026-08-18T15:46:30","level":"INFO","logger":"watchfiles.main","msg":"3 changes detected"}
{"time":"2026-08-18T15:47:30","level":"INFO","logger":"watchfiles.main","msg":"3 changes detected"}
{"time":"2026-08-18T15:47:30","level":"INFO","logger":"bess.sync","msg":"sync.push.complete"}
{"time":"2026-08-18T15:48:31","level":"INFO","logger":"watchfiles.main","msg":"3 changes detected"}
{"time":"2026-08-18T15:48:31","level":"INFO","logger":"bess.sync","msg":"sync.push.complete"}
{"time":"2026-08-18T15:48:31","level":"INFO","logger":"watchfiles.main","msg":"3 changes detected"}
{"time":"2026-08-18T15:49:31","level":"INFO","logger":"bess.sync","msg":"sync.push.complete"}
{"time":"2026-08-18T15:49:31","level":"INFO","logger":"watchfiles.main","msg":"3 changes detected"}
{"time":"2026-08-18T15:50:32","level":"INFO","logger":"watchfiles.main","msg":"1 change detected"}
{"time":"2026-08-18T15:50:32","level":"INFO","logger":"bess.sync","msg":"sync.push.complete"}
{"time":"2026-08-18T15:50:32","level":"INFO","logger":"watchfiles.main","msg":"4 changes detected"}
{"time":"2026-08-18T15:51:33","level":"INFO","logger":"bess.sync","msg":"sync.push.complete"}
{"time":"2026-08-18T15:51:33","level":"INFO","logger":"watchfiles.main","msg":"3 changes detected"}
{"time":"2026-08-18T15:52:34","level":"INFO","logger":"bess.sync","msg":"sync.push.complete"}
{"time":"2026-08-18T15:52:34","level":"INFO","logger":"watchfiles.main","msg":"3 changes detected"}
{"time":"2026-08-18T15:53:34","level":"INFO","logger":"bess.sync","msg":"sync.push.complete"}
{"time":"2026-08-18T15:53:34","level":"INFO","logger":"watchfiles.main","msg":"3 changes detected"}
{"time":"2026-08-18T15:54:35","level":"INFO","logger":"bess.sync","msg":"sync.push.complete"}
{"time":"2026-08-18T15:54:35","level":"INFO","logger":"watchfiles.main","msg":"3 changes detected"}
{"time":"2026-08-18T15:55:36","level":"INFO","logger":"bess.sync","msg":"sync.push.complete"}
{"time":"2026-08-18T15:55:36","level":"INFO","logger":"watchfiles.main","msg":"3 changes detected"}
{"time":"2026-08-18T15:56:37","level":"INFO","logger":"watchfiles.main","msg":"3 changes detected"}
{"time":"2026-08-18T15:56:37","level":"INFO","logger":"bess.sync","msg":"sync.push.complete"}
{"time":"2026-08-18T15:56:37","level":"INFO","logger":"watchfiles.main","msg":"3 changes detected"}
{"time":"2026-08-18T15:57:37","level":"INFO","logger":"bess.sync","msg":"sync.push.complete"}
{"time":"2026-08-18T15:57:37","level":"INFO","logger":"watchfiles.main","msg":"3 changes detected"}
{"time":"2026-08-18T15:58:38","level":"INFO","logger":"watchfiles.main","msg":"3 changes detected"}
{"time":"2026-08-18T15:58:38","level":"INFO","logger":"bess.sync","msg":"sync.push.complete"}
{"time":"2026-08-18T15:59:39","level":"INFO","logger":"bess.sync","msg":"sync.push.complete"}
{"time":"2026-08-18T15:59:39","level":"INFO","logger":"watchfiles.main","msg":"3 changes detected"}
{"time":"2026-08-18T16:00:40","level":"INFO","logger":"bess.sync","msg":"sync.push.complete"}
{"time":"2026-08-18T16:00:40","level":"INFO","logger":"watchfiles.main","msg":"3 changes detected"}
{"time":"2026-08-18T16:01:40","level":"INFO","logger":"bess.sync","msg":"sync.push.complete"}
{"time":"2026-08-18T16:01:40","level":"INFO","logger":"watchfiles.main","msg":"3 changes detected"}
{"time":"2026-08-18T16:02:41","level":"INFO","logger":"watchfiles.main","msg":"3 changes detected"}
{"time":"2026-08-18T16:02:41","level":"INFO","logger":"bess.sync","msg":"sync.push.complete"}
{"time":"2026-08-18T16:02:41","level":"INFO","logger":"watchfiles.main","msg":"3 changes detected"}
{"time":"2026-08-18T16:03:42","level":"INFO","logger":"watchfiles.main","msg":"3 changes detected"}
{"time":"2026-08-18T16:03:42","level":"INFO","logger":"bess.sync","msg":"sync.push.complete"}
{"time":"2026-08-18T16:04:43","level":"INFO","logger":"watchfiles.main","msg":"3 changes detected"}
{"time":"2026-08-18T16:04:43","level":"INFO","logger":"bess.sync","msg":"sync.push.complete"}
{"time":"2026-08-18T16:04:43","level":"INFO","logger":"watchfiles.main","msg":"3 changes detected"}
{"time":"2026-08-18T16:05:43","level":"INFO","logger":"bess.sync","msg":"sync.push.complete"}
{"time":"2026-08-18T16:05:43","level":"INFO","logger":"watchfiles.main","msg":"3 changes detected"}
{"time":"2026-08-18T16:06:23","level":"INFO","logger":"watchfiles.main","msg":"1 change detected"}
{"time":"2026-08-18T16:06:44","level":"INFO","logger":"bess.sync","msg":"sync.push.complete"}
{"time":"2026-08-18T16:06:44","level":"INFO","logger":"watchfiles.main","msg":"3 changes detected"}
{"time":"2026-08-18T16:07:45","level":"INFO","logger":"watchfiles.main","msg":"3 changes detected"}
{"time":"2026-08-18T16:07:45","level":"INFO","logger":"bess.sync","msg":"sync.push.complete"}
{"time":"2026-08-18T16:07:45","level":"INFO","logger":"watchfiles.main","msg":"2 changes detected"}
{"time":"2026-08-18T16:08:46","level":"INFO","logger":"bess.sync","msg":"sync.push.complete"}
{"time":"2026-08-18T16:08:46","level":"INFO","logger":"watchfiles.main","msg":"3 changes detected"}
{"time":"2026-08-18T16:09:47","level":"INFO","logger":"watchfiles.main","msg":"3 changes detected"}
{"time":"2026-08-18T16:09:47","level":"INFO","logger":"bess.sync","msg":"sync.push.complete"}
{"time":"2026-08-18T16:09:47","level":"INFO","logger":"watchfiles.main","msg":"3 changes detected"}
{"time":"2026-08-18T16:10:47","level":"INFO","logger":"watchfiles.main","msg":"3 changes detected"}
{"time":"2026-08-18T16:10:48","level":"INFO","logger":"bess.sync","msg":"sync.push.complete"}
{"time":"2026-08-18T16:10:48","level":"INFO","logger":"watchfiles.main","msg":"3 changes detected"}
{"time":"2026-08-18T16:11:48","level":"INFO","logger":"watchfiles.main","msg":"3 changes detected"}
{"time":"2026-08-18T16:11:48","level":"INFO","logger":"bess.sync","msg":"sync.push.complete"}
{"time":"2026-08-18T16:12:49","level":"INFO","logger":"watchfiles.main","msg":"3 changes detected"}
{"time":"2026-08-18T16:12:49","level":"INFO","logger":"bess.sync","msg":"sync.push.complete"}
{"time":"2026-08-18T16:12:49","level":"INFO","logger":"watchfiles.main","msg":"3 changes detected"}
{"time":"2026-08-18T16:13:50","level":"INFO","logger":"watchfiles.main","msg":"3 changes detected"}
{"time":"2026-08-18T16:13:50","level":"INFO","logger":"bess.sync","msg":"sync.push.complete"}
{"time":"2026-08-18T16:13:50","level":"INFO","logger":"watchfiles.main","msg":"3 changes detected"}
{"time":"2026-08-18T16:14:51","level":"INFO","logger":"watchfiles.main","msg":"3 changes detected"}
{"time":"2026-08-18T16:14:51","level":"INFO","logger":"bess.sync","msg":"sync.push.complete"}
{"time":"2026-08-18T16:14:51","level":"INFO","logger":"watchfiles.main","msg":"3 changes detected"}
{"time":"2026-08-18T16:15:52","level":"INFO","logger":"watchfiles.main","msg":"3 changes detected"}
{"time":"2026-08-18T16:15:52","level":"INFO","logger":"bess.sync","msg":"sync.push.complete"}
{"time":"2026-08-18T16:15:52","level":"INFO","logger":"watchfiles.main","msg":"2 changes detected"}
{"time":"2026-08-18T16:16:52","level":"INFO","logger":"bess.sync","msg":"sync.push.complete"}
{"time":"2026-08-18T16:16:52","level":"INFO","logger":"watchfiles.main","msg":"3 changes detected"}
{"time":"2026-08-18T16:17:53","level":"INFO","logger":"watchfiles.main","msg":"3 changes detected"}
{"time":"2026-08-18T16:17:53","level":"INFO","logger":"bess.sync","msg":"sync.push.complete"}
{"time":"2026-08-18T16:17:54","level":"INFO","logger":"watchfiles.main","msg":"2 changes detected"}
{"time":"2026-08-18T16:18:54","level":"INFO","logger":"watchfiles.main","msg":"3 changes detected"}
{"time":"2026-08-18T16:19:55","level":"INFO","logger":"bess.sync","msg":"sync.push.complete"}
{"time":"2026-08-18T16:19:55","level":"INFO","logger":"watchfiles.main","msg":"3 changes detected"}
{"time":"2026-08-18T16:20:56","level":"INFO","logger":"watchfiles.main","msg":"3 changes detected"}
{"time":"2026-08-18T16:20:56","level":"INFO","logger":"bess.sync","msg":"sync.push.complete"}
{"time":"2026-08-18T16:20:56","level":"INFO","logger":"watchfiles.main","msg":"3 changes detected"}
{"time":"2026-08-18T17:20:39","level":"INFO","logger":"watchfiles.main","msg":"3 changes detected"}
{"time":"2026-08-18T17:20:40","level":"INFO","logger":"bess.sync","msg":"sync.push.complete"}
{"time":"2026-08-18T17:20:40","level":"INFO","logger":"watchfiles.main","msg":"3 changes detected"}
{"time":"2026-08-18T17:21:40","level":"INFO","logger":"watchfiles.main","msg":"3 changes detected"}
{"time":"2026-08-18T17:21:40","level":"INFO","logger":"bess.sync","msg":"sync.push.complete"}
{"time":"2026-08-18T17:21:41","level":"INFO","logger":"watchfiles.main","msg":"3 changes detected"}
{"time":"2026-08-18T17:22:41","level":"INFO","logger":"watchfiles.main","msg":"3 changes detected"}
{"time":"2026-08-18T17:22:41","level":"INFO","logger":"bess.sync","msg":"sync.push.complete"}
{"time":"2026-08-18T17:22:42","level":"INFO","logger":"watchfiles.main","msg":"3 changes detected"}
{"time":"2026-08-18T17:23:42","level":"INFO","logger":"bess.sync","msg":"sync.push.complete"}
{"time":"2026-08-18T17:23:42","level":"INFO","logger":"watchfiles.main","msg":"3 changes detected"}
{"time":"2026-08-18T17:24:43","level":"INFO","logger":"watchfiles.main","msg":"3 changes detected"}
{"time":"2026-08-18T17:24:43","level":"INFO","logger":"bess.sync","msg":"sync.push.complete"}
{"time":"2026-08-18T17:24:43","level":"INFO","logger":"watchfiles.main","msg":"3 changes detected"}
{"time":"2026-08-18T17:25:43","level":"INFO","logger":"watchfiles.main","msg":"3 changes detected"}
{"time":"2026-08-18T17:25:43","level":"INFO","logger":"bess.sync","msg":"sync.push.complete"}
{"time":"2026-08-18T17:25:44","level":"INFO","logger":"watchfiles.main","msg":"1 change detected"}
{"time":"2026-08-18T17:26:44","level":"INFO","logger":"watchfiles.main","msg":"3 changes detected"}
{"time":"2026-08-18T17:26:44","level":"INFO","logger":"bess.sync","msg":"sync.push.complete"}
{"time":"2026-08-18T17:26:44","level":"INFO","logger":"watchfiles.main","msg":"3 changes detected"}
{"time":"2026-08-18T17:27:45","level":"INFO","logger":"watchfiles.main","msg":"3 changes detected"}
{"time":"2026-08-18T17:27:45","level":"INFO","logger":"bess.sync","msg":"sync.push.complete"}
{"time":"2026-08-18T17:27:45","level":"INFO","logger":"watchfiles.main","msg":"3 changes detected"}
{"time":"2026-08-18T17:47:02","level":"INFO","logger":"watchfiles.main","msg":"1 change detected"}
{"time":"2026-08-19T10:21:22","level":"INFO","logger":"watchfiles.main","msg":"3 changes detected"}
{"time":"2026-08-19T10:21:23","level":"INFO","logger":"bess.sync","msg":"sync.push.complete"}
{"time":"2026-08-19T10:21:24","level":"INFO","logger":"watchfiles.main","msg":"3 changes detected"}
{"time":"2026-08-19T10:22:28","level":"INFO","logger":"watchfiles.main","msg":"3 changes detected"}
{"time":"2026-08-19T10:22:28","level":"INFO","logger":"bess.sync","msg":"sync.push.complete"}
{"time":"2026-08-19T10:22:28","level":"INFO","logger":"watchfiles.main","msg":"3 changes detected"}
{"time":"2026-08-19T10:23:28","level":"INFO","logger":"bess.sync","msg":"sync.push.complete"}
{"time":"2026-08-19T10:23:28","level":"INFO","logger":"watchfiles.main","msg":"3 changes detected"}
{"time":"2026-08-19T10:24:29","level":"INFO","logger":"bess.sync","msg":"sync.push.complete"}
{"time":"2026-08-19T10:24:29","level":"INFO","logger":"watchfiles.main","msg":"3 changes detected"}
{"time":"2026-08-19T10:25:30","level":"INFO","logger":"watchfiles.main","msg":"3 changes detected"}
{"time":"2026-08-19T10:25:30","level":"INFO","logger":"bess.sync","msg":"sync.push.complete"}
{"time":"2026-08-19T10:26:31","level":"INFO","logger":"bess.sync","msg":"sync.push.complete"}
{"time":"2026-08-19T10:26:31","level":"INFO","logger":"watchfiles.main","msg":"3 changes detected"}
{"time":"2026-08-19T10:27:31","level":"INFO","logger":"bess.sync","msg":"sync.push.complete"}
{"time":"2026-08-19T10:27:31","level":"INFO","logger":"watchfiles.main","msg":"3 changes detected"}
{"time":"2026-08-19T10:28:32","level":"INFO","logger":"watchfiles.main","msg":"3 changes detected"}
{"time":"2026-08-19T10:28:32","level":"INFO","logger":"bess.sync","msg":"sync.push.complete"}
{"time":"2026-08-19T10:28:32","level":"INFO","logger":"watchfiles.main","msg":"3 changes detected"}
{"time":"2026-08-19T10:29:32","level":"INFO","logger":"bess.sync","msg":"sync.push.complete"}
{"time":"2026-08-19T10:29:32","level":"INFO","logger":"watchfiles.main","msg":"3 changes detected"}
{"time":"2026-08-19T10:30:33","level":"INFO","logger":"bess.sync","msg":"sync.push.complete"}
{"time":"2026-08-19T10:30:33","level":"INFO","logger":"watchfiles.main","msg":"3 changes detected"}
{"time":"2026-08-19T10:31:33","level":"INFO","logger":"bess.sync","msg":"sync.push.complete"}
{"time":"2026-08-19T10:31:33","level":"INFO","logger":"watchfiles.main","msg":"3 changes detected"}
{"time":"2026-08-19T10:31:47","level":"INFO","logger":"watchfiles.main","msg":"1 change detected"}
{"time":"2026-08-19T10:32:34","level":"INFO","logger":"watchfiles.main","msg":"3 changes detected"}
{"time":"2026-08-19T10:32:34","level":"INFO","logger":"bess.sync","msg":"sync.push.complete"}
{"time":"2026-08-19T10:32:35","level":"INFO","logger":"watchfiles.main","msg":"3 changes detected"}
{"time":"2026-08-19T10:33:35","level":"INFO","logger":"bess.sync","msg":"sync.push.complete"}
{"time":"2026-08-19T10:33:35","level":"INFO","logger":"watchfiles.main","msg":"3 changes detected"}
{"time":"2026-08-19T10:34:35","level":"INFO","logger":"bess.sync","msg":"sync.push.complete"}
{"time":"2026-08-19T10:34:35","level":"INFO","logger":"watchfiles.main","msg":"3 changes detected"}
{"time":"2026-08-19T10:35:36","level":"INFO","logger":"watchfiles.main","msg":"3 changes detected"}
{"time":"2026-08-19T10:35:36","level":"INFO","logger":"bess.sync","msg":"sync.push.complete"}
{"time":"2026-08-19T10:36:36","level":"INFO","logger":"bess.sync","msg":"sync.push.complete"}
{"time":"2026-08-19T10:36:36","level":"INFO","logger":"watchfiles.main","msg":"3 changes detected"}
{"time":"2026-08-19T10:37:37","level":"INFO","logger":"bess.sync","msg":"sync.push.complete"}
{"time":"2026-08-19T10:37:37","level":"INFO","logger":"watchfiles.main","msg":"3 changes detected"}
{"time":"2026-08-19T10:38:37","level":"INFO","logger":"bess.sync","msg":"sync.push.complete"}
{"time":"2026-08-19T10:38:37","level":"INFO","logger":"watchfiles.main","msg":"3 changes detected"}
{"time":"2026-08-19T10:39:38","level":"INFO","logger":"bess.sync","msg":"sync.push.complete"}
{"time":"2026-08-19T10:39:38","level":"INFO","logger":"watchfiles.main","msg":"3 changes detected"}
{"time":"2026-08-19T10:40:38","level":"INFO","logger":"watchfiles.main","msg":"3 changes detected"}
{"time":"2026-08-19T10:40:38","level":"INFO","logger":"bess.sync","msg":"sync.push.complete"}
{"time":"2026-08-19T10:40:39","level":"INFO","logger":"watchfiles.main","msg":"3 changes detected"}
{"time":"2026-08-19T10:41:39","level":"INFO","logger":"bess.sync","msg":"sync.push.complete"}
{"time":"2026-08-19T10:41:39","level":"INFO","logger":"watchfiles.main","msg":"3 changes detected"}
{"time":"2026-08-19T10:42:40","level":"INFO","logger":"watchfiles.main","msg":"3 changes detected"}
{"time":"2026-08-19T10:42:40","level":"INFO","logger":"bess.sync","msg":"sync.push.complete"}
{"time":"2026-08-19T10:42:40","level":"INFO","logger":"watchfiles.main","msg":"3 changes detected"}
{"time":"2026-08-19T10:43:41","level":"INFO","logger":"watchfiles.main","msg":"3 changes detected"}
{"time":"2026-08-19T10:43:41","level":"INFO","logger":"bess.sync","msg":"sync.push.complete"}
{"time":"2026-08-19T10:43:41","level":"INFO","logger":"watchfiles.main","msg":"3 changes detected"}
{"time":"2026-08-19T10:44:41","level":"INFO","logger":"bess.sync","msg":"sync.push.complete"}
{"time":"2026-08-19T10:44:41","level":"INFO","logger":"watchfiles.main","msg":"3 changes detected"}
{"time":"2026-08-19T10:45:42","level":"INFO","logger":"watchfiles.main","msg":"3 changes detected"}
{"time":"2026-08-19T10:45:42","level":"INFO","logger":"bess.sync","msg":"sync.push.complete"}
{"time":"2026-08-19T10:45:42","level":"INFO","logger":"watchfiles.main","msg":"2 changes detected"}
{"time":"2026-08-19T10:46:43","level":"INFO","logger":"bess.sync","msg":"sync.push.complete"}
{"time":"2026-08-19T10:46:43","level":"INFO","logger":"watchfiles.main","msg":"3 changes detected"}
{"time":"2026-08-19T10:47:43","level":"INFO","logger":"watchfiles.main","msg":"3 changes detected"}
{"time":"2026-08-19T10:47:43","level":"INFO","logger":"bess.sync","msg":"sync.push.complete"}
{"time":"2026-08-19T10:47:44","level":"INFO","logger":"watchfiles.main","msg":"2 changes detected"}
{"time":"2026-08-19T10:48:44","level":"INFO","logger":"bess.sync","msg":"sync.push.complete"}
{"time":"2026-08-19T10:48:44","level":"INFO","logger":"watchfiles.main","msg":"3 changes detected"}
{"time":"2026-08-19T10:49:45","level":"INFO","logger":"watchfiles.main","msg":"3 changes detected"}
{"time":"2026-08-19T10:49:45","level":"INFO","logger":"bess.sync","msg":"sync.push.complete"}
{"time":"2026-08-19T10:49:45","level":"INFO","logger":"watchfiles.main","msg":"2 changes detected"}
{"time":"2026-08-19T10:50:46","level":"INFO","logger":"watchfiles.main","msg":"3 changes detected"}
{"time":"2026-08-19T10:50:46","level":"INFO","logger":"bess.sync","msg":"sync.push.complete"}
{"time":"2026-08-19T10:51:46","level":"INFO","logger":"watchfiles.main","msg":"1 change detected"}
{"time":"2026-08-19T10:51:46","level":"INFO","logger":"watchfiles.main","msg":"3 changes detected"}
{"time":"2026-08-19T10:51:46","level":"INFO","logger":"bess.sync","msg":"sync.push.complete"}
{"time":"2026-08-19T10:51:47","level":"INFO","logger":"watchfiles.main","msg":"3 changes detected"}
{"time":"2026-08-19T10:52:47","level":"INFO","logger":"bess.sync","msg":"sync.push.complete"}
{"time":"2026-08-19T10:52:47","level":"INFO","logger":"watchfiles.main","msg":"3 changes detected"}
{"time":"2026-08-19T10:53:48","level":"INFO","logger":"bess.sync","msg":"sync.push.complete"}
{"time":"2026-08-19T10:53:48","level":"INFO","logger":"watchfiles.main","msg":"3 changes detected"}
{"time":"2026-08-19T10:54:48","level":"INFO","logger":"bess.sync","msg":"sync.push.complete"}
{"time":"2026-08-19T10:54:48","level":"INFO","logger":"watchfiles.main","msg":"3 changes detected"}
{"time":"2026-08-19T10:55:49","level":"INFO","logger":"bess.sync","msg":"sync.push.complete"}
ed"}
{"time":"2026-08-19T10:56:49","level":"INFO","logger":"bess.sync","msg":"sync.push.complete"}
{"time":"2026-08-19T10:56:49","level":"INFO","logger":"watchfiles.main","msg":"3 changes detected"}
{"time":"2026-08-19T10:57:50","level":"INFO","logger":"watchfiles.main","msg":"3 changes detected"}
{"time":"2026-08-19T10:57:50","level":"INFO","logger":"bess.sync","msg":"sync.push.complete"}
{"time":"2026-08-19T10:57:50","level":"INFO","logger":"watchfiles.main","msg":"2 changes detected"}
{"time":"2026-08-19T10:58:51","level":"INFO","logger":"watchfiles.main","msg":"3 changes detected"}
{"time":"2026-08-19T10:58:51","level":"INFO","logger":"bess.sync","msg":"sync.push.complete"}
{"time":"2026-08-19T10:58:51","level":"INFO","logger":"watchfiles.main","msg":"3 changes detected"}
{"time":"2026-08-19T10:59:52","level":"INFO","logger":"watchfiles.main","msg":"3 changes detected"}
{"time":"2026-08-19T10:59:52","level":"INFO","logger":"bess.sync","msg":"sync.push.complete"}
{"time":"2026-08-19T10:59:52","level":"INFO","logger":"watchfiles.main","msg":"3 changes detected"}
{"time":"2026-08-19T11:00:52","level":"INFO","logger":"watchfiles.main","msg":"3 changes detected"}
{"time":"2026-08-19T11:00:52","level":"INFO","logger":"bess.sync","msg":"sync.push.complete"}
{"time":"2026-08-19T11:00:53","level":"INFO","logger":"watchfiles.main","msg":"3 changes detected"}
{"time":"2026-08-19T11:01:53","level":"INFO","logger":"watchfiles.main","msg":"3 changes detected"}
{"time":"2026-08-19T11:01:53","level":"INFO","logger":"bess.sync","msg":"sync.push.complete"}
{"time":"2026-08-19T11:01:53","level":"INFO","logger":"watchfiles.main","msg":"3 changes detected"}
{"time":"2026-08-19T11:02:54","level":"INFO","logger":"watchfiles.main","msg":"3 changes detected"}
{"time":"2026-08-19T11:02:54","level":"INFO","logger":"bess.sync","msg":"sync.push.complete"}
{"time":"2026-08-19T11:02:54","level":"INFO","logger":"watchfiles.main","msg":"3 changes detected"}
{"time":"2026-08-19T11:03:54","level":"INFO","logger":"watchfiles.main","msg":"3 changes detected"}
{"time":"2026-08-19T11:03:54","level":"INFO","logger":"bess.sync","msg":"sync.push.complete"}
{"time":"2026-08-19T11:03:55","level":"INFO","logger":"watchfiles.main","msg":"3 changes detected"}
{"time":"2026-08-19T11:04:55","level":"INFO","logger":"watchfiles.main","msg":"3 changes detected"}
{"time":"2026-08-19T11:04:55","level":"INFO","logger":"bess.sync","msg":"sync.push.complete"}
{"time":"2026-08-19T11:04:55","level":"INFO","logger":"watchfiles.main","msg":"3 changes detected"}
{"time":"2026-08-19T11:05:55","level":"INFO","logger":"watchfiles.main","msg":"3 changes detected"}
{"time":"2026-08-19T11:05:55","level":"INFO","logger":"bess.sync","msg":"sync.push.complete"}
{"time":"2026-08-19T11:05:56","level":"INFO","logger":"watchfiles.main","msg":"3 changes detected"}
{"time":"2026-08-19T11:06:56","level":"INFO","logger":"bess.sync","msg":"sync.push.complete"}
{"time":"2026-08-19T11:06:56","level":"INFO","logger":"watchfiles.main","msg":"3 changes detected"}
{"time":"2026-08-19T11:07:57","level":"INFO","logger":"watchfiles.main","msg":"3 changes detected"}
{"time":"2026-08-19T11:07:57","level":"INFO","logger":"bess.sync","msg":"sync.push.complete"}
{"time":"2026-08-19T11:07:57","level":"INFO","logger":"watchfiles.main","msg":"1 change detected"}
{"time":"2026-08-19T11:08:57","level":"INFO","logger":"watchfiles.main","msg":"3 changes detected"}
{"time":"2026-08-19T11:08:57","level":"INFO","logger":"bess.sync","msg":"sync.push.complete"}
{"time":"2026-08-19T11:08:58","level":"INFO","logger":"watchfiles.main","msg":"3 changes detected"}
{"time":"2026-08-19T11:09:58","level":"INFO","logger":"watchfiles.main","msg":"3 changes detected"}
{"time":"2026-08-19T11:09:58","level":"INFO","logger":"bess.sync","msg":"sync.push.complete"}
{"time":"2026-08-19T11:09:58","level":"INFO","logger":"watchfiles.main","msg":"3 changes detected"}
{"time":"2026-08-19T11:10:58","level":"INFO","logger":"watchfiles.main","msg":"3 changes detected"}
{"time":"2026-08-19T11:10:58","level":"INFO","logger":"bess.sync","msg":"sync.push.complete"}
{"time":"2026-08-19T11:10:59","level":"INFO","logger":"watchfiles.main","msg":"1 change detected"}
{"time":"2026-08-19T11:11:59","level":"INFO","logger":"watchfiles.main","msg":"3 changes detected"}
{"time":"2026-08-19T11:11:59","level":"INFO","logger":"bess.sync","msg":"sync.push.complete"}
{"time":"2026-08-19T11:11:59","level":"INFO","logger":"watchfiles.main","msg":"3 changes detected"}
{"time":"2026-08-19T11:13:00","level":"INFO","logger":"watchfiles.main","msg":"3 changes detected"}
{"time":"2026-08-19T11:13:00","level":"INFO","logger":"bess.sync","msg":"sync.push.complete"}
{"time":"2026-08-19T11:13:00","level":"INFO","logger":"watchfiles.main","msg":"3 changes detected"}
{"time":"2026-08-19T11:14:00","level":"INFO","logger":"watchfiles.main","msg":"3 changes detected"}
{"time":"2026-08-19T11:14:00","level":"INFO","logger":"bess.sync","msg":"sync.push.complete"}
{"time":"2026-08-19T11:14:01","level":"INFO","logger":"watchfiles.main","msg":"3 changes detected"}
{"time":"2026-08-19T11:15:01","level":"INFO","logger":"watchfiles.main","msg":"3 changes detected"}
{"time":"2026-08-19T11:15:01","level":"INFO","logger":"bess.sync","msg":"sync.push.complete"}
{"time":"2026-08-19T11:15:01","level":"INFO","logger":"watchfiles.main","msg":"3 changes detected"}
{"time":"2026-08-19T11:16:02","level":"INFO","logger":"watchfiles.main","msg":"3 changes detected"}
{"time":"2026-08-19T11:16:02","level":"INFO","logger":"bess.sync","msg":"sync.push.complete"}
{"time":"2026-08-19T11:16:02","level":"INFO","logger":"watchfiles.main","msg":"3 changes detected"}
{"time":"2026-08-19T11:17:03","level":"INFO","logger":"watchfiles.main","msg":"3 changes detected"}
{"time":"2026-08-19T11:17:03","level":"INFO","logger":"bess.sync","msg":"sync.push.complete"}
{"time":"2026-08-19T11:17:03","level":"INFO","logger":"watchfiles.main","msg":"3 changes detected"}
{"time":"2026-08-19T11:18:03","level":"INFO","logger":"watchfiles.main","msg":"3 changes detected"}
{"time":"2026-08-19T11:18:03","level":"INFO","logger":"bess.sync","msg":"sync.push.complete"}
{"time":"2026-08-19T11:18:04","level":"INFO","logger":"watchfiles.main","msg":"2 changes detected"}
{"time":"2026-08-19T11:19:04","level":"INFO","logger":"watchfiles.main","msg":"3 changes detected"}
{"time":"2026-08-19T11:19:04","level":"INFO","logger":"bess.sync","msg":"sync.push.complete"}
{"time":"2026-08-19T11:19:05","level":"INFO","logger":"watchfiles.main","msg":"3 changes detected"}
{"time":"2026-08-19T11:20:05","level":"INFO","logger":"watchfiles.main","msg":"3 changes detected"}
{"time":"2026-08-19T11:20:05","level":"INFO","logger":"bess.sync","msg":"sync.push.complete"}
{"time":"2026-08-19T11:20:05","level":"INFO","logger":"watchfiles.main","msg":"3 changes detected"}
{"time":"2026-08-19T11:21:05","level":"INFO","logger":"watchfiles.main","msg":"3 changes detected"}
{"time":"2026-08-19T11:21:05","level":"INFO","logger":"bess.sync","msg":"sync.push.complete"}
{"time":"2026-08-19T11:21:06","level":"INFO","logger":"watchfiles.main","msg":"3 changes detected"}
{"time":"2026-08-19T11:21:46","level":"INFO","logger":"watchfiles.main","msg":"1 change detected"}
{"time":"2026-08-19T11:22:06","level":"INFO","logger":"watchfiles.main","msg":"3 changes detected"}
{"time":"2026-08-19T11:22:06","level":"INFO","logger":"bess.sync","msg":"sync.push.complete"}
{"time":"2026-08-19T11:22:06","level":"INFO","logger":"watchfiles.main","msg":"4 changes detected"}
{"time":"2026-08-19T11:23:07","level":"INFO","logger":"watchfiles.main","msg":"3 changes detected"}
{"time":"2026-08-19T11:23:07","level":"INFO","logger":"bess.sync","msg":"sync.push.complete"}
{"time":"2026-08-19T11:23:07","level":"INFO","logger":"watchfiles.main","msg":"3 changes detected"}
{"time":"2026-08-19T11:24:08","level":"INFO","logger":"watchfiles.main","msg":"3 changes detected"}
{"time":"2026-08-19T11:24:08","level":"INFO","logger":"bess.sync","msg":"sync.push.complete"}
{"time":"2026-08-19T11:24:08","level":"INFO","logger":"watchfiles.main","msg":"3 changes detected"}
{"time":"2026-08-19T11:25:08","level":"INFO","logger":"watchfiles.main","msg":"3 changes detected"}
{"time":"2026-08-19T11:25:08","level":"INFO","logger":"bess.sync","msg":"sync.push.complete"}
{"time":"2026-08-19T11:25:09","level":"INFO","logger":"watchfiles.main","msg":"3 changes detected"}
{"time":"2026-08-19T11:26:09","level":"INFO","logger":"watchfiles.main","msg":"3 changes detected"}
{"time":"2026-08-19T11:26:09","level":"INFO","logger":"bess.sync","msg":"sync.push.complete"}
{"time":"2026-08-19T11:26:09","level":"INFO","logger":"watchfiles.main","msg":"3 changes detected"}
{"time":"2026-08-19T11:27:10","level":"INFO","logger":"watchfiles.main","msg":"3 changes detected"}
{"time":"2026-08-19T11:27:10","level":"INFO","logger":"bess.sync","msg":"sync.push.complete"}
{"time":"2026-08-19T11:27:10","level":"INFO","logger":"watchfiles.main","msg":"3 changes detected"}
{"time":"2026-08-19T11:28:10","level":"INFO","logger":"watchfiles.main","msg":"3 changes detected"}
{"time":"2026-08-19T11:28:10","level":"INFO","logger":"bess.sync","msg":"sync.push.complete"}
{"time":"2026-08-19T11:28:11","level":"INFO","logger":"watchfiles.main","msg":"2 changes detected"}
{"time":"2026-08-19T11:29:11","level":"INFO","logger":"watchfiles.main","msg":"3 changes detected"}
{"time":"2026-08-19T11:29:11","level":"INFO","logger":"bess.sync","msg":"sync.push.complete"}
{"time":"2026-08-19T11:29:12","level":"INFO","logger":"watchfiles.main","msg":"3 changes detected"}
{"time":"2026-08-19T11:30:12","level":"INFO","logger":"watchfiles.main","msg":"3 changes detected"}
{"time":"2026-08-19T11:30:12","level":"INFO","logger":"bess.sync","msg":"sync.push.complete"}
{"time":"2026-08-19T11:30:12","level":"INFO","logger":"watchfiles.main","msg":"3 changes detected"}
{"time":"2026-08-19T11:31:13","level":"INFO","logger":"watchfiles.main","msg":"3 changes detected"}
{"time":"2026-08-19T11:31:13","level":"INFO","logger":"bess.sync","msg":"sync.push.complete"}
{"time":"2026-08-19T11:31:13","level":"INFO","logger":"watchfiles.main","msg":"3 changes detected"}
{"time":"2026-08-19T11:32:13","level":"INFO","logger":"watchfiles.main","msg":"3 changes detected"}
{"time":"2026-08-19T11:32:13","level":"INFO","logger":"bess.sync","msg":"sync.push.complete"}
{"time":"2026-08-19T11:32:14","level":"INFO","logger":"watchfiles.main","msg":"3 changes detected"}
{"time":"2026-08-19T11:33:14","level":"INFO","logger":"watchfiles.main","msg":"3 changes detected"}
{"time":"2026-08-19T11:33:14","level":"INFO","logger":"bess.sync","msg":"sync.push.complete"}
{"time":"2026-08-19T11:33:14","level":"INFO","logger":"watchfiles.main","msg":"3 changes detected"}
{"time":"2026-08-19T11:34:15","level":"INFO","logger":"watchfiles.main","msg":"3 changes detected"}
{"time":"2026-08-19T11:34:15","level":"INFO","logger":"bess.sync","msg":"sync.push.complete"}
{"time":"2026-08-19T11:34:15","level":"INFO","logger":"watchfiles.main","msg":"3 changes detected"}
{"time":"2026-08-19T11:35:16","level":"INFO","logger":"watchfiles.main","msg":"3 changes detected"}
{"time":"2026-08-19T11:35:16","level":"INFO","logger":"bess.sync","msg":"sync.push.complete"}
{"time":"2026-08-19T11:35:16","level":"INFO","logger":"watchfiles.main","msg":"3 changes detected"}
{"time":"2026-08-19T11:36:16","level":"INFO","logger":"watchfiles.main","msg":"3 changes detected"}
{"time":"2026-08-19T11:36:16","level":"INFO","logger":"bess.sync","msg":"sync.push.complete"}
{"time":"2026-08-19T11:36:17","level":"INFO","logger":"watchfiles.main","msg":"3 changes detected"}
{"time":"2026-08-19T11:37:17","level":"INFO","logger":"watchfiles.main","msg":"3 changes detected"}
{"time":"2026-08-19T11:37:17","level":"INFO","logger":"bess.sync","msg":"sync.push.complete"}
{"time":"2026-08-19T11:37:17","level":"INFO","logger":"watchfiles.main","msg":"3 changes detected"}
{"time":"2026-08-19T11:38:18","level":"INFO","logger":"watchfiles.main","msg":"3 changes detected"}
{"time":"2026-08-19T11:38:18","level":"INFO","logger":"bess.sync","msg":"sync.push.complete"}
{"time":"2026-08-19T11:38:18","level":"INFO","logger":"watchfiles.main","msg":"3 changes detected"}
{"time":"2026-08-19T11:39:18","level":"INFO","logger":"watchfiles.main","msg":"3 changes detected"}
{"time":"2026-08-19T11:39:18","level":"INFO","logger":"bess.sync","msg":"sync.push.complete"}
{"time":"2026-08-19T11:39:19","level":"INFO","logger":"watchfiles.main","msg":"3 changes detected"}
{"time":"2026-08-19T11:40:19","level":"INFO","logger":"watchfiles.main","msg":"3 changes detected"}
{"time":"2026-08-19T11:40:19","level":"INFO","logger":"bess.sync","msg":"sync.push.complete"}
{"time":"2026-08-19T11:40:20","level":"INFO","logger":"watchfiles.main","msg":"3 changes detected"}
{"time":"2026-08-19T11:41:20","level":"INFO","logger":"bess.sync","msg":"sync.push.complete"}
{"time":"2026-08-19T11:41:20","level":"INFO","logger":"watchfiles.main","msg":"3 changes detected"}
{"time":"2026-08-19T11:42:21","level":"INFO","logger":"watchfiles.main","msg":"3 changes detected"}
{"time":"2026-08-19T11:42:21","level":"INFO","logger":"bess.sync","msg":"sync.push.complete"}
{"time":"2026-08-19T11:42:21","level":"INFO","logger":"watchfiles.main","msg":"3 changes detected"}
{"time":"2026-08-19T11:43:21","level":"INFO","logger":"watchfiles.main","msg":"3 changes detected"}
{"time":"2026-08-19T11:43:21","level":"INFO","logger":"bess.sync","msg":"sync.push.complete"}
{"time":"2026-08-19T11:43:22","level":"INFO","logger":"watchfiles.main","msg":"3 changes detected"}
{"time":"2026-08-19T11:44:22","level":"INFO","logger":"watchfiles.main","msg":"3 changes detected"}
{"time":"2026-08-19T11:44:22","level":"INFO","logger":"bess.sync","msg":"sync.push.complete"}
{"time":"2026-08-19T11:44:22","level":"INFO","logger":"watchfiles.main","msg":"3 changes detected"}
{"time":"2026-08-19T11:45:23","level":"INFO","logger":"watchfiles.main","msg":"3 changes detected"}
{"time":"2026-08-19T11:45:23","level":"INFO","logger":"bess.sync","msg":"sync.push.complete"}
{"time":"2026-08-19T11:45:23","level":"INFO","logger":"watchfiles.main","msg":"3 changes detected"}
{"time":"2026-08-19T11:46:23","level":"INFO","logger":"watchfiles.main","msg":"3 changes detected"}
{"time":"2026-08-19T11:46:24","level":"INFO","logger":"bess.sync","msg":"sync.push.complete"}
{"time":"2026-08-19T11:46:24","level":"INFO","logger":"watchfiles.main","msg":"3 changes detected"}
{"time":"2026-08-19T11:47:24","level":"INFO","logger":"watchfiles.main","msg":"3 changes detected"}
{"time":"2026-08-19T11:47:24","level":"INFO","logger":"bess.sync","msg":"sync.push.complete"}
{"time":"2026-08-19T11:47:25","level":"INFO","logger":"watchfiles.main","msg":"3 changes detected"}
{"time":"2026-08-19T11:48:25","level":"INFO","logger":"watchfiles.main","msg":"3 changes detected"}
{"time":"2026-08-19T11:48:25","level":"INFO","logger":"bess.sync","msg":"sync.push.complete"}
{"time":"2026-08-19T11:48:25","level":"INFO","logger":"watchfiles.main","msg":"3 changes detected"}
{"time":"2026-08-19T11:49:26","level":"INFO","logger":"watchfiles.main","msg":"3 changes detected"}
{"time":"2026-08-19T11:49:26","level":"INFO","logger":"bess.sync","msg":"sync.push.complete"}
{"time":"2026-08-19T11:49:26","level":"INFO","logger":"watchfiles.main","msg":"3 changes detected"}
{"time":"2026-08-19T11:50:27","level":"INFO","logger":"watchfiles.main","msg":"3 changes detected"}
{"time":"2026-08-19T11:50:27","level":"INFO","logger":"bess.sync","msg":"sync.push.complete"}
{"time":"2026-08-19T11:50:27","level":"INFO","logger":"watchfiles.main","msg":"3 changes detected"}
{"time":"2026-08-19T11:51:27","level":"INFO","logger":"watchfiles.main","msg":"3 changes detected"}
{"time":"2026-08-19T11:51:27","level":"INFO","logger":"bess.sync","msg":"sync.push.complete"}
{"time":"2026-08-19T11:51:28","level":"INFO","logger":"watchfiles.main","msg":"1 change detected"}
{"time":"2026-08-19T11:51:47","level":"INFO","logger":"watchfiles.main","msg":"1 change detected"}
{"time":"2026-08-19T11:52:28","level":"INFO","logger":"watchfiles.main","msg":"3 changes detected"}
{"time":"2026-08-19T11:52:28","level":"INFO","logger":"bess.sync","msg":"sync.push.complete"}
{"time":"2026-08-19T11:52:28","level":"INFO","logger":"watchfiles.main","msg":"3 changes detected"}
{"time":"2026-08-19T11:53:29","level":"INFO","logger":"watchfiles.main","msg":"3 changes detected"}
{"time":"2026-08-19T11:53:29","level":"INFO","logger":"bess.sync","msg":"sync.push.complete"}
{"time":"2026-08-19T11:53:29","level":"INFO","logger":"watchfiles.main","msg":"3 changes detected"}
{"time":"2026-08-19T11:54:30","level":"INFO","logger":"watchfiles.main","msg":"3 changes detected"}
{"time":"2026-08-19T11:54:30","level":"INFO","logger":"bess.sync","msg":"sync.push.complete"}
{"time":"2026-08-19T11:54:30","level":"INFO","logger":"watchfiles.main","msg":"3 changes detected"}
{"time":"2026-08-19T11:55:30","level":"INFO","logger":"watchfiles.main","msg":"3 changes detected"}
{"time":"2026-08-19T11:55:31","level":"INFO","logger":"bess.sync","msg":"sync.push.complete"}
{"time":"2026-08-19T11:55:31","level":"INFO","logger":"watchfiles.main","msg":"3 changes detected"}
{"time":"2026-08-19T11:56:31","level":"INFO","logger":"watchfiles.main","msg":"3 changes detected"}
{"time":"2026-08-19T11:56:31","level":"INFO","logger":"bess.sync","msg":"sync.push.complete"}
{"time":"2026-08-19T11:56:32","level":"INFO","logger":"watchfiles.main","msg":"2 changes detected"}
{"time":"2026-08-19T11:57:32","level":"INFO","logger":"watchfiles.main","msg":"3 changes detected"}
{"time":"2026-08-19T11:57:32","level":"INFO","logger":"bess.sync","msg":"sync.push.complete"}
{"time":"2026-08-19T11:57:32","level":"INFO","logger":"watchfiles.main","msg":"3 changes detected"}
{"time":"2026-08-19T11:58:33","level":"INFO","logger":"watchfiles.main","msg":"3 changes detected"}
{"time":"2026-08-19T11:58:33","level":"INFO","logger":"bess.sync","msg":"sync.push.complete"}
{"time":"2026-08-19T11:58:33","level":"INFO","logger":"watchfiles.main","msg":"3 changes detected"}
{"time":"2026-08-19T11:59:33","level":"INFO","logger":"watchfiles.main","msg":"3 changes detected"}
{"time":"2026-08-19T11:59:33","level":"INFO","logger":"bess.sync","msg":"sync.push.complete"}
{"time":"2026-08-19T11:59:34","level":"INFO","logger":"watchfiles.main","msg":"3 changes detected"}
{"time":"2026-08-19T12:00:34","level":"INFO","logger":"watchfiles.main","msg":"3 changes detected"}
{"time":"2026-08-19T12:00:34","level":"INFO","logger":"bess.sync","msg":"sync.push.complete"}
{"time":"2026-08-19T12:00:35","level":"INFO","logger":"watchfiles.main","msg":"3 changes detected"}
{"time":"2026-08-19T12:01:35","level":"INFO","logger":"watchfiles.main","msg":"3 changes detected"}
{"time":"2026-08-19T12:01:35","level":"INFO","logger":"bess.sync","msg":"sync.push.complete"}
{"time":"2026-08-19T12:01:35","level":"INFO","logger":"watchfiles.main","msg":"3 changes detected"}
{"time":"2026-08-19T12:02:36","level":"INFO","logger":"watchfiles.main","msg":"3 changes detected"}
{"time":"2026-08-19T12:02:36","level":"INFO","logger":"bess.sync","msg":"sync.push.complete"}
{"time":"2026-08-19T12:02:36","level":"INFO","logger":"watchfiles.main","msg":"3 changes detected"}
{"time":"2026-08-19T12:03:36","level":"INFO","logger":"watchfiles.main","msg":"3 changes detected"}
{"time":"2026-08-19T12:03:36","level":"INFO","logger":"bess.sync","msg":"sync.push.complete"}
{"time":"2026-08-19T12:03:37","level":"INFO","logger":"watchfiles.main","msg":"3 changes detected"}
{"time":"2026-08-19T12:04:37","level":"INFO","logger":"watchfiles.main","msg":"3 changes detected"}
{"time":"2026-08-19T12:04:37","level":"INFO","logger":"bess.sync","msg":"sync.push.complete"}
{"time":"2026-08-19T12:04:37","level":"INFO","logger":"watchfiles.main","msg":"2 changes detected"}
{"time":"2026-08-19T12:05:38","level":"INFO","logger":"watchfiles.main","msg":"3 changes detected"}
{"time":"2026-08-19T12:05:38","level":"INFO","logger":"bess.sync","msg":"sync.push.complete"}
{"time":"2026-08-19T12:05:38","level":"INFO","logger":"watchfiles.main","msg":"3 changes detected"}
{"time":"2026-08-19T12:06:38","level":"INFO","logger":"watchfiles.main","msg":"3 changes detected"}
{"time":"2026-08-19T12:06:39","level":"INFO","logger":"bess.sync","msg":"sync.push.complete"}
{"time":"2026-08-19T12:06:39","level":"INFO","logger":"watchfiles.main","msg":"3 changes detected"}
{"time":"2026-08-19T12:07:39","level":"INFO","logger":"watchfiles.main","msg":"3 changes detected"}
{"time":"2026-08-19T12:07:39","level":"INFO","logger":"bess.sync","msg":"sync.push.complete"}
{"time":"2026-08-19T12:07:40","level":"INFO","logger":"watchfiles.main","msg":"3 changes detected"}
{"time":"2026-08-19T12:08:40","level":"INFO","logger":"watchfiles.main","msg":"3 changes detected"}
{"time":"2026-08-19T12:08:40","level":"INFO","logger":"bess.sync","msg":"sync.push.complete"}
{"time":"2026-08-19T12:08:40","level":"INFO","logger":"watchfiles.main","msg":"2 changes detected"}
{"time":"2026-08-19T12:09:41","level":"INFO","logger":"watchfiles.main","msg":"3 changes detected"}
{"time":"2026-08-19T12:09:41","level":"INFO","logger":"bess.sync","msg":"sync.push.complete"}
{"time":"2026-08-19T12:09:41","level":"INFO","logger":"watchfiles.main","msg":"2 changes detected"}
{"time":"2026-08-19T12:10:41","level":"INFO","logger":"watchfiles.main","msg":"3 changes detected"}
{"time":"2026-08-19T12:10:41","level":"INFO","logger":"bess.sync","msg":"sync.push.complete"}
{"time":"2026-08-19T12:10:42","level":"INFO","logger":"watchfiles.main","msg":"3 changes detected"}
{"time":"2026-08-19T12:11:42","level":"INFO","logger":"watchfiles.main","msg":"3 changes detected"}
{"time":"2026-08-19T12:11:42","level":"INFO","logger":"bess.sync","msg":"sync.push.complete"}
{"time":"2026-08-19T12:11:43","level":"INFO","logger":"watchfiles.main","msg":"3 changes detected"}
{"time":"2026-08-19T12:12:43","level":"INFO","logger":"watchfiles.main","msg":"3 changes detected"}
{"time":"2026-08-19T12:12:43","level":"INFO","logger":"bess.sync","msg":"sync.push.complete"}
{"time":"2026-08-19T12:12:43","level":"INFO","logger":"watchfiles.main","msg":"3 changes detected"}
{"time":"2026-08-19T12:13:44","level":"INFO","logger":"watchfiles.main","msg":"3 changes detected"}
{"time":"2026-08-19T12:13:44","level":"INFO","logger":"bess.sync","msg":"sync.push.complete"}
{"time":"2026-08-19T12:13:44","level":"INFO","logger":"watchfiles.main","msg":"3 changes detected"}
{"time":"2026-08-19T12:14:44","level":"INFO","logger":"watchfiles.main","msg":"3 changes detected"}
{"time":"2026-08-19T12:14:44","level":"INFO","logger":"bess.sync","msg":"sync.push.complete"}
{"time":"2026-08-19T12:14:45","level":"INFO","logger":"watchfiles.main","msg":"3 changes detected"}
{"time":"2026-08-19T12:15:45","level":"INFO","logger":"watchfiles.main","msg":"3 changes detected"}
{"time":"2026-08-19T12:15:45","level":"INFO","logger":"bess.sync","msg":"sync.push.complete"}
{"time":"2026-08-19T12:15:46","level":"INFO","logger":"watchfiles.main","msg":"3 changes detected"}
{"time":"2026-08-19T12:16:46","level":"INFO","logger":"watchfiles.main","msg":"3 changes detected"}
{"time":"2026-08-19T12:16:46","level":"INFO","logger":"bess.sync","msg":"sync.push.complete"}
{"time":"2026-08-19T12:16:46","level":"INFO","logger":"watchfiles.main","msg":"3 changes detected"}
{"time":"2026-08-19T12:17:47","level":"INFO","logger":"watchfiles.main","msg":"3 changes detected"}
{"time":"2026-08-19T12:17:47","level":"INFO","logger":"bess.sync","msg":"sync.push.complete"}
{"time":"2026-08-19T12:17:47","level":"INFO","logger":"watchfiles.main","msg":"2 changes detected"}
{"time":"2026-08-19T12:18:48","level":"INFO","logger":"watchfiles.main","msg":"3 changes detected"}
{"time":"2026-08-19T12:18:48","level":"INFO","logger":"bess.sync","msg":"sync.push.complete"}
{"time":"2026-08-19T12:18:48","level":"INFO","logger":"watchfiles.main","msg":"3 changes detected"}
{"time":"2026-08-19T12:19:48","level":"INFO","logger":"watchfiles.main","msg":"3 changes detected"}
{"time":"2026-08-19T12:19:48","level":"INFO","logger":"bess.sync","msg":"sync.push.complete"}
{"time":"2026-08-19T12:19:49","level":"INFO","logger":"watchfiles.main","msg":"3 changes detected"}
{"time":"2026-08-19T12:20:49","level":"INFO","logger":"watchfiles.main","msg":"3 changes detected"}
{"time":"2026-08-19T12:20:49","level":"INFO","logger":"bess.sync","msg":"sync.push.complete"}
{"time":"2026-08-19T12:20:49","level":"INFO","logger":"watchfiles.main","msg":"3 changes detected"}
{"time":"2026-08-19T12:21:47","level":"INFO","logger":"watchfiles.main","msg":"1 change detected"}
{"time":"2026-08-19T12:21:50","level":"INFO","logger":"watchfiles.main","msg":"3 changes detected"}
{"time":"2026-08-19T12:21:50","level":"INFO","logger":"bess.sync","msg":"sync.push.complete"}
{"time":"2026-08-19T12:21:50","level":"INFO","logger":"watchfiles.main","msg":"3 changes detected"}
{"time":"2026-08-19T12:22:50","level":"INFO","logger":"watchfiles.main","msg":"3 changes detected"}
{"time":"2026-08-19T12:22:51","level":"INFO","logger":"bess.sync","msg":"sync.push.complete"}
{"time":"2026-08-19T12:22:51","level":"INFO","logger":"watchfiles.main","msg":"4 changes detected"}
{"time":"2026-08-19T12:23:51","level":"INFO","logger":"watchfiles.main","msg":"3 changes detected"}
{"time":"2026-08-19T12:23:51","level":"INFO","logger":"bess.sync","msg":"sync.push.complete"}
{"time":"2026-08-19T12:23:52","level":"INFO","logger":"watchfiles.main","msg":"3 changes detected"}
{"time":"2026-08-19T12:24:52","level":"INFO","logger":"watchfiles.main","msg":"3 changes detected"}
{"time":"2026-08-19T12:24:52","level":"INFO","logger":"bess.sync","msg":"sync.push.complete"}
{"time":"2026-08-19T12:24:52","level":"INFO","logger":"watchfiles.main","msg":"3 changes detected"}
{"time":"2026-08-19T12:25:53","level":"INFO","logger":"watchfiles.main","msg":"3 changes detected"}
{"time":"2026-08-19T12:25:53","level":"INFO","logger":"bess.sync","msg":"sync.push.complete"}
{"time":"2026-08-19T12:25:53","level":"INFO","logger":"watchfiles.main","msg":"3 changes detected"}
{"time":"2026-08-19T12:26:54","level":"INFO","logger":"watchfiles.main","msg":"3 changes detected"}
{"time":"2026-08-19T12:26:54","level":"INFO","logger":"bess.sync","msg":"sync.push.complete"}
{"time":"2026-08-19T12:26:54","level":"INFO","logger":"watchfiles.main","msg":"3 changes detected"}
{"time":"2026-08-19T12:27:54","level":"INFO","logger":"watchfiles.main","msg":"3 changes detected"}
{"time":"2026-08-19T12:27:54","level":"INFO","logger":"bess.sync","msg":"sync.push.complete"}
{"time":"2026-08-19T12:27:55","level":"INFO","logger":"watchfiles.main","msg":"2 changes detected"}
{"time":"2026-08-19T12:28:55","level":"INFO","logger":"watchfiles.main","msg":"3 changes detected"}
{"time":"2026-08-19T12:28:56","level":"INFO","logger":"bess.sync","msg":"sync.push.complete"}
{"time":"2026-08-19T12:28:56","level":"INFO","logger":"watchfiles.main","msg":"3 changes detected"}
{"time":"2026-08-19T12:29:57","level":"INFO","logger":"watchfiles.main","msg":"3 changes detected"}
{"time":"2026-08-19T12:29:57","level":"INFO","logger":"bess.sync","msg":"sync.push.complete"}
{"time":"2026-08-19T12:29:57","level":"INFO","logger":"watchfiles.main","msg":"3 changes detected"}
{"time":"2026-08-19T12:30:57","level":"INFO","logger":"watchfiles.main","msg":"3 changes detected"}
{"time":"2026-08-19T12:30:57","level":"INFO","logger":"bess.sync","msg":"sync.push.complete"}
{"time":"2026-08-19T12:30:58","level":"INFO","logger":"watchfiles.main","msg":"3 changes detected"}
{"time":"2026-08-19T12:31:58","level":"INFO","logger":"watchfiles.main","msg":"3 changes detected"}
{"time":"2026-08-19T12:31:58","level":"INFO","logger":"bess.sync","msg":"sync.push.complete"}
{"time":"2026-08-19T12:31:59","level":"INFO","logger":"watchfiles.main","msg":"3 changes detected"}
{"time":"2026-08-19T12:32:59","level":"INFO","logger":"watchfiles.main","msg":"3 changes detected"}
{"time":"2026-08-19T12:32:59","level":"INFO","logger":"bess.sync","msg":"sync.push.complete"}
{"time":"2026-08-19T12:32:59","level":"INFO","logger":"watchfiles.main","msg":"3 changes detected"}
{"time":"2026-08-19T12:34:00","level":"INFO","logger":"watchfiles.main","msg":"3 changes detected"}
{"time":"2026-08-19T12:34:00","level":"INFO","logger":"bess.sync","msg":"sync.push.complete"}
{"time":"2026-08-19T12:34:00","level":"INFO","logger":"watchfiles.main","msg":"3 changes detected"}
{"time":"2026-08-19T12:35:01","level":"INFO","logger":"watchfiles.main","msg":"3 changes detected"}
{"time":"2026-08-19T12:35:01","level":"INFO","logger":"bess.sync","msg":"sync.push.complete"}
{"time":"2026-08-19T12:35:01","level":"INFO","logger":"watchfiles.main","msg":"3 changes detected"}
{"time":"2026-08-19T12:36:01","level":"INFO","logger":"watchfiles.main","msg":"3 changes detected"}
{"time":"2026-08-19T12:36:01","level":"INFO","logger":"bess.sync","msg":"sync.push.complete"}
{"time":"2026-08-19T12:36:02","level":"INFO","logger":"watchfiles.main","msg":"3 changes detected"}
{"time":"2026-08-19T12:37:02","level":"INFO","logger":"watchfiles.main","msg":"3 changes detected"}
{"time":"2026-08-19T12:37:02","level":"INFO","logger":"bess.sync","msg":"sync.push.complete"}
{"time":"2026-08-19T12:38:03","level":"INFO","logger":"watchfiles.main","msg":"3 changes detected"}
{"time":"2026-08-19T12:38:03","level":"INFO","logger":"bess.sync","msg":"sync.push.complete"}
{"time":"2026-08-19T12:38:03","level":"INFO","logger":"watchfiles.main","msg":"3 changes detected"}
{"time":"2026-08-19T12:39:03","level":"INFO","logger":"watchfiles.main","msg":"3 changes detected"}
{"time":"2026-08-19T12:39:03","level":"INFO","logger":"bess.sync","msg":"sync.push.complete"}
{"time":"2026-08-19T12:39:04","level":"INFO","logger":"watchfiles.main","msg":"3 changes detected"}
{"time":"2026-08-19T12:40:04","level":"INFO","logger":"bess.sync","msg":"sync.push.complete"}
{"time":"2026-08-19T12:40:04","level":"INFO","logger":"watchfiles.main","msg":"3 changes detected"}
{"time":"2026-08-19T12:40:55","level":"INFO","logger":"watchfiles.main","msg":"1 change detected"}
{"time":"2026-08-19T12:41:05","level":"INFO","logger":"bess.sync","msg":"sync.push.complete"}
{"time":"2026-08-19T12:41:05","level":"INFO","logger":"watchfiles.main","msg":"3 changes detected"}
{"time":"2026-08-19T12:42:05","level":"INFO","logger":"watchfiles.main","msg":"3 changes detected"}
{"time":"2026-08-19T12:42:05","level":"INFO","logger":"bess.sync","msg":"sync.push.complete"}
{"time":"2026-08-19T12:42:06","level":"INFO","logger":"watchfiles.main","msg":"3 changes detected"}
{"time":"2026-08-19T12:43:06","level":"INFO","logger":"watchfiles.main","msg":"3 changes detected"}
{"time":"2026-08-19T12:43:06","level":"INFO","logger":"bess.sync","msg":"sync.push.complete"}
{"time":"2026-08-19T12:43:06","level":"INFO","logger":"watchfiles.main","msg":"2 changes detected"}
{"time":"2026-08-19T12:44:07","level":"INFO","logger":"watchfiles.main","msg":"3 changes detected"}
{"time":"2026-08-19T12:44:07","level":"INFO","logger":"bess.sync","msg":"sync.push.complete"}
{"time":"2026-08-19T12:44:07","level":"INFO","logger":"watchfiles.main","msg":"3 changes detected"}
{"time":"2026-08-19T12:45:07","level":"INFO","logger":"watchfiles.main","msg":"3 changes detected"}
{"time":"2026-08-19T12:45:07","level":"INFO","logger":"bess.sync","msg":"sync.push.complete"}
{"time":"2026-08-19T12:45:08","level":"INFO","logger":"watchfiles.main","msg":"3 changes detected"}
{"time":"2026-08-19T12:46:08","level":"INFO","logger":"watchfiles.main","msg":"3 changes detected"}
{"time":"2026-08-19T12:46:08","level":"INFO","logger":"bess.sync","msg":"sync.push.complete"}
{"time":"2026-08-19T12:46:08","level":"INFO","logger":"watchfiles.main","msg":"2 changes detected"}
{"time":"2026-08-19T12:47:09","level":"INFO","logger":"watchfiles.main","msg":"3 changes detected"}
{"time":"2026-08-19T12:47:09","level":"INFO","logger":"bess.sync","msg":"sync.push.complete"}
{"time":"2026-08-19T12:47:09","level":"INFO","logger":"watchfiles.main","msg":"1 change detected"}
{"time":"2026-08-19T12:48:09","level":"INFO","logger":"bess.sync","msg":"sync.push.complete"}
{"time":"2026-08-19T12:48:09","level":"INFO","logger":"watchfiles.main","msg":"3 changes detected"}
{"time":"2026-08-19T12:49:10","level":"INFO","logger":"watchfiles.main","msg":"3 changes detected"}
{"time":"2026-08-19T12:49:10","level":"INFO","logger":"bess.sync","msg":"sync.push.complete"}
{"time":"2026-08-19T12:49:10","level":"INFO","logger":"watchfiles.main","msg":"2 changes detected"}
{"time":"2026-08-19T12:50:11","level":"INFO","logger":"bess.sync","msg":"sync.push.complete"}
{"time":"2026-08-19T12:50:11","level":"INFO","logger":"watchfiles.main","msg":"3 changes detected"}
{"time":"2026-08-19T12:51:11","level":"INFO","logger":"watchfiles.main","msg":"3 changes detected"}
{"time":"2026-08-19T12:51:11","level":"INFO","logger":"bess.sync","msg":"sync.push.complete"}
{"time":"2026-08-19T12:51:12","level":"INFO","logger":"watchfiles.main","msg":"3 changes detected"}
{"time":"2026-08-19T12:52:12","level":"INFO","logger":"bess.sync","msg":"sync.push.complete"}
{"time":"2026-08-19T12:52:12","level":"INFO","logger":"watchfiles.main","msg":"3 changes detected"}
{"time":"2026-08-19T12:53:13","level":"INFO","logger":"bess.sync","msg":"sync.push.complete"}
{"time":"2026-08-19T12:53:13","level":"INFO","logger":"watchfiles.main","msg":"3 changes detected"}
{"time":"2026-08-19T12:54:13","level":"INFO","logger":"bess.sync","msg":"sync.push.complete"}
{"time":"2026-08-19T12:54:14","level":"INFO","logger":"watchfiles.main","msg":"3 changes detected"}
{"time":"2026-08-19T12:55:14","level":"INFO","logger":"watchfiles.main","msg":"3 changes detected"}
{"time":"2026-08-19T12:55:14","level":"INFO","logger":"bess.sync","msg":"sync.push.complete"}
{"time":"2026-08-19T12:55:15","level":"INFO","logger":"watchfiles.main","msg":"3 changes detected"}
{"time":"2026-08-19T12:56:15","level":"INFO","logger":"bess.sync","msg":"sync.push.complete"}
{"time":"2026-08-19T12:56:15","level":"INFO","logger":"watchfiles.main","msg":"3 changes detected"}
{"time":"2026-08-19T12:57:15","level":"INFO","logger":"bess.sync","msg":"sync.push.complete"}
{"time":"2026-08-19T12:57:15","level":"INFO","logger":"watchfiles.main","msg":"3 changes detected"}
{"time":"2026-08-19T12:58:16","level":"INFO","logger":"watchfiles.main","msg":"3 changes detected"}
{"time":"2026-08-19T12:58:16","level":"INFO","logger":"bess.sync","msg":"sync.push.complete"}
{"time":"2026-08-19T12:58:17","level":"INFO","logger":"watchfiles.main","msg":"1 change detected"}
{"time":"2026-08-19T12:59:17","level":"INFO","logger":"bess.sync","msg":"sync.push.complete"}
{"time":"2026-08-19T12:59:17","level":"INFO","logger":"watchfiles.main","msg":"3 changes detected"}
{"time":"2026-08-19T13:00:18","level":"INFO","logger":"bess.sync","msg":"sync.push.complete"}
{"time":"2026-08-19T13:00:18","level":"INFO","logger":"watchfiles.main","msg":"3 changes detected"}
{"time":"2026-08-19T13:01:19","level":"INFO","logger":"bess.sync","msg":"sync.push.complete"}
{"time":"2026-08-19T13:01:19","level":"INFO","logger":"watchfiles.main","msg":"3 changes detected"}
{"time":"2026-08-19T13:02:19","level":"INFO","logger":"watchfiles.main","msg":"3 changes detected"}
{"time":"2026-08-19T13:02:19","level":"INFO","logger":"bess.sync","msg":"sync.push.complete"}
{"time":"2026-08-19T13:02:20","level":"INFO","logger":"watchfiles.main","msg":"3 changes detected"}
{"time":"2026-08-19T13:03:20","level":"INFO","logger":"bess.sync","msg":"sync.push.complete"}
{"time":"2026-08-19T13:03:20","level":"INFO","logger":"watchfiles.main","msg":"3 changes detected"}
{"time":"2026-08-19T13:04:21","level":"INFO","logger":"watchfiles.main","msg":"3 changes detected"}
{"time":"2026-08-19T13:04:21","level":"INFO","logger":"bess.sync","msg":"sync.push.complete"}
{"time":"2026-08-19T13:04:21","level":"INFO","logger":"watchfiles.main","msg":"3 changes detected"}
{"time":"2026-08-19T13:05:22","level":"INFO","logger":"watchfiles.main","msg":"3 changes detected"}
{"time":"2026-08-19T13:05:22","level":"INFO","logger":"bess.sync","msg":"sync.push.complete"}
{"time":"2026-08-19T13:05:22","level":"INFO","logger":"watchfiles.main","msg":"3 changes detected"}
{"time":"2026-08-19T13:06:22","level":"INFO","logger":"watchfiles.main","msg":"3 changes detected"}
{"time":"2026-08-19T13:06:22","level":"INFO","logger":"bess.sync","msg":"sync.push.complete"}
{"time":"2026-08-19T13:06:23","level":"INFO","logger":"watchfiles.main","msg":"3 changes detected"}
{"time":"2026-08-19T13:07:23","level":"INFO","logger":"watchfiles.main","msg":"3 changes detected"}
{"time":"2026-08-19T13:07:23","level":"INFO","logger":"bess.sync","msg":"sync.push.complete"}
{"time":"2026-08-19T13:07:23","level":"INFO","logger":"watchfiles.main","msg":"2 changes detected"}
{"time":"2026-08-19T13:08:24","level":"INFO","logger":"bess.sync","msg":"sync.push.complete"}
{"time":"2026-08-19T13:08:24","level":"INFO","logger":"watchfiles.main","msg":"3 changes detected"}
{"time":"2026-08-19T13:09:24","level":"INFO","logger":"bess.sync","msg":"sync.push.complete"}
{"time":"2026-08-19T13:09:24","level":"INFO","logger":"watchfiles.main","msg":"3 changes detected"}
{"time":"2026-08-19T13:10:25","level":"INFO","logger":"bess.sync","msg":"sync.push.complete"}
{"time":"2026-08-19T13:10:25","level":"INFO","logger":"watchfiles.main","msg":"3 changes detected"}
{"time":"2026-08-19T13:10:56","level":"INFO","logger":"watchfiles.main","msg":"1 change detected"}
{"time":"2026-08-19T13:11:26","level":"INFO","logger":"watchfiles.main","msg":"3 changes detected"}
{"time":"2026-08-19T13:11:26","level":"INFO","logger":"bess.sync","msg":"sync.push.complete"}
{"time":"2026-08-19T13:11:26","level":"INFO","logger":"watchfiles.main","msg":"3 changes detected"}
{"time":"2026-08-19T13:12:27","level":"INFO","logger":"bess.sync","msg":"sync.push.complete"}
{"time":"2026-08-19T13:12:27","level":"INFO","logger":"watchfiles.main","msg":"3 changes detected"}
{"time":"2026-08-19T13:13:27","level":"INFO","logger":"watchfiles.main","msg":"3 changes detected"}
{"time":"2026-08-19T13:13:27","level":"INFO","logger":"bess.sync","msg":"sync.push.complete"}
{"time":"2026-08-19T13:13:28","level":"INFO","logger":"watchfiles.main","msg":"3 changes detected"}
{"time":"2026-08-19T13:14:28","level":"INFO","logger":"watchfiles.main","msg":"3 changes detected"}
{"time":"2026-08-19T13:14:28","level":"INFO","logger":"bess.sync","msg":"sync.push.complete"}
{"time":"2026-08-19T13:14:28","level":"INFO","logger":"watchfiles.main","msg":"3 changes detected"}
{"time":"2026-08-19T13:15:29","level":"INFO","logger":"watchfiles.main","msg":"3 changes detected"}
{"time":"2026-08-19T13:15:29","level":"INFO","logger":"bess.sync","msg":"sync.push.complete"}
{"time":"2026-08-19T13:15:29","level":"INFO","logger":"watchfiles.main","msg":"3 changes detected"}
{"time":"2026-08-19T13:16:29","level":"INFO","logger":"watchfiles.main","msg":"3 changes detected"}
{"time":"2026-08-19T13:16:29","level":"INFO","logger":"bess.sync","msg":"sync.push.complete"}
{"time":"2026-08-19T13:16:30","level":"INFO","logger":"watchfiles.main","msg":"3 changes detected"}
{"time":"2026-08-19T13:17:30","level":"INFO","logger":"watchfiles.main","msg":"3 changes detected"}
{"time":"2026-08-19T13:17:30","level":"INFO","logger":"bess.sync","msg":"sync.push.complete"}
{"time":"2026-08-19T13:17:30","level":"INFO","logger":"watchfiles.main","msg":"3 changes detected"}
{"time":"2026-08-19T13:18:31","level":"INFO","logger":"watchfiles.main","msg":"3 changes detected"}
{"time":"2026-08-19T13:18:31","level":"INFO","logger":"bess.sync","msg":"sync.push.complete"}
{"time":"2026-08-19T13:18:31","level":"INFO","logger":"watchfiles.main","msg":"3 changes detected"}
{"time":"2026-08-19T13:19:31","level":"INFO","logger":"watchfiles.main","msg":"3 changes detected"}
{"time":"2026-08-19T13:19:32","level":"INFO","logger":"bess.sync","msg":"sync.push.complete"}
{"time":"2026-08-19T13:19:32","level":"INFO","logger":"watchfiles.main","msg":"3 changes detected"}
{"time":"2026-08-19T13:20:32","level":"INFO","logger":"watchfiles.main","msg":"3 changes detected"}
{"time":"2026-08-19T13:20:32","level":"INFO","logger":"bess.sync","msg":"sync.push.complete"}
{"time":"2026-08-19T13:20:33","level":"INFO","logger":"watchfiles.main","msg":"3 changes detected"}
{"time":"2026-08-19T13:21:33","level":"INFO","logger":"watchfiles.main","msg":"3 changes detected"}
{"time":"2026-08-19T13:21:33","level":"INFO","logger":"bess.sync","msg":"sync.push.complete"}
{"time":"2026-08-19T13:21:33","level":"INFO","logger":"watchfiles.main","msg":"3 changes detected"}
{"time":"2026-08-19T13:22:34","level":"INFO","logger":"watchfiles.main","msg":"3 changes detected"}
{"time":"2026-08-19T13:22:34","level":"INFO","logger":"bess.sync","msg":"sync.push.complete"}
{"time":"2026-08-19T13:22:34","level":"INFO","logger":"watchfiles.main","msg":"3 changes detected"}
{"time":"2026-08-19T13:23:35","level":"INFO","logger":"watchfiles.main","msg":"3 changes detected"}
{"time":"2026-08-19T13:23:35","level":"INFO","logger":"bess.sync","msg":"sync.push.complete"}
{"time":"2026-08-19T13:23:35","level":"INFO","logger":"watchfiles.main","msg":"3 changes detected"}
{"time":"2026-08-19T13:24:36","level":"INFO","logger":"watchfiles.main","msg":"3 changes detected"}
{"time":"2026-08-19T13:24:36","level":"INFO","logger":"bess.sync","msg":"sync.push.complete"}
{"time":"2026-08-19T13:24:36","level":"INFO","logger":"watchfiles.main","msg":"3 changes detected"}
{"time":"2026-08-19T13:25:36","level":"INFO","logger":"watchfiles.main","msg":"3 changes detected"}
{"time":"2026-08-19T13:25:36","level":"INFO","logger":"bess.sync","msg":"sync.push.complete"}
{"time":"2026-08-19T13:25:37","level":"INFO","logger":"watchfiles.main","msg":"3 changes detected"}
{"time":"2026-08-19T13:26:37","level":"INFO","logger":"watchfiles.main","msg":"3 changes detected"}
{"time":"2026-08-19T13:26:37","level":"INFO","logger":"bess.sync","msg":"sync.push.complete"}
{"time":"2026-08-19T13:26:38","level":"INFO","logger":"watchfiles.main","msg":"3 changes detected"}
{"time":"2026-08-19T13:27:38","level":"INFO","logger":"bess.sync","msg":"sync.push.complete"}
{"time":"2026-08-19T13:27:38","level":"INFO","logger":"watchfiles.main","msg":"3 changes detected"}
{"time":"2026-08-19T13:28:39","level":"INFO","logger":"watchfiles.main","msg":"3 changes detected"}
{"time":"2026-08-19T13:28:39","level":"INFO","logger":"bess.sync","msg":"sync.push.complete"}
{"time":"2026-08-19T13:28:39","level":"INFO","logger":"watchfiles.main","msg":"3 changes detected"}
{"time":"2026-08-19T13:29:40","level":"INFO","logger":"bess.sync","msg":"sync.push.complete"}
{"time":"2026-08-19T13:29:40","level":"INFO","logger":"watchfiles.main","msg":"3 changes detected"}
{"time":"2026-08-19T13:30:40","level":"INFO","logger":"bess.sync","msg":"sync.push.complete"}
{"time":"2026-08-19T13:30:40","level":"INFO","logger":"watchfiles.main","msg":"3 changes detected"}
{"time":"2026-08-19T13:31:41","level":"INFO","logger":"watchfiles.main","msg":"3 changes detected"}
{"time":"2026-08-19T13:31:41","level":"INFO","logger":"bess.sync","msg":"sync.push.complete"}
{"time":"2026-08-19T13:31:41","level":"INFO","logger":"watchfiles.main","msg":"3 changes detected"}
{"time":"2026-08-19T13:32:42","level":"INFO","logger":"watchfiles.main","msg":"3 changes detected"}
{"time":"2026-08-19T13:32:42","level":"INFO","logger":"bess.sync","msg":"sync.push.complete"}
{"time":"2026-08-19T13:32:42","level":"INFO","logger":"watchfiles.main","msg":"3 changes detected"}
{"time":"2026-08-19T13:33:42","level":"INFO","logger":"bess.sync","msg":"sync.push.complete"}
{"time":"2026-08-19T13:33:42","level":"INFO","logger":"watchfiles.main","msg":"3 changes detected"}
{"time":"2026-08-19T13:34:43","level":"INFO","logger":"watchfiles.main","msg":"3 changes detected"}
{"time":"2026-08-19T13:34:43","level":"INFO","logger":"bess.sync","msg":"sync.push.complete"}
{"time":"2026-08-19T13:34:43","level":"INFO","logger":"watchfiles.main","msg":"3 changes detected"}
{"time":"2026-08-19T13:35:44","level":"INFO","logger":"bess.sync","msg":"sync.push.complete"}
{"time":"2026-08-19T13:35:44","level":"INFO","logger":"watchfiles.main","msg":"3 changes detected"}
{"time":"2026-08-19T13:36:45","level":"INFO","logger":"watchfiles.main","msg":"1 change detected"}
{"time":"2026-08-19T13:36:45","level":"INFO","logger":"bess.sync","msg":"sync.push.complete"}
{"time":"2026-08-19T13:36:45","level":"INFO","logger":"watchfiles.main","msg":"4 changes detected"}
{"time":"2026-08-19T13:37:46","level":"INFO","logger":"watchfiles.main","msg":"3 changes detected"}
{"time":"2026-08-19T13:37:46","level":"INFO","logger":"bess.sync","msg":"sync.push.complete"}
{"time":"2026-08-19T13:37:46","level":"INFO","logger":"watchfiles.main","msg":"3 changes detected"}
{"time":"2026-08-19T13:38:47","level":"INFO","logger":"bess.sync","msg":"sync.push.complete"}
{"time":"2026-08-19T13:38:47","level":"INFO","logger":"watchfiles.main","msg":"3 changes detected"}
{"time":"2026-08-19T13:39:47","level":"INFO","logger":"watchfiles.main","msg":"3 changes detected"}
{"time":"2026-08-19T13:39:47","level":"INFO","logger":"bess.sync","msg":"sync.push.complete"}
{"time":"2026-08-19T13:39:48","level":"INFO","logger":"watchfiles.main","msg":"3 changes detected"}
{"time":"2026-08-19T13:40:48","level":"INFO","logger":"watchfiles.main","msg":"3 changes detected"}
{"time":"2026-08-19T13:40:48","level":"INFO","logger":"bess.sync","msg":"sync.push.complete"}
{"time":"2026-08-19T13:40:48","level":"INFO","logger":"watchfiles.main","msg":"2 changes detected"}
{"time":"2026-08-19T13:40:56","level":"INFO","logger":"watchfiles.main","msg":"1 change detected"}
{"time":"2026-08-19T13:41:49","level":"INFO","logger":"watchfiles.main","msg":"3 changes detected"}
{"time":"2026-08-19T13:41:49","level":"INFO","logger":"bess.sync","msg":"sync.push.complete"}
{"time":"2026-08-19T13:41:49","level":"INFO","logger":"watchfiles.main","msg":"2 changes detected"}
{"time":"2026-08-19T13:42:50","level":"INFO","logger":"bess.sync","msg":"sync.push.complete"}
{"time":"2026-08-19T13:42:50","level":"INFO","logger":"watchfiles.main","msg":"3 changes detected"}
{"time":"2026-08-19T13:43:50","level":"INFO","logger":"watchfiles.main","msg":"3 changes detected"}
{"time":"2026-08-19T13:43:50","level":"INFO","logger":"bess.sync","msg":"sync.push.complete"}
{"time":"2026-08-19T13:43:51","level":"INFO","logger":"watchfiles.main","msg":"3 changes detected"}
{"time":"2026-08-19T13:44:51","level":"INFO","logger":"bess.sync","msg":"sync.push.complete"}
{"time":"2026-08-19T13:44:51","level":"INFO","logger":"watchfiles.main","msg":"3 changes detected"}
{"time":"2026-08-19T13:45:52","level":"INFO","logger":"watchfiles.main","msg":"3 changes detected"}
{"time":"2026-08-19T13:45:52","level":"INFO","logger":"bess.sync","msg":"sync.push.complete"}
{"time":"2026-08-19T13:45:52","level":"INFO","logger":"watchfiles.main","msg":"3 changes detected"}
{"time":"2026-08-19T13:46:53","level":"INFO","logger":"watchfiles.main","msg":"3 changes detected"}
{"time":"2026-08-19T13:46:53","level":"INFO","logger":"bess.sync","msg":"sync.push.complete"}
{"time":"2026-08-19T13:46:53","level":"INFO","logger":"watchfiles.main","msg":"3 changes detected"}
{"time":"2026-08-19T13:47:53","level":"INFO","logger":"bess.sync","msg":"sync.push.complete"}
{"time":"2026-08-19T13:47:53","level":"INFO","logger":"watchfiles.main","msg":"3 changes detected"}
{"time":"2026-08-19T13:48:54","level":"INFO","logger":"bess.sync","msg":"sync.push.complete"}
{"time":"2026-08-19T13:48:54","level":"INFO","logger":"watchfiles.main","msg":"3 changes detected"}
{"time":"2026-08-19T13:49:55","level":"INFO","logger":"bess.sync","msg":"sync.push.complete"}
{"time":"2026-08-19T13:49:55","level":"INFO","logger":"watchfiles.main","msg":"3 changes detected"}
{"time":"2026-08-19T13:50:55","level":"INFO","logger":"watchfiles.main","msg":"3 changes detected"}
{"time":"2026-08-19T13:50:55","level":"INFO","logger":"bess.sync","msg":"sync.push.complete"}
{"time":"2026-08-19T13:50:56","level":"INFO","logger":"watchfiles.main","msg":"2 changes detected"}
{"time":"2026-08-19T13:51:56","level":"INFO","logger":"bess.sync","msg":"sync.push.complete"}
{"time":"2026-08-19T13:51:56","level":"INFO","logger":"watchfiles.main","msg":"3 changes detected"}
{"time":"2026-08-19T13:52:57","level":"INFO","logger":"bess.sync","msg":"sync.push.complete"}
{"time":"2026-08-19T13:52:57","level":"INFO","logger":"watchfiles.main","msg":"3 changes detected"}
{"time":"2026-08-19T13:53:58","level":"INFO","logger":"bess.sync","msg":"sync.push.complete"}
{"time":"2026-08-19T13:53:58","level":"INFO","logger":"watchfiles.main","msg":"3 changes detected"}
{"time":"2026-08-19T13:54:59","level":"INFO","logger":"bess.sync","msg":"sync.push.complete"}
{"time":"2026-08-19T13:54:59","level":"INFO","logger":"watchfiles.main","msg":"3 changes detected"}
{"time":"2026-08-19T13:55:59","level":"INFO","logger":"watchfiles.main","msg":"3 changes detected"}
{"time":"2026-08-19T13:55:59","level":"INFO","logger":"bess.sync","msg":"sync.push.complete"}
{"time":"2026-08-19T13:56:00","level":"INFO","logger":"watchfiles.main","msg":"2 changes detected"}
{"time":"2026-08-19T13:57:00","level":"INFO","logger":"bess.sync","msg":"sync.push.complete"}
{"time":"2026-08-19T13:57:00","level":"INFO","logger":"watchfiles.main","msg":"3 changes detected"}
{"time":"2026-08-19T13:58:01","level":"INFO","logger":"watchfiles.main","msg":"3 changes detected"}
{"time":"2026-08-19T13:58:01","level":"INFO","logger":"bess.sync","msg":"sync.push.complete"}
{"time":"2026-08-19T13:58:01","level":"INFO","logger":"watchfiles.main","msg":"3 changes detected"}
{"time":"2026-08-19T13:59:02","level":"INFO","logger":"watchfiles.main","msg":"3 changes detected"}
{"time":"2026-08-19T13:59:02","level":"INFO","logger":"bess.sync","msg":"sync.push.complete"}
{"time":"2026-08-19T13:59:02","level":"INFO","logger":"watchfiles.main","msg":"2 changes detected"}
{"time":"2026-08-19T14:00:02","level":"INFO","logger":"watchfiles.main","msg":"3 changes detected"}
{"time":"2026-08-19T14:00:02","level":"INFO","logger":"bess.sync","msg":"sync.push.complete"}
{"time":"2026-08-19T14:00:03","level":"INFO","logger":"watchfiles.main","msg":"2 changes detected"}
{"time":"2026-08-19T14:01:03","level":"INFO","logger":"bess.sync","msg":"sync.push.complete"}
{"time":"2026-08-19T14:01:03","level":"INFO","logger":"watchfiles.main","msg":"3 changes detected"}
{"time":"2026-08-19T14:02:03","level":"INFO","logger":"watchfiles.main","msg":"3 changes detected"}
{"time":"2026-08-19T14:02:03","level":"INFO","logger":"bess.sync","msg":"sync.push.complete"}
{"time":"2026-08-19T14:02:04","level":"INFO","logger":"watchfiles.main","msg":"2 changes detected"}
{"time":"2026-08-19T14:03:04","level":"INFO","logger":"watchfiles.main","msg":"3 changes detected"}
{"time":"2026-08-19T14:03:04","level":"INFO","logger":"bess.sync","msg":"sync.push.complete"}
{"time":"2026-08-19T14:03:04","level":"INFO","logger":"watchfiles.main","msg":"3 changes detected"}
{"time":"2026-08-19T14:04:04","level":"INFO","logger":"bess.sync","msg":"sync.push.complete"}
{"time":"2026-08-19T14:04:04","level":"INFO","logger":"watchfiles.main","msg":"3 changes detected"}
{"time":"2026-08-19T14:05:05","level":"INFO","logger":"bess.sync","msg":"sync.push.complete"}
{"time":"2026-08-19T14:05:05","level":"INFO","logger":"watchfiles.main","msg":"3 changes detected"}
{"time":"2026-08-19T14:06:05","level":"INFO","logger":"bess.sync","msg":"sync.push.complete"}
{"time":"2026-08-19T14:06:05","level":"INFO","logger":"watchfiles.main","msg":"3 changes detected"}
{"time":"2026-08-19T14:07:06","level":"INFO","logger":"bess.sync","msg":"sync.push.complete"}
{"time":"2026-08-19T14:07:06","level":"INFO","logger":"watchfiles.main","msg":"3 changes detected"}
{"time":"2026-08-19T14:08:06","level":"INFO","logger":"bess.sync","msg":"sync.push.complete"}
{"time":"2026-08-19T14:08:06","level":"INFO","logger":"watchfiles.main","msg":"3 changes detected"}
{"time":"2026-08-19T14:09:07","level":"INFO","logger":"bess.sync","msg":"sync.push.complete"}
{"time":"2026-08-19T14:09:07","level":"INFO","logger":"watchfiles.main","msg":"3 changes detected"}
{"time":"2026-08-19T14:10:08","level":"INFO","logger":"watchfiles.main","msg":"3 changes detected"}
{"time":"2026-08-19T14:10:08","level":"INFO","logger":"bess.sync","msg":"sync.push.complete"}
{"time":"2026-08-19T14:11:09","level":"INFO","logger":"watchfiles.main","msg":"3 changes detected"}
{"time":"2026-08-19T14:11:09","level":"INFO","logger":"bess.sync","msg":"sync.push.complete"}
{"time":"2026-08-19T14:11:09","level":"INFO","logger":"watchfiles.main","msg":"3 changes detected"}
{"time":"2026-08-19T14:12:09","level":"INFO","logger":"bess.sync","msg":"sync.push.complete"}
{"time":"2026-08-19T14:12:10","level":"INFO","logger":"watchfiles.main","msg":"3 changes detected"}
{"time":"2026-08-19T14:13:10","level":"INFO","logger":"bess.sync","msg":"sync.push.complete"}
{"time":"2026-08-19T14:13:10","level":"INFO","logger":"watchfiles.main","msg":"3 changes detected"}
{"time":"2026-08-19T14:14:11","level":"INFO","logger":"bess.sync","msg":"sync.push.complete"}
{"time":"2026-08-19T14:14:11","level":"INFO","logger":"watchfiles.main","msg":"3 changes detected"}
{"time":"2026-08-19T14:15:12","level":"INFO","logger":"bess.sync","msg":"sync.push.complete"}
{"time":"2026-08-19T14:15:12","level":"INFO","logger":"watchfiles.main","msg":"3 changes detected"}
{"time":"2026-08-19T14:16:13","level":"INFO","logger":"bess.sync","msg":"sync.push.complete"}
{"time":"2026-08-19T14:16:13","level":"INFO","logger":"watchfiles.main","msg":"3 changes detected"}
{"time":"2026-08-19T14:17:13","level":"INFO","logger":"watchfiles.main","msg":"3 changes detected"}
{"time":"2026-08-19T14:17:13","level":"INFO","logger":"bess.sync","msg":"sync.push.complete"}
{"time":"2026-08-19T14:17:14","level":"INFO","logger":"watchfiles.main","msg":"1 change detected"}
{"time":"2026-08-19T14:18:14","level":"INFO","logger":"watchfiles.main","msg":"3 changes detected"}
{"time":"2026-08-19T14:18:14","level":"INFO","logger":"bess.sync","msg":"sync.push.complete"}
{"time":"2026-08-19T14:18:14","level":"INFO","logger":"watchfiles.main","msg":"3 changes detected"}
{"time":"2026-08-19T14:19:15","level":"INFO","logger":"watchfiles.main","msg":"3 changes detected"}
{"time":"2026-08-19T14:19:15","level":"INFO","logger":"bess.sync","msg":"sync.push.complete"}
{"time":"2026-08-19T14:19:15","level":"INFO","logger":"watchfiles.main","msg":"3 changes detected"}
{"time":"2026-08-19T14:20:15","level":"INFO","logger":"bess.sync","msg":"sync.push.complete"}
{"time":"2026-08-19T14:20:15","level":"INFO","logger":"watchfiles.main","msg":"3 changes detected"}
{"time":"2026-08-19T14:21:16","level":"INFO","logger":"bess.sync","msg":"sync.push.complete"}
{"time":"2026-08-19T14:21:16","level":"INFO","logger":"watchfiles.main","msg":"3 changes detected"}
{"time":"2026-08-19T14:22:17","level":"INFO","logger":"watchfiles.main","msg":"3 changes detected"}
{"time":"2026-08-19T14:22:17","level":"INFO","logger":"bess.sync","msg":"sync.push.complete"}
{"time":"2026-08-19T14:22:17","level":"INFO","logger":"watchfiles.main","msg":"2 changes detected"}
{"time":"2026-08-19T14:23:18","level":"INFO","logger":"watchfiles.main","msg":"1 change detected"}
{"time":"2026-08-19T14:23:18","level":"INFO","logger":"watchfiles.main","msg":"4 changes detected"}
{"time":"2026-08-19T14:23:19","level":"INFO","logger":"bess.sync","msg":"sync.push.complete"}
{"time":"2026-08-19T14:23:19","level":"INFO","logger":"watchfiles.main","msg":"3 changes detected"}
{"time":"2026-08-19T14:24:20","level":"INFO","logger":"watchfiles.main","msg":"3 changes detected"}
{"time":"2026-08-19T14:24:20","level":"INFO","logger":"bess.sync","msg":"sync.push.complete"}
{"time":"2026-08-19T14:24:20","level":"INFO","logger":"watchfiles.main","msg":"3 changes detected"}
{"time":"2026-08-19T14:25:21","level":"INFO","logger":"watchfiles.main","msg":"3 changes detected"}
{"time":"2026-08-19T14:25:21","level":"INFO","logger":"bess.sync","msg":"sync.push.complete"}
{"time":"2026-08-19T14:25:21","level":"INFO","logger":"watchfiles.main","msg":"3 changes detected"}
{"time":"2026-08-19T14:25:56","level":"INFO","logger":"watchfiles.main","msg":"1 change detected"}
{"time":"2026-08-19T14:26:21","level":"INFO","logger":"watchfiles.main","msg":"3 changes detected"}
{"time":"2026-08-19T14:26:21","level":"INFO","logger":"bess.sync","msg":"sync.push.complete"}
{"time":"2026-08-19T14:26:22","level":"INFO","logger":"watchfiles.main","msg":"3 changes detected"}
{"time":"2026-08-19T14:27:22","level":"INFO","logger":"bess.sync","msg":"sync.push.complete"}
{"time":"2026-08-19T14:27:22","level":"INFO","logger":"watchfiles.main","msg":"3 changes detected"}
{"time":"2026-08-19T14:28:23","level":"INFO","logger":"bess.sync","msg":"sync.push.complete"}
{"time":"2026-08-19T14:28:23","level":"INFO","logger":"watchfiles.main","msg":"3 changes detected"}
{"time":"2026-08-19T14:29:24","level":"INFO","logger":"watchfiles.main","msg":"3 changes detected"}
{"time":"2026-08-19T14:29:24","level":"INFO","logger":"bess.sync","msg":"sync.push.complete"}
{"time":"2026-08-19T14:29:24","level":"INFO","logger":"watchfiles.main","msg":"3 changes detected"}
{"time":"2026-08-19T14:30:24","level":"INFO","logger":"watchfiles.main","msg":"3 changes detected"}
{"time":"2026-08-19T14:30:24","level":"INFO","logger":"bess.sync","msg":"sync.push.complete"}
{"time":"2026-08-19T14:30:25","level":"INFO","logger":"watchfiles.main","msg":"3 changes detected"}
{"time":"2026-08-19T14:31:25","level":"INFO","logger":"bess.sync","msg":"sync.push.complete"}
{"time":"2026-08-19T14:31:25","level":"INFO","logger":"watchfiles.main","msg":"3 changes detected"}
{"time":"2026-08-19T14:32:26","level":"INFO","logger":"watchfiles.main","msg":"3 changes detected"}
{"time":"2026-08-19T14:32:26","level":"INFO","logger":"bess.sync","msg":"sync.push.complete"}
{"time":"2026-08-19T14:32:26","level":"INFO","logger":"watchfiles.main","msg":"3 changes detected"}
{"time":"2026-08-19T14:33:26","level":"INFO","logger":"bess.sync","msg":"sync.push.complete"}
{"time":"2026-08-19T14:33:26","level":"INFO","logger":"watchfiles.main","msg":"3 changes detected"}
{"time":"2026-08-19T14:51:18","level":"INFO","logger":"bess.sync","msg":"sync.push.complete"}
{"time":"2026-08-19T14:51:18","level":"INFO","logger":"watchfiles.main","msg":"3 changes detected"}
{"time":"2026-08-19T14:52:19","level":"INFO","logger":"bess.sync","msg":"sync.push.complete"}
{"time":"2026-08-19T14:52:19","level":"INFO","logger":"watchfiles.main","msg":"3 changes detected"}
{"time":"2026-08-19T14:53:19","level":"INFO","logger":"watchfiles.main","msg":"3 changes detected"}
{"time":"2026-08-19T14:53:19","level":"INFO","logger":"bess.sync","msg":"sync.push.complete"}
{"time":"2026-08-19T14:53:19","level":"INFO","logger":"watchfiles.main","msg":"1 change detected"}
{"time":"2026-08-19T14:54:19","level":"INFO","logger":"bess.sync","msg":"sync.push.complete"}
{"time":"2026-08-19T14:54:19","level":"INFO","logger":"watchfiles.main","msg":"3 changes detected"}
{"time":"2026-08-19T14:55:20","level":"INFO","logger":"watchfiles.main","msg":"3 changes detected"}
{"time":"2026-08-19T14:55:20","level":"INFO","logger":"bess.sync","msg":"sync.push.complete"}
{"time":"2026-08-19T14:55:21","level":"INFO","logger":"watchfiles.main","msg":"3 changes detected"}
{"time":"2026-08-19T14:56:21","level":"INFO","logger":"bess.sync","msg":"sync.push.complete"}
{"time":"2026-08-19T14:56:21","level":"INFO","logger":"watchfiles.main","msg":"3 changes detected"}
{"time":"2026-08-19T14:57:21","level":"INFO","logger":"bess.sync","msg":"sync.push.complete"}
{"time":"2026-08-19T14:57:21","level":"INFO","logger":"watchfiles.main","msg":"3 changes detected"}
{"time":"2026-08-19T14:58:22","level":"INFO","logger":"bess.sync","msg":"sync.push.complete"}
{"time":"2026-08-19T14:58:22","level":"INFO","logger":"watchfiles.main","msg":"3 changes detected"}
{"time":"2026-08-19T14:59:22","level":"INFO","logger":"bess.sync","msg":"sync.push.complete"}
{"time":"2026-08-19T14:59:22","level":"INFO","logger":"watchfiles.main","msg":"3 changes detected"}
{"time":"2026-08-19T15:00:23","level":"INFO","logger":"bess.sync","msg":"sync.push.complete"}
{"time":"2026-08-19T15:00:23","level":"INFO","logger":"watchfiles.main","msg":"3 changes detected"}
{"time":"2026-08-19T15:01:23","level":"INFO","logger":"watchfiles.main","msg":"3 changes detected"}
{"time":"2026-08-19T15:01:23","level":"INFO","logger":"bess.sync","msg":"sync.push.complete"}
{"time":"2026-08-19T15:01:24","level":"INFO","logger":"watchfiles.main","msg":"3 changes detected"}
{"time":"2026-08-19T15:02:24","level":"INFO","logger":"bess.sync","msg":"sync.push.complete"}
{"time":"2026-08-19T15:02:24","level":"INFO","logger":"watchfiles.main","msg":"3 changes detected"}
{"time":"2026-08-19T15:03:24","level":"INFO","logger":"bess.sync","msg":"sync.push.complete"}
{"time":"2026-08-19T15:03:24","level":"INFO","logger":"watchfiles.main","msg":"3 changes detected"}
{"time":"2026-08-19T15:04:25","level":"INFO","logger":"bess.sync","msg":"sync.push.complete"}
{"time":"2026-08-19T15:04:25","level":"INFO","logger":"watchfiles.main","msg":"3 changes detected"}
{"time":"2026-08-19T15:05:26","level":"INFO","logger":"bess.sync","msg":"sync.push.complete"}
{"time":"2026-08-19T15:05:26","level":"INFO","logger":"watchfiles.main","msg":"3 changes detected"}
{"time":"2026-08-19T15:06:26","level":"INFO","logger":"watchfiles.main","msg":"1 change detected"}
{"time":"2026-08-19T15:06:26","level":"INFO","logger":"bess.sync","msg":"sync.push.complete"}
{"time":"2026-08-19T15:06:26","level":"INFO","logger":"watchfiles.main","msg":"4 changes detected"}
{"time":"2026-08-19T15:07:27","level":"INFO","logger":"watchfiles.main","msg":"3 changes detected"}
{"time":"2026-08-19T15:07:27","level":"INFO","logger":"bess.sync","msg":"sync.push.complete"}
{"time":"2026-08-19T15:07:27","level":"INFO","logger":"watchfiles.main","msg":"1 change detected"}
{"time":"2026-08-19T15:08:27","level":"INFO","logger":"bess.sync","msg":"sync.push.complete"}
{"time":"2026-08-19T15:08:27","level":"INFO","logger":"watchfiles.main","msg":"3 changes detected"}
{"time":"2026-08-19T15:09:28","level":"INFO","logger":"bess.sync","msg":"sync.push.complete"}
{"time":"2026-08-19T15:09:28","level":"INFO","logger":"watchfiles.main","msg":"3 changes detected"}
{"time":"2026-08-19T15:10:28","level":"INFO","logger":"bess.sync","msg":"sync.push.complete"}
{"time":"2026-08-19T15:10:28","level":"INFO","logger":"watchfiles.main","msg":"3 changes detected"}
{"time":"2026-08-19T15:10:33","level":"INFO","logger":"watchfiles.main","msg":"1 change detected"}
{"time":"2026-08-19T15:11:29","level":"INFO","logger":"bess.sync","msg":"sync.push.complete"}
{"time":"2026-08-19T15:11:29","level":"INFO","logger":"watchfiles.main","msg":"3 changes detected"}
{"time":"2026-08-19T15:12:29","level":"INFO","logger":"watchfiles.main","msg":"3 changes detected"}
{"time":"2026-08-19T15:12:29","level":"INFO","logger":"bess.sync","msg":"sync.push.complete"}
{"time":"2026-08-19T15:12:30","level":"INFO","logger":"watchfiles.main","msg":"3 changes detected"}
{"time":"2026-08-19T15:13:30","level":"INFO","logger":"watchfiles.main","msg":"3 changes detected"}
{"time":"2026-08-19T15:13:30","level":"INFO","logger":"bess.sync","msg":"sync.push.complete"}
{"time":"2026-08-19T15:13:30","level":"INFO","logger":"watchfiles.main","msg":"3 changes detected"}
{"time":"2026-08-19T15:14:31","level":"INFO","logger":"watchfiles.main","msg":"3 changes detected"}
{"time":"2026-08-19T15:14:31","level":"INFO","logger":"bess.sync","msg":"sync.push.complete"}
{"time":"2026-08-19T15:14:31","level":"INFO","logger":"watchfiles.main","msg":"4 changes detected"}
{"time":"2026-08-19T15:15:31","level":"INFO","logger":"bess.sync","msg":"sync.push.complete"}
{"time":"2026-08-19T15:15:31","level":"INFO","logger":"watchfiles.main","msg":"3 changes detected"}
{"time":"2026-08-19T15:16:32","level":"INFO","logger":"watchfiles.main","msg":"3 changes detected"}
{"time":"2026-08-19T15:16:32","level":"INFO","logger":"bess.sync","msg":"sync.push.complete"}
{"time":"2026-08-19T15:17:32","level":"INFO","logger":"watchfiles.main","msg":"3 changes detected"}
{"time":"2026-08-19T15:17:33","level":"INFO","logger":"bess.sync","msg":"sync.push.complete"}
{"time":"2026-08-19T15:17:33","level":"INFO","logger":"watchfiles.main","msg":"3 changes detected"}
{"time":"2026-08-19T15:18:33","level":"INFO","logger":"watchfiles.main","msg":"3 changes detected"}
{"time":"2026-08-19T15:18:33","level":"INFO","logger":"bess.sync","msg":"sync.push.complete"}
{"time":"2026-08-19T15:18:34","level":"INFO","logger":"watchfiles.main","msg":"4 changes detected"}
{"time":"2026-08-19T15:19:34","level":"INFO","logger":"watchfiles.main","msg":"3 changes detected"}
{"time":"2026-08-19T15:19:34","level":"INFO","logger":"bess.sync","msg":"sync.push.complete"}
{"time":"2026-08-19T15:19:34","level":"INFO","logger":"watchfiles.main","msg":"4 changes detected"}
{"time":"2026-08-19T15:20:34","level":"INFO","logger":"bess.sync","msg":"sync.push.complete"}
{"time":"2026-08-19T15:20:34","level":"INFO","logger":"watchfiles.main","msg":"3 changes detected"}
{"time":"2026-08-19T15:21:35","level":"INFO","logger":"watchfiles.main","msg":"3 changes detected"}
{"time":"2026-08-19T15:21:35","level":"INFO","logger":"bess.sync","msg":"sync.push.complete"}
{"time":"2026-08-19T15:21:35","level":"INFO","logger":"watchfiles.main","msg":"3 changes detected"}
{"time":"2026-08-19T15:22:36","level":"INFO","logger":"bess.sync","msg":"sync.push.complete"}
{"time":"2026-08-19T15:22:36","level":"INFO","logger":"watchfiles.main","msg":"3 changes detected"}
{"time":"2026-08-19T15:23:37","level":"INFO","logger":"bess.sync","msg":"sync.push.complete"}
{"time":"2026-08-19T15:23:37","level":"INFO","logger":"watchfiles.main","msg":"3 changes detected"}
{"time":"2026-08-19T15:24:37","level":"INFO","logger":"watchfiles.main","msg":"3 changes detected"}
{"time":"2026-08-19T15:24:37","level":"INFO","logger":"bess.sync","msg":"sync.push.complete"}
{"time":"2026-08-19T15:24:38","level":"INFO","logger":"watchfiles.main","msg":"3 changes detected"}
{"time":"2026-08-19T15:25:38","level":"INFO","logger":"watchfiles.main","msg":"3 changes detected"}
{"time":"2026-08-19T15:25:38","level":"INFO","logger":"bess.sync","msg":"sync.push.complete"}
{"time":"2026-08-19T15:25:39","level":"INFO","logger":"watchfiles.main","msg":"4 changes detected"}
{"time":"2026-08-19T15:26:39","level":"INFO","logger":"watchfiles.main","msg":"3 changes detected"}
{"time":"2026-08-19T15:26:39","level":"INFO","logger":"bess.sync","msg":"sync.push.complete"}
{"time":"2026-08-19T15:26:40","level":"INFO","logger":"watchfiles.main","msg":"4 changes detected"}
{"time":"2026-08-19T15:27:40","level":"INFO","logger":"watchfiles.main","msg":"3 changes detected"}
{"time":"2026-08-19T15:27:40","level":"INFO","logger":"bess.sync","msg":"sync.push.complete"}
{"time":"2026-08-19T15:27:40","level":"INFO","logger":"watchfiles.main","msg":"4 changes detected"}
{"time":"2026-08-19T15:28:40","level":"INFO","logger":"bess.sync","msg":"sync.push.complete"}
{"time":"2026-08-19T15:28:40","level":"INFO","logger":"watchfiles.main","msg":"3 changes detected"}
{"time":"2026-08-19T15:29:41","level":"INFO","logger":"bess.sync","msg":"sync.push.complete"}
{"time":"2026-08-19T15:29:41","level":"INFO","logger":"watchfiles.main","msg":"3 changes detected"}
{"time":"2026-08-19T15:30:42","level":"INFO","logger":"watchfiles.main","msg":"3 changes detected"}
{"time":"2026-08-19T15:30:42","level":"INFO","logger":"bess.sync","msg":"sync.push.complete"}
{"time":"2026-08-19T15:30:42","level":"INFO","logger":"watchfiles.main","msg":"4 changes detected"}
{"time":"2026-08-19T15:31:43","level":"INFO","logger":"watchfiles.main","msg":"3 changes detected"}
{"time":"2026-08-19T15:31:43","level":"INFO","logger":"bess.sync","msg":"sync.push.complete"}
{"time":"2026-08-19T15:31:43","level":"INFO","logger":"watchfiles.main","msg":"3 changes detected"}
{"time":"2026-08-19T15:32:44","level":"INFO","logger":"watchfiles.main","msg":"3 changes detected"}
{"time":"2026-08-19T15:32:44","level":"INFO","logger":"bess.sync","msg":"sync.push.complete"}
{"time":"2026-08-19T15:33:45","level":"INFO","logger":"watchfiles.main","msg":"3 changes detected"}
{"time":"2026-08-19T15:33:45","level":"INFO","logger":"bess.sync","msg":"sync.push.complete"}
{"time":"2026-08-19T15:34:45","level":"INFO","logger":"watchfiles.main","msg":"3 changes detected"}
{"time":"2026-08-19T15:34:45","level":"INFO","logger":"bess.sync","msg":"sync.push.complete"}
{"time":"2026-08-19T15:34:46","level":"INFO","logger":"watchfiles.main","msg":"2 changes detected"}
{"time":"2026-08-19T15:35:46","level":"INFO","logger":"watchfiles.main","msg":"3 changes detected"}
{"time":"2026-08-19T15:35:46","level":"INFO","logger":"bess.sync","msg":"sync.push.complete"}
{"time":"2026-08-19T15:35:47","level":"INFO","logger":"watchfiles.main","msg":"1 change detected"}
{"time":"2026-08-19T15:36:47","level":"INFO","logger":"watchfiles.main","msg":"3 changes detected"}
{"time":"2026-08-19T15:36:47","level":"INFO","logger":"bess.sync","msg":"sync.push.complete"}
{"time":"2026-08-19T15:36:47","level":"INFO","logger":"watchfiles.main","msg":"3 changes detected"}
{"time":"2026-08-19T15:37:48","level":"INFO","logger":"watchfiles.main","msg":"3 changes detected"}
{"time":"2026-08-19T15:37:48","level":"INFO","logger":"bess.sync","msg":"sync.push.complete"}
{"time":"2026-08-19T15:37:48","level":"INFO","logger":"watchfiles.main","msg":"4 changes detected"}
{"time":"2026-08-19T15:38:49","level":"INFO","logger":"watchfiles.main","msg":"3 changes detected"}
{"time":"2026-08-19T15:38:49","level":"INFO","logger":"bess.sync","msg":"sync.push.complete"}
{"time":"2026-08-19T15:39:50","level":"INFO","logger":"watchfiles.main","msg":"3 changes detected"}
{"time":"2026-08-19T15:39:50","level":"INFO","logger":"bess.sync","msg":"sync.push.complete"}
{"time":"2026-08-19T15:39:50","level":"INFO","logger":"watchfiles.main","msg":"4 changes detected"}
{"time":"2026-08-19T15:40:33","level":"INFO","logger":"watchfiles.main","msg":"1 change detected"}
{"time":"2026-08-19T15:40:50","level":"INFO","logger":"watchfiles.main","msg":"3 changes detected"}
{"time":"2026-08-19T15:40:50","level":"INFO","logger":"bess.sync","msg":"sync.push.complete"}
{"time":"2026-08-19T15:40:51","level":"INFO","logger":"watchfiles.main","msg":"4 changes detected"}
{"time":"2026-08-19T15:41:51","level":"INFO","logger":"bess.sync","msg":"sync.push.complete"}
{"time":"2026-08-19T15:41:51","level":"INFO","logger":"watchfiles.main","msg":"3 changes detected"}
{"time":"2026-08-19T15:42:52","level":"INFO","logger":"bess.sync","msg":"sync.push.complete"}
{"time":"2026-08-19T15:42:52","level":"INFO","logger":"watchfiles.main","msg":"3 changes detected"}
{"time":"2026-08-19T15:43:52","level":"INFO","logger":"watchfiles.main","msg":"3 changes detected"}
{"time":"2026-08-19T15:43:52","level":"INFO","logger":"bess.sync","msg":"sync.push.complete"}
{"time":"2026-08-19T15:43:53","level":"INFO","logger":"watchfiles.main","msg":"3 changes detected"}
{"time":"2026-08-19T15:44:53","level":"INFO","logger":"watchfiles.main","msg":"3 changes detected"}
{"time":"2026-08-19T15:44:53","level":"INFO","logger":"bess.sync","msg":"sync.push.complete"}
{"time":"2026-08-19T15:44:53","level":"INFO","logger":"watchfiles.main","msg":"4 changes detected"}
{"time":"2026-08-19T15:45:54","level":"INFO","logger":"bess.sync","msg":"sync.push.complete"}
{"time":"2026-08-19T15:45:54","level":"INFO","logger":"watchfiles.main","msg":"3 changes detected"}
{"time":"2026-08-19T15:46:55","level":"INFO","logger":"watchfiles.main","msg":"3 changes detected"}
{"time":"2026-08-19T15:46:55","level":"INFO","logger":"bess.sync","msg":"sync.push.complete"}
{"time":"2026-08-19T15:46:55","level":"INFO","logger":"watchfiles.main","msg":"4 changes detected"}
{"time":"2026-08-19T15:47:55","level":"INFO","logger":"bess.sync","msg":"sync.push.complete"}
{"time":"2026-08-19T15:47:55","level":"INFO","logger":"watchfiles.main","msg":"3 changes detected"}
{"time":"2026-08-19T15:48:56","level":"INFO","logger":"bess.sync","msg":"sync.push.complete"}
{"time":"2026-08-19T15:48:56","level":"INFO","logger":"watchfiles.main","msg":"3 changes detected"}
{"time":"2026-08-19T15:49:57","level":"INFO","logger":"watchfiles.main","msg":"3 changes detected"}
{"time":"2026-08-19T15:49:57","level":"INFO","logger":"bess.sync","msg":"sync.push.complete"}
{"time":"2026-08-19T15:49:57","level":"INFO","logger":"watchfiles.main","msg":"3 changes detected"}
{"time":"2026-08-19T15:50:58","level":"INFO","logger":"watchfiles.main","msg":"3 changes detected"}
{"time":"2026-08-19T15:50:58","level":"INFO","logger":"bess.sync","msg":"sync.push.complete"}
{"time":"2026-08-19T15:50:58","level":"INFO","logger":"watchfiles.main","msg":"3 changes detected"}
{"time":"2026-08-19T15:51:59","level":"INFO","logger":"bess.sync","msg":"sync.push.complete"}
{"time":"2026-08-19T15:51:59","level":"INFO","logger":"watchfiles.main","msg":"3 changes detected"}
{"time":"2026-08-19T15:53:00","level":"INFO","logger":"watchfiles.main","msg":"3 changes detected"}
{"time":"2026-08-19T15:53:00","level":"INFO","logger":"bess.sync","msg":"sync.push.complete"}
{"time":"2026-08-19T15:53:00","level":"INFO","logger":"watchfiles.main","msg":"3 changes detected"}
{"time":"2026-08-19T15:54:00","level":"INFO","logger":"watchfiles.main","msg":"3 changes detected"}
{"time":"2026-08-19T15:54:00","level":"INFO","logger":"bess.sync","msg":"sync.push.complete"}
{"time":"2026-08-19T15:54:01","level":"INFO","logger":"watchfiles.main","msg":"4 changes detected"}
{"time":"2026-08-19T15:55:01","level":"INFO","logger":"bess.sync","msg":"sync.push.complete"}
{"time":"2026-08-19T15:55:01","level":"INFO","logger":"watchfiles.main","msg":"3 changes detected"}
{"time":"2026-08-19T15:56:02","level":"INFO","logger":"watchfiles.main","msg":"3 changes detected"}
{"time":"2026-08-19T15:56:02","level":"INFO","logger":"bess.sync","msg":"sync.push.complete"}
{"time":"2026-08-19T15:56:02","level":"INFO","logger":"watchfiles.main","msg":"3 changes detected"}
{"time":"2026-08-19T15:57:03","level":"INFO","logger":"watchfiles.main","msg":"3 changes detected"}
{"time":"2026-08-19T15:57:03","level":"INFO","logger":"bess.sync","msg":"sync.push.complete"}
{"time":"2026-08-19T15:57:03","level":"INFO","logger":"watchfiles.main","msg":"3 changes detected"}
{"time":"2026-08-19T15:58:04","level":"INFO","logger":"watchfiles.main","msg":"3 changes detected"}
{"time":"2026-08-19T15:58:04","level":"INFO","logger":"bess.sync","msg":"sync.push.complete"}
{"time":"2026-08-19T15:58:04","level":"INFO","logger":"watchfiles.main","msg":"4 changes detected"}
{"time":"2026-08-19T15:59:05","level":"INFO","logger":"watchfiles.main","msg":"3 changes detected"}
{"time":"2026-08-19T15:59:05","level":"INFO","logger":"bess.sync","msg":"sync.push.complete"}
{"time":"2026-08-19T15:59:05","level":"INFO","logger":"watchfiles.main","msg":"3 changes detected"}
{"time":"2026-08-19T16:00:05","level":"INFO","logger":"watchfiles.main","msg":"3 changes detected"}
{"time":"2026-08-19T16:00:05","level":"INFO","logger":"bess.sync","msg":"sync.push.complete"}
{"time":"2026-08-19T16:00:06","level":"INFO","logger":"watchfiles.main","msg":"4 changes detected"}
{"time":"2026-08-19T16:01:06","level":"INFO","logger":"watchfiles.main","msg":"3 changes detected"}
{"time":"2026-08-19T16:01:06","level":"INFO","logger":"bess.sync","msg":"sync.push.complete"}
{"time":"2026-08-19T16:01:07","level":"INFO","logger":"watchfiles.main","msg":"3 changes detected"}
{"time":"2026-08-19T16:02:07","level":"INFO","logger":"watchfiles.main","msg":"3 changes detected"}
{"time":"2026-08-19T16:02:07","level":"INFO","logger":"bess.sync","msg":"sync.push.complete"}
{"time":"2026-08-19T16:02:07","level":"INFO","logger":"watchfiles.main","msg":"4 changes detected"}
{"time":"2026-08-19T16:03:08","level":"INFO","logger":"watchfiles.main","msg":"3 changes detected"}
{"time":"2026-08-19T16:03:08","level":"INFO","logger":"bess.sync","msg":"sync.push.complete"}
{"time":"2026-08-19T16:03:08","level":"INFO","logger":"watchfiles.main","msg":"3 changes detected"}
{"time":"2026-08-19T16:04:09","level":"INFO","logger":"watchfiles.main","msg":"3 changes detected"}
{"time":"2026-08-19T16:04:09","level":"INFO","logger":"bess.sync","msg":"sync.push.complete"}
{"time":"2026-08-19T16:04:09","level":"INFO","logger":"watchfiles.main","msg":"4 changes detected"}
{"time":"2026-08-19T16:05:09","level":"INFO","logger":"watchfiles.main","msg":"3 changes detected"}
{"time":"2026-08-19T16:05:10","level":"INFO","logger":"bess.sync","msg":"sync.push.complete"}
{"time":"2026-08-19T16:05:10","level":"INFO","logger":"watchfiles.main","msg":"3 changes detected"}
{"time":"2026-08-19T16:06:10","level":"INFO","logger":"watchfiles.main","msg":"3 changes detected"}
{"time":"2026-08-19T16:06:10","level":"INFO","logger":"bess.sync","msg":"sync.push.complete"}
{"time":"2026-08-19T16:06:11","level":"INFO","logger":"watchfiles.main","msg":"3 changes detected"}
{"time":"2026-08-19T16:07:11","level":"INFO","logger":"watchfiles.main","msg":"3 changes detected"}
{"time":"2026-08-19T16:07:11","level":"INFO","logger":"bess.sync","msg":"sync.push.complete"}
{"time":"2026-08-19T16:07:12","level":"INFO","logger":"watchfiles.main","msg":"3 changes detected"}
{"time":"2026-08-19T16:08:12","level":"INFO","logger":"watchfiles.main","msg":"3 changes detected"}
{"time":"2026-08-19T16:08:12","level":"INFO","logger":"bess.sync","msg":"sync.push.complete"}
{"time":"2026-08-19T16:08:12","level":"INFO","logger":"watchfiles.main","msg":"3 changes detected"}
{"time":"2026-08-19T16:09:13","level":"INFO","logger":"watchfiles.main","msg":"3 changes detected"}
{"time":"2026-08-19T16:09:13","level":"INFO","logger":"bess.sync","msg":"sync.push.complete"}
{"time":"2026-08-19T16:09:13","level":"INFO","logger":"watchfiles.main","msg":"3 changes detected"}
{"time":"2026-08-19T16:10:14","level":"INFO","logger":"watchfiles.main","msg":"3 changes detected"}
{"time":"2026-08-19T16:10:14","level":"INFO","logger":"bess.sync","msg":"sync.push.complete"}
{"time":"2026-08-19T16:10:14","level":"INFO","logger":"watchfiles.main","msg":"3 changes detected"}
{"time":"2026-08-19T16:10:34","level":"INFO","logger":"watchfiles.main","msg":"1 change detected"}
{"time":"2026-08-19T16:11:15","level":"INFO","logger":"watchfiles.main","msg":"3 changes detected"}
{"time":"2026-08-19T16:11:15","level":"INFO","logger":"bess.sync","msg":"sync.push.complete"}
{"time":"2026-08-19T16:11:15","level":"INFO","logger":"watchfiles.main","msg":"3 changes detected"}
{"time":"2026-08-19T16:12:16","level":"INFO","logger":"watchfiles.main","msg":"3 changes detected"}
{"time":"2026-08-19T16:12:16","level":"INFO","logger":"bess.sync","msg":"sync.push.complete"}
{"time":"2026-08-19T16:12:16","level":"INFO","logger":"watchfiles.main","msg":"4 changes detected"}
{"time":"2026-08-19T16:13:16","level":"INFO","logger":"watchfiles.main","msg":"3 changes detected"}
{"time":"2026-08-19T16:13:16","level":"INFO","logger":"bess.sync","msg":"sync.push.complete"}
{"time":"2026-08-19T16:13:17","level":"INFO","logger":"watchfiles.main","msg":"3 changes detected"}
{"time":"2026-08-19T16:14:17","level":"INFO","logger":"watchfiles.main","msg":"3 changes detected"}
{"time":"2026-08-19T16:14:17","level":"INFO","logger":"bess.sync","msg":"sync.push.complete"}
{"time":"2026-08-19T16:14:18","level":"INFO","logger":"watchfiles.main","msg":"3 changes detected"}
{"time":"2026-08-19T16:15:18","level":"INFO","logger":"watchfiles.main","msg":"3 changes detected"}
{"time":"2026-08-19T16:15:18","level":"INFO","logger":"bess.sync","msg":"sync.push.complete"}
{"time":"2026-08-19T16:15:18","level":"INFO","logger":"watchfiles.main","msg":"3 changes detected"}
{"time":"2026-08-19T16:16:19","level":"INFO","logger":"watchfiles.main","msg":"3 changes detected"}
{"time":"2026-08-19T16:16:19","level":"INFO","logger":"bess.sync","msg":"sync.push.complete"}
{"time":"2026-08-19T16:16:19","level":"INFO","logger":"watchfiles.main","msg":"3 changes detected"}
{"time":"2026-08-19T16:17:20","level":"INFO","logger":"watchfiles.main","msg":"3 changes detected"}
{"time":"2026-08-19T16:17:20","level":"INFO","logger":"bess.sync","msg":"sync.push.complete"}
{"time":"2026-08-19T16:17:20","level":"INFO","logger":"watchfiles.main","msg":"3 changes detected"}
{"time":"2026-08-19T16:18:21","level":"INFO","logger":"watchfiles.main","msg":"3 changes detected"}
{"time":"2026-08-19T16:18:21","level":"INFO","logger":"bess.sync","msg":"sync.push.complete"}
{"time":"2026-08-19T16:18:21","level":"INFO","logger":"watchfiles.main","msg":"4 changes detected"}
{"time":"2026-08-19T16:19:22","level":"INFO","logger":"watchfiles.main","msg":"3 changes detected"}
{"time":"2026-08-19T16:19:22","level":"INFO","logger":"bess.sync","msg":"sync.push.complete"}
{"time":"2026-08-19T16:19:22","level":"INFO","logger":"watchfiles.main","msg":"3 changes detected"}
{"time":"2026-08-19T16:20:22","level":"INFO","logger":"watchfiles.main","msg":"3 changes detected"}
{"time":"2026-08-19T16:20:23","level":"INFO","logger":"bess.sync","msg":"sync.push.complete"}
{"time":"2026-08-19T16:20:23","level":"INFO","logger":"watchfiles.main","msg":"3 changes detected"}
{"time":"2026-08-19T16:21:23","level":"INFO","logger":"watchfiles.main","msg":"3 changes detected"}
{"time":"2026-08-19T16:21:23","level":"INFO","logger":"bess.sync","msg":"sync.push.complete"}
{"time":"2026-08-19T16:21:24","level":"INFO","logger":"watchfiles.main","msg":"4 changes detected"}
{"time":"2026-08-19T16:22:24","level":"INFO","logger":"watchfiles.main","msg":"3 changes detected"}
{"time":"2026-08-19T16:22:24","level":"INFO","logger":"bess.sync","msg":"sync.push.complete"}
{"time":"2026-08-19T16:22:25","level":"INFO","logger":"watchfiles.main","msg":"3 changes detected"}
{"time":"2026-08-19T16:23:25","level":"INFO","logger":"watchfiles.main","msg":"3 changes detected"}
{"time":"2026-08-19T16:23:25","level":"INFO","logger":"bess.sync","msg":"sync.push.complete"}
{"time":"2026-08-19T16:23:25","level":"INFO","logger":"watchfiles.main","msg":"3 changes detected"}
{"time":"2026-08-19T16:24:26","level":"INFO","logger":"watchfiles.main","msg":"3 changes detected"}
{"time":"2026-08-19T16:24:26","level":"INFO","logger":"bess.sync","msg":"sync.push.complete"}
{"time":"2026-08-19T16:24:26","level":"INFO","logger":"watchfiles.main","msg":"3 changes detected"}
{"time":"2026-08-19T16:25:27","level":"INFO","logger":"watchfiles.main","msg":"3 changes detected"}
{"time":"2026-08-19T16:25:27","level":"INFO","logger":"bess.sync","msg":"sync.push.complete"}
{"time":"2026-08-19T16:25:27","level":"INFO","logger":"watchfiles.main","msg":"3 changes detected"}
{"time":"2026-08-19T16:26:28","level":"INFO","logger":"watchfiles.main","msg":"3 changes detected"}
{"time":"2026-08-19T16:26:28","level":"INFO","logger":"bess.sync","msg":"sync.push.complete"}
{"time":"2026-08-19T16:26:28","level":"INFO","logger":"watchfiles.main","msg":"3 changes detected"}
{"time":"2026-08-19T16:27:29","level":"INFO","logger":"watchfiles.main","msg":"3 changes detected"}
{"time":"2026-08-19T16:27:29","level":"INFO","logger":"bess.sync","msg":"sync.push.complete"}
{"time":"2026-08-19T16:27:29","level":"INFO","logger":"watchfiles.main","msg":"3 changes detected"}
{"time":"2026-08-19T16:28:30","level":"INFO","logger":"watchfiles.main","msg":"3 changes detected"}
{"time":"2026-08-19T16:28:30","level":"INFO","logger":"bess.sync","msg":"sync.push.complete"}
{"time":"2026-08-19T16:28:30","level":"INFO","logger":"watchfiles.main","msg":"3 changes detected"}
{"time":"2026-08-19T16:29:30","level":"INFO","logger":"watchfiles.main","msg":"3 changes detected"}
{"time":"2026-08-19T16:29:30","level":"INFO","logger":"bess.sync","msg":"sync.push.complete"}
{"time":"2026-08-19T16:29:31","level":"INFO","logger":"watchfiles.main","msg":"3 changes detected"}
{"time":"2026-08-19T16:30:31","level":"INFO","logger":"watchfiles.main","msg":"3 changes detected"}
{"time":"2026-08-19T16:30:31","level":"INFO","logger":"bess.sync","msg":"sync.push.complete"}
{"time":"2026-08-19T16:30:32","level":"INFO","logger":"watchfiles.main","msg":"3 changes detected"}
{"time":"2026-08-19T16:31:32","level":"INFO","logger":"watchfiles.main","msg":"3 changes detected"}
{"time":"2026-08-19T16:31:32","level":"INFO","logger":"bess.sync","msg":"sync.push.complete"}
{"time":"2026-08-19T16:31:32","level":"INFO","logger":"watchfiles.main","msg":"3 changes detected"}
{"time":"2026-08-19T16:32:33","level":"INFO","logger":"watchfiles.main","msg":"3 changes detected"}
{"time":"2026-08-19T16:32:33","level":"INFO","logger":"bess.sync","msg":"sync.push.complete"}
{"time":"2026-08-19T16:32:33","level":"INFO","logger":"watchfiles.main","msg":"3 changes detected"}
{"time":"2026-08-19T16:33:34","level":"INFO","logger":"watchfiles.main","msg":"3 changes detected"}
{"time":"2026-08-19T16:33:34","level":"INFO","logger":"bess.sync","msg":"sync.push.complete"}
{"time":"2026-08-19T16:33:34","level":"INFO","logger":"watchfiles.main","msg":"3 changes detected"}
{"time":"2026-08-19T16:34:35","level":"INFO","logger":"watchfiles.main","msg":"3 changes detected"}
{"time":"2026-08-19T16:34:35","level":"INFO","logger":"bess.sync","msg":"sync.push.complete"}
{"time":"2026-08-19T16:34:35","level":"INFO","logger":"watchfiles.main","msg":"3 changes detected"}
{"time":"2026-08-19T16:35:35","level":"INFO","logger":"watchfiles.main","msg":"3 changes detected"}
{"time":"2026-08-19T16:35:35","level":"INFO","logger":"bess.sync","msg":"sync.push.complete"}
{"time":"2026-08-19T16:35:36","level":"INFO","logger":"watchfiles.main","msg":"3 changes detected"}
{"time":"2026-08-19T16:36:36","level":"INFO","logger":"watchfiles.main","msg":"3 changes detected"}
{"time":"2026-08-19T16:36:36","level":"INFO","logger":"bess.sync","msg":"sync.push.complete"}
{"time":"2026-08-19T16:36:37","level":"INFO","logger":"watchfiles.main","msg":"3 changes detected"}
{"time":"2026-08-19T16:37:37","level":"INFO","logger":"watchfiles.main","msg":"3 changes detected"}
{"time":"2026-08-19T16:37:37","level":"INFO","logger":"bess.sync","msg":"sync.push.complete"}
{"time":"2026-08-19T16:37:37","level":"INFO","logger":"watchfiles.main","msg":"3 changes detected"}
{"time":"2026-08-19T16:38:38","level":"INFO","logger":"watchfiles.main","msg":"3 changes detected"}
{"time":"2026-08-19T16:38:38","level":"INFO","logger":"bess.sync","msg":"sync.push.complete"}
{"time":"2026-08-19T16:39:39","level":"INFO","logger":"watchfiles.main","msg":"3 changes detected"}
{"time":"2026-08-19T16:39:39","level":"INFO","logger":"bess.sync","msg":"sync.push.complete"}
{"time":"2026-08-19T16:39:39","level":"INFO","logger":"watchfiles.main","msg":"3 changes detected"}
{"time":"2026-08-19T16:40:34","level":"INFO","logger":"watchfiles.main","msg":"1 change detected"}
{"time":"2026-08-19T16:40:40","level":"INFO","logger":"watchfiles.main","msg":"3 changes detected"}
{"time":"2026-08-19T16:40:40","level":"INFO","logger":"bess.sync","msg":"sync.push.complete"}
{"time":"2026-08-19T16:40:40","level":"INFO","logger":"watchfiles.main","msg":"3 changes detected"}
{"time":"2026-08-19T16:41:40","level":"INFO","logger":"watchfiles.main","msg":"3 changes detected"}
{"time":"2026-08-19T16:41:40","level":"INFO","logger":"bess.sync","msg":"sync.push.complete"}
{"time":"2026-08-19T16:41:41","level":"INFO","logger":"watchfiles.main","msg":"3 changes detected"}
{"time":"2026-08-19T16:42:41","level":"INFO","logger":"watchfiles.main","msg":"3 changes detected"}
{"time":"2026-08-19T16:42:41","level":"INFO","logger":"bess.sync","msg":"sync.push.complete"}
{"time":"2026-08-19T16:42:42","level":"INFO","logger":"watchfiles.main","msg":"3 changes detected"}
{"time":"2026-08-19T16:43:42","level":"INFO","logger":"watchfiles.main","msg":"3 changes detected"}
{"time":"2026-08-19T16:43:42","level":"INFO","logger":"bess.sync","msg":"sync.push.complete"}
{"time":"2026-08-19T16:43:42","level":"INFO","logger":"watchfiles.main","msg":"3 changes detected"}
{"time":"2026-08-19T16:44:43","level":"INFO","logger":"watchfiles.main","msg":"3 changes detected"}
{"time":"2026-08-19T16:44:43","level":"INFO","logger":"bess.sync","msg":"sync.push.complete"}
{"time":"2026-08-19T16:44:43","level":"INFO","logger":"watchfiles.main","msg":"3 changes detected"}
{"time":"2026-08-19T16:45:44","level":"INFO","logger":"watchfiles.main","msg":"3 changes detected"}
{"time":"2026-08-19T16:45:44","level":"INFO","logger":"bess.sync","msg":"sync.push.complete"}
{"time":"2026-08-19T16:45:44","level":"INFO","logger":"watchfiles.main","msg":"3 changes detected"}
{"time":"2026-08-19T16:46:45","level":"INFO","logger":"watchfiles.main","msg":"3 changes detected"}
{"time":"2026-08-19T16:46:45","level":"INFO","logger":"bess.sync","msg":"sync.push.complete"}
{"time":"2026-08-19T16:46:45","level":"INFO","logger":"watchfiles.main","msg":"3 changes detected"}
{"time":"2026-08-19T16:47:45","level":"INFO","logger":"watchfiles.main","msg":"3 changes detected"}
{"time":"2026-08-19T16:47:45","level":"INFO","logger":"bess.sync","msg":"sync.push.complete"}
{"time":"2026-08-19T16:47:46","level":"INFO","logger":"watchfiles.main","msg":"3 changes detected"}
{"time":"2026-08-19T16:48:46","level":"INFO","logger":"watchfiles.main","msg":"3 changes detected"}
{"time":"2026-08-19T16:48:46","level":"INFO","logger":"bess.sync","msg":"sync.push.complete"}
{"time":"2026-08-19T16:48:47","level":"INFO","logger":"watchfiles.main","msg":"3 changes detected"}
{"time":"2026-08-19T16:49:47","level":"INFO","logger":"watchfiles.main","msg":"3 changes detected"}
{"time":"2026-08-19T16:49:47","level":"INFO","logger":"bess.sync","msg":"sync.push.complete"}
{"time":"2026-08-19T16:49:48","level":"INFO","logger":"watchfiles.main","msg":"3 changes detected"}
{"time":"2026-08-19T16:50:48","level":"INFO","logger":"watchfiles.main","msg":"3 changes detected"}
{"time":"2026-08-19T16:50:48","level":"INFO","logger":"bess.sync","msg":"sync.push.complete"}
{"time":"2026-08-19T16:50:48","level":"INFO","logger":"watchfiles.main","msg":"3 changes detected"}
{"time":"2026-08-19T16:51:49","level":"INFO","logger":"watchfiles.main","msg":"3 changes detected"}
{"time":"2026-08-19T16:51:49","level":"INFO","logger":"bess.sync","msg":"sync.push.complete"}
{"time":"2026-08-19T16:51:49","level":"INFO","logger":"watchfiles.main","msg":"3 changes detected"}
{"time":"2026-08-19T16:52:50","level":"INFO","logger":"watchfiles.main","msg":"3 changes detected"}
{"time":"2026-08-19T16:52:50","level":"INFO","logger":"bess.sync","msg":"sync.push.complete"}
{"time":"2026-08-19T16:52:50","level":"INFO","logger":"watchfiles.main","msg":"3 changes detected"}
{"time":"2026-08-19T16:53:51","level":"INFO","logger":"watchfiles.main","msg":"3 changes detected"}
{"time":"2026-08-19T16:53:51","level":"INFO","logger":"bess.sync","msg":"sync.push.complete"}
{"time":"2026-08-19T16:53:51","level":"INFO","logger":"watchfiles.main","msg":"3 changes detected"}
{"time":"2026-08-19T16:54:51","level":"INFO","logger":"watchfiles.main","msg":"3 changes detected"}
{"time":"2026-08-19T16:54:52","level":"INFO","logger":"bess.sync","msg":"sync.push.complete"}
{"time":"2026-08-19T16:54:52","level":"INFO","logger":"watchfiles.main","msg":"3 changes detected"}
{"time":"2026-08-19T16:55:52","level":"INFO","logger":"watchfiles.main","msg":"3 changes detected"}
{"time":"2026-08-19T16:55:52","level":"INFO","logger":"bess.sync","msg":"sync.push.complete"}
{"time":"2026-08-19T16:55:53","level":"INFO","logger":"watchfiles.main","msg":"3 changes detected"}
{"time":"2026-08-19T16:56:53","level":"INFO","logger":"bess.sync","msg":"sync.push.complete"}
{"time":"2026-08-19T16:56:53","level":"INFO","logger":"watchfiles.main","msg":"3 changes detected"}
{"time":"2026-08-19T16:57:54","level":"INFO","logger":"watchfiles.main","msg":"3 changes detected"}
{"time":"2026-08-19T16:57:54","level":"INFO","logger":"bess.sync","msg":"sync.push.complete"}
{"time":"2026-08-19T16:57:54","level":"INFO","logger":"watchfiles.main","msg":"3 changes detected"}
{"time":"2026-08-19T16:58:55","level":"INFO","logger":"watchfiles.main","msg":"3 changes detected"}
{"time":"2026-08-19T16:58:55","level":"INFO","logger":"bess.sync","msg":"sync.push.complete"}
{"time":"2026-08-19T16:58:55","level":"INFO","logger":"watchfiles.main","msg":"3 changes detected"}
{"time":"2026-08-19T16:59:55","level":"INFO","logger":"watchfiles.main","msg":"3 changes detected"}
{"time":"2026-08-19T16:59:55","level":"INFO","logger":"bess.sync","msg":"sync.push.complete"}
{"time":"2026-08-19T16:59:56","level":"INFO","logger":"watchfiles.main","msg":"3 changes detected"}
{"time":"2026-08-19T17:00:56","level":"INFO","logger":"watchfiles.main","msg":"3 changes detected"}
{"time":"2026-08-19T17:00:56","level":"INFO","logger":"bess.sync","msg":"sync.push.complete"}
{"time":"2026-08-19T17:00:56","level":"INFO","logger":"watchfiles.main","msg":"3 changes detected"}
{"time":"2026-08-19T17:01:57","level":"INFO","logger":"watchfiles.main","msg":"3 changes detected"}
{"time":"2026-08-19T17:01:57","level":"INFO","logger":"bess.sync","msg":"sync.push.complete"}
{"time":"2026-08-19T17:01:57","level":"INFO","logger":"watchfiles.main","msg":"3 changes detected"}
{"time":"2026-08-19T17:02:57","level":"INFO","logger":"watchfiles.main","msg":"3 changes detected"}
{"time":"2026-08-19T17:02:57","level":"INFO","logger":"bess.sync","msg":"sync.push.complete"}
{"time":"2026-08-19T17:02:58","level":"INFO","logger":"watchfiles.main","msg":"3 changes detected"}
{"time":"2026-08-19T17:03:58","level":"INFO","logger":"watchfiles.main","msg":"3 changes detected"}
{"time":"2026-08-19T17:03:58","level":"INFO","logger":"bess.sync","msg":"sync.push.complete"}
{"time":"2026-08-19T17:03:58","level":"INFO","logger":"watchfiles.main","msg":"3 changes detected"}
{"time":"2026-08-19T17:04:59","level":"INFO","logger":"watchfiles.main","msg":"3 changes detected"}
{"time":"2026-08-19T17:04:59","level":"INFO","logger":"bess.sync","msg":"sync.push.complete"}
{"time":"2026-08-19T17:04:59","level":"INFO","logger":"watchfiles.main","msg":"3 changes detected"}
{"time":"2026-08-19T17:06:00","level":"INFO","logger":"watchfiles.main","msg":"3 changes detected"}
{"time":"2026-08-19T17:06:00","level":"INFO","logger":"bess.sync","msg":"sync.push.complete"}
{"time":"2026-08-19T17:06:00","level":"INFO","logger":"watchfiles.main","msg":"2 changes detected"}
{"time":"2026-08-19T17:07:00","level":"INFO","logger":"watchfiles.main","msg":"3 changes detected"}
{"time":"2026-08-19T17:07:00","level":"INFO","logger":"bess.sync","msg":"sync.push.complete"}
{"time":"2026-08-19T17:07:01","level":"INFO","logger":"watchfiles.main","msg":"3 changes detected"}
{"time":"2026-08-19T17:08:01","level":"INFO","logger":"watchfiles.main","msg":"3 changes detected"}
{"time":"2026-08-19T17:08:01","level":"INFO","logger":"bess.sync","msg":"sync.push.complete"}
{"time":"2026-08-19T17:08:01","level":"INFO","logger":"watchfiles.main","msg":"3 changes detected"}
{"time":"2026-08-19T17:09:01","level":"INFO","logger":"watchfiles.main","msg":"3 changes detected"}
{"time":"2026-08-19T17:09:01","level":"INFO","logger":"bess.sync","msg":"sync.push.complete"}
{"time":"2026-08-19T17:09:02","level":"INFO","logger":"watchfiles.main","msg":"3 changes detected"}
{"time":"2026-08-19T17:10:02","level":"INFO","logger":"watchfiles.main","msg":"3 changes detected"}
{"time":"2026-08-19T17:10:02","level":"INFO","logger":"bess.sync","msg":"sync.push.complete"}
{"time":"2026-08-19T17:10:02","level":"INFO","logger":"watchfiles.main","msg":"3 changes detected"}
{"time":"2026-08-19T17:10:34","level":"INFO","logger":"watchfiles.main","msg":"1 change detected"}
{"time":"2026-08-19T17:11:03","level":"INFO","logger":"watchfiles.main","msg":"3 changes detected"}
{"time":"2026-08-19T17:11:03","level":"INFO","logger":"bess.sync","msg":"sync.push.complete"}
{"time":"2026-08-19T17:11:03","level":"INFO","logger":"watchfiles.main","msg":"3 changes detected"}
{"time":"2026-08-19T17:12:03","level":"INFO","logger":"watchfiles.main","msg":"3 changes detected"}
{"time":"2026-08-19T17:12:03","level":"INFO","logger":"bess.sync","msg":"sync.push.complete"}
{"time":"2026-08-19T17:12:04","level":"INFO","logger":"watchfiles.main","msg":"3 changes detected"}
{"time":"2026-08-19T17:13:04","level":"INFO","logger":"watchfiles.main","msg":"3 changes detected"}
{"time":"2026-08-19T17:13:04","level":"INFO","logger":"bess.sync","msg":"sync.push.complete"}
{"time":"2026-08-19T17:13:04","level":"INFO","logger":"watchfiles.main","msg":"1 change detected"}
{"time":"2026-08-19T17:14:05","level":"INFO","logger":"watchfiles.main","msg":"3 changes detected"}
{"time":"2026-08-19T17:14:05","level":"INFO","logger":"bess.sync","msg":"sync.push.complete"}
{"time":"2026-08-19T17:14:05","level":"INFO","logger":"watchfiles.main","msg":"3 changes detected"}
{"time":"2026-08-19T17:15:06","level":"INFO","logger":"watchfiles.main","msg":"3 changes detected"}
{"time":"2026-08-19T17:15:06","level":"INFO","logger":"bess.sync","msg":"sync.push.complete"}
{"time":"2026-08-19T17:15:06","level":"INFO","logger":"watchfiles.main","msg":"3 changes detected"}
{"time":"2026-08-19T17:16:06","level":"INFO","logger":"watchfiles.main","msg":"3 changes detected"}
{"time":"2026-08-19T17:16:06","level":"INFO","logger":"bess.sync","msg":"sync.push.complete"}
{"time":"2026-08-19T17:16:07","level":"INFO","logger":"watchfiles.main","msg":"3 changes detected"}
{"time":"2026-08-19T17:17:07","level":"INFO","logger":"watchfiles.main","msg":"3 changes detected"}
{"time":"2026-08-19T17:17:07","level":"INFO","logger":"bess.sync","msg":"sync.push.complete"}
{"time":"2026-08-19T17:17:07","level":"INFO","logger":"watchfiles.main","msg":"3 changes detected"}
{"time":"2026-08-19T17:18:08","level":"INFO","logger":"watchfiles.main","msg":"3 changes detected"}
{"time":"2026-08-19T17:18:08","level":"INFO","logger":"bess.sync","msg":"sync.push.complete"}
{"time":"2026-08-19T17:18:08","level":"INFO","logger":"watchfiles.main","msg":"3 changes detected"}
{"time":"2026-08-19T17:19:09","level":"INFO","logger":"watchfiles.main","msg":"3 changes detected"}
{"time":"2026-08-19T17:19:09","level":"INFO","logger":"bess.sync","msg":"sync.push.complete"}
{"time":"2026-08-19T17:19:09","level":"INFO","logger":"watchfiles.main","msg":"3 changes detected"}
{"time":"2026-08-19T17:20:10","level":"INFO","logger":"watchfiles.main","msg":"3 changes detected"}
{"time":"2026-08-19T17:20:10","level":"INFO","logger":"bess.sync","msg":"sync.push.complete"}
{"time":"2026-08-19T17:20:10","level":"INFO","logger":"watchfiles.main","msg":"3 changes detected"}
{"time":"2026-08-19T17:21:11","level":"INFO","logger":"watchfiles.main","msg":"3 changes detected"}
{"time":"2026-08-19T17:21:11","level":"INFO","logger":"bess.sync","msg":"sync.push.complete"}
{"time":"2026-08-19T17:21:11","level":"INFO","logger":"watchfiles.main","msg":"3 changes detected"}
{"time":"2026-08-19T17:22:11","level":"INFO","logger":"watchfiles.main","msg":"3 changes detected"}
{"time":"2026-08-19T17:22:11","level":"INFO","logger":"bess.sync","msg":"sync.push.complete"}
{"time":"2026-08-19T17:22:12","level":"INFO","logger":"watchfiles.main","msg":"4 changes detected"}
{"time":"2026-08-19T17:23:12","level":"INFO","logger":"watchfiles.main","msg":"3 changes detected"}
{"time":"2026-08-19T17:23:12","level":"INFO","logger":"bess.sync","msg":"sync.push.complete"}
{"time":"2026-08-19T17:23:13","level":"INFO","logger":"watchfiles.main","msg":"3 changes detected"}
{"time":"2026-08-19T17:24:13","level":"INFO","logger":"watchfiles.main","msg":"3 changes detected"}
{"time":"2026-08-19T17:24:13","level":"INFO","logger":"bess.sync","msg":"sync.push.complete"}
{"time":"2026-08-19T17:24:14","level":"INFO","logger":"watchfiles.main","msg":"3 changes detected"}
{"time":"2026-08-19T17:25:14","level":"INFO","logger":"watchfiles.main","msg":"3 changes detected"}
{"time":"2026-08-19T17:25:14","level":"INFO","logger":"bess.sync","msg":"sync.push.complete"}
{"time":"2026-08-19T17:25:14","level":"INFO","logger":"watchfiles.main","msg":"4 changes detected"}
{"time":"2026-08-19T17:26:15","level":"INFO","logger":"watchfiles.main","msg":"3 changes detected"}
{"time":"2026-08-19T17:26:15","level":"INFO","logger":"bess.sync","msg":"sync.push.complete"}
{"time":"2026-08-19T17:26:15","level":"INFO","logger":"watchfiles.main","msg":"3 changes detected"}
{"time":"2026-08-19T17:27:16","level":"INFO","logger":"watchfiles.main","msg":"3 changes detected"}
{"time":"2026-08-19T17:27:16","level":"INFO","logger":"bess.sync","msg":"sync.push.complete"}
{"time":"2026-08-19T17:27:16","level":"INFO","logger":"watchfiles.main","msg":"3 changes detected"}
{"time":"2026-08-19T17:28:17","level":"INFO","logger":"watchfiles.main","msg":"3 changes detected"}
{"time":"2026-08-19T17:28:17","level":"INFO","logger":"bess.sync","msg":"sync.push.complete"}
{"time":"2026-08-19T17:28:17","level":"INFO","logger":"watchfiles.main","msg":"4 changes detected"}
{"time":"2026-08-19T17:29:18","level":"INFO","logger":"watchfiles.main","msg":"3 changes detected"}
{"time":"2026-08-19T17:29:18","level":"INFO","logger":"bess.sync","msg":"sync.push.complete"}
{"time":"2026-08-19T17:29:18","level":"INFO","logger":"watchfiles.main","msg":"3 changes detected"}
{"time":"2026-08-19T17:30:19","level":"INFO","logger":"watchfiles.main","msg":"3 changes detected"}
{"time":"2026-08-19T17:30:19","level":"INFO","logger":"bess.sync","msg":"sync.push.complete"}
{"time":"2026-08-19T17:30:19","level":"INFO","logger":"watchfiles.main","msg":"3 changes detected"}
{"time":"2026-08-19T17:31:20","level":"INFO","logger":"watchfiles.main","msg":"3 changes detected"}
{"time":"2026-08-19T17:31:20","level":"INFO","logger":"bess.sync","msg":"sync.push.complete"}
{"time":"2026-08-19T17:31:20","level":"INFO","logger":"watchfiles.main","msg":"3 changes detected"}
{"time":"2026-08-19T17:32:21","level":"INFO","logger":"watchfiles.main","msg":"3 changes detected"}
{"time":"2026-08-19T17:32:21","level":"INFO","logger":"bess.sync","msg":"sync.push.complete"}
{"time":"2026-08-19T17:32:21","level":"INFO","logger":"watchfiles.main","msg":"3 changes detected"}
{"time":"2026-08-19T17:33:21","level":"INFO","logger":"watchfiles.main","msg":"3 changes detected"}
{"time":"2026-08-19T17:33:21","level":"INFO","logger":"bess.sync","msg":"sync.push.complete"}
{"time":"2026-08-19T17:33:22","level":"INFO","logger":"watchfiles.main","msg":"3 changes detected"}
{"time":"2026-08-19T17:34:22","level":"INFO","logger":"watchfiles.main","msg":"3 changes detected"}
{"time":"2026-08-19T17:34:22","level":"INFO","logger":"bess.sync","msg":"sync.push.complete"}
{"time":"2026-08-19T17:34:23","level":"INFO","logger":"watchfiles.main","msg":"2 changes detected"}
{"time":"2026-08-19T17:35:23","level":"INFO","logger":"watchfiles.main","msg":"3 changes detected"}
{"time":"2026-08-19T17:35:23","level":"INFO","logger":"bess.sync","msg":"sync.push.complete"}
{"time":"2026-08-19T17:35:23","level":"INFO","logger":"watchfiles.main","msg":"3 changes detected"}
{"time":"2026-08-19T17:36:24","level":"INFO","logger":"watchfiles.main","msg":"3 changes detected"}
{"time":"2026-08-19T17:36:24","level":"INFO","logger":"bess.sync","msg":"sync.push.complete"}
{"time":"2026-08-19T17:36:24","level":"INFO","logger":"watchfiles.main","msg":"3 changes detected"}
{"time":"2026-08-19T17:37:25","level":"INFO","logger":"watchfiles.main","msg":"3 changes detected"}
{"time":"2026-08-19T17:37:25","level":"INFO","logger":"bess.sync","msg":"sync.push.complete"}
{"time":"2026-08-19T17:37:25","level":"INFO","logger":"watchfiles.main","msg":"3 changes detected"}
{"time":"2026-08-19T17:38:26","level":"INFO","logger":"watchfiles.main","msg":"3 changes detected"}
{"time":"2026-08-19T17:38:26","level":"INFO","logger":"bess.sync","msg":"sync.push.complete"}
{"time":"2026-08-19T17:38:26","level":"INFO","logger":"watchfiles.main","msg":"3 changes detected"}
{"time":"2026-08-19T17:39:27","level":"INFO","logger":"watchfiles.main","msg":"3 changes detected"}
{"time":"2026-08-19T17:39:27","level":"INFO","logger":"bess.sync","msg":"sync.push.complete"}
{"time":"2026-08-19T17:39:27","level":"INFO","logger":"watchfiles.main","msg":"3 changes detected"}
{"time":"2026-08-19T17:40:27","level":"INFO","logger":"watchfiles.main","msg":"3 changes detected"}
{"time":"2026-08-19T17:40:27","level":"INFO","logger":"bess.sync","msg":"sync.push.complete"}
{"time":"2026-08-19T17:40:28","level":"INFO","logger":"watchfiles.main","msg":"3 changes detected"}
{"time":"2026-08-19T17:40:34","level":"INFO","logger":"watchfiles.main","msg":"1 change detected"}
{"time":"2026-08-19T17:41:28","level":"INFO","logger":"watchfiles.main","msg":"3 changes detected"}
{"time":"2026-08-19T17:41:28","level":"INFO","logger":"bess.sync","msg":"sync.push.complete"}
{"time":"2026-08-19T17:41:29","level":"INFO","logger":"watchfiles.main","msg":"3 changes detected"}
{"time":"2026-08-19T17:42:29","level":"INFO","logger":"watchfiles.main","msg":"3 changes detected"}
{"time":"2026-08-19T17:42:29","level":"INFO","logger":"bess.sync","msg":"sync.push.complete"}
{"time":"2026-08-19T17:42:29","level":"INFO","logger":"watchfiles.main","msg":"2 changes detected"}
{"time":"2026-08-19T17:43:30","level":"INFO","logger":"watchfiles.main","msg":"3 changes detected"}
{"time":"2026-08-19T17:43:30","level":"INFO","logger":"bess.sync","msg":"sync.push.complete"}
{"time":"2026-08-19T17:44:31","level":"INFO","logger":"watchfiles.main","msg":"3 changes detected"}
{"time":"2026-08-19T17:44:31","level":"INFO","logger":"bess.sync","msg":"sync.push.complete"}
{"time":"2026-08-19T17:44:31","level":"INFO","logger":"watchfiles.main","msg":"3 changes detected"}
{"time":"2026-08-19T17:45:32","level":"INFO","logger":"watchfiles.main","msg":"3 changes detected"}
{"time":"2026-08-19T17:45:32","level":"INFO","logger":"bess.sync","msg":"sync.push.complete"}
{"time":"2026-08-19T17:45:32","level":"INFO","logger":"watchfiles.main","msg":"3 changes detected"}
{"time":"2026-08-19T17:46:32","level":"INFO","logger":"watchfiles.main","msg":"3 changes detected"}
{"time":"2026-08-19T17:46:32","level":"INFO","logger":"bess.sync","msg":"sync.push.complete"}
{"time":"2026-08-19T17:46:33","level":"INFO","logger":"watchfiles.main","msg":"3 changes detected"}
{"time":"2026-08-19T17:47:33","level":"INFO","logger":"watchfiles.main","msg":"3 changes detected"}
{"time":"2026-08-19T17:47:33","level":"INFO","logger":"bess.sync","msg":"sync.push.complete"}
{"time":"2026-08-19T17:47:34","level":"INFO","logger":"watchfiles.main","msg":"3 changes detected"}
{"time":"2026-08-19T17:48:34","level":"INFO","logger":"watchfiles.main","msg":"3 changes detected"}
{"time":"2026-08-19T17:48:34","level":"INFO","logger":"bess.sync","msg":"sync.push.complete"}
{"time":"2026-08-19T17:48:35","level":"INFO","logger":"watchfiles.main","msg":"3 changes detected"}
{"time":"2026-08-19T17:49:35","level":"INFO","logger":"watchfiles.main","msg":"3 changes detected"}
{"time":"2026-08-19T17:49:35","level":"INFO","logger":"bess.sync","msg":"sync.push.complete"}
{"time":"2026-08-19T17:49:35","level":"INFO","logger":"watchfiles.main","msg":"3 changes detected"}
{"time":"2026-08-19T17:50:36","level":"INFO","logger":"watchfiles.main","msg":"3 changes detected"}
{"time":"2026-08-19T17:50:36","level":"INFO","logger":"bess.sync","msg":"sync.push.complete"}
{"time":"2026-08-19T17:50:36","level":"INFO","logger":"watchfiles.main","msg":"3 changes detected"}
{"time":"2026-08-19T17:51:37","level":"INFO","logger":"bess.sync","msg":"sync.push.complete"}
{"time":"2026-08-19T17:51:37","level":"INFO","logger":"watchfiles.main","msg":"3 changes detected"}
{"time":"2026-08-19T17:52:38","level":"INFO","logger":"watchfiles.main","msg":"3 changes detected"}
{"time":"2026-08-19T17:52:38","level":"INFO","logger":"bess.sync","msg":"sync.push.complete"}
{"time":"2026-08-19T17:52:38","level":"INFO","logger":"watchfiles.main","msg":"3 changes detected"}
{"time":"2026-08-19T17:53:38","level":"INFO","logger":"watchfiles.main","msg":"3 changes detected"}
{"time":"2026-08-19T17:53:39","level":"INFO","logger":"bess.sync","msg":"sync.push.complete"}
{"time":"2026-08-19T17:53:39","level":"INFO","logger":"watchfiles.main","msg":"3 changes detected"}
{"time":"2026-08-19T17:54:39","level":"INFO","logger":"watchfiles.main","msg":"3 changes detected"}
{"time":"2026-08-19T17:54:39","level":"INFO","logger":"bess.sync","msg":"sync.push.complete"}
{"time":"2026-08-19T17:54:40","level":"INFO","logger":"watchfiles.main","msg":"3 changes detected"}
{"time":"2026-08-20T09:49:07","level":"INFO","logger":"watchfiles.main","msg":"1 change detected"}
{"time":"2026-08-20T09:49:40","level":"INFO","logger":"watchfiles.main","msg":"3 changes detected"}
{"time":"2026-08-20T09:49:40","level":"INFO","logger":"bess.sync","msg":"sync.push.complete"}
{"time":"2026-08-20T09:49:40","level":"INFO","logger":"watchfiles.main","msg":"3 changes detected"}
{"time":"2026-08-20T09:50:41","level":"INFO","logger":"watchfiles.main","msg":"3 changes detected"}
{"time":"2026-08-20T09:50:41","level":"INFO","logger":"bess.sync","msg":"sync.push.complete"}
{"time":"2026-08-20T09:50:41","level":"INFO","logger":"watchfiles.main","msg":"3 changes detected"}
{"time":"2026-08-20T09:51:42","level":"INFO","logger":"watchfiles.main","msg":"3 changes detected"}
{"time":"2026-08-20T09:51:42","level":"INFO","logger":"bess.sync","msg":"sync.push.complete"}
{"time":"2026-08-20T09:51:42","level":"INFO","logger":"watchfiles.main","msg":"3 changes detected"}
{"time":"2026-08-20T09:52:43","level":"INFO","logger":"watchfiles.main","msg":"3 changes detected"}
{"time":"2026-08-20T09:52:43","level":"INFO","logger":"bess.sync","msg":"sync.push.complete"}
{"time":"2026-08-20T09:52:43","level":"INFO","logger":"watchfiles.main","msg":"3 changes detected"}
{"time":"2026-08-20T09:53:43","level":"INFO","logger":"watchfiles.main","msg":"3 changes detected"}
{"time":"2026-08-20T09:53:43","level":"INFO","logger":"bess.sync","msg":"sync.push.complete"}
{"time":"2026-08-20T09:53:44","level":"INFO","logger":"watchfiles.main","msg":"3 changes detected"}
{"time":"2026-08-20T09:54:44","level":"INFO","logger":"watchfiles.main","msg":"3 changes detected"}
{"time":"2026-08-20T09:54:44","level":"INFO","logger":"bess.sync","msg":"sync.push.complete"}
{"time":"2026-08-20T09:54:44","level":"INFO","logger":"watchfiles.main","msg":"3 changes detected"}
{"time":"2026-08-20T09:55:45","level":"INFO","logger":"watchfiles.main","msg":"3 changes detected"}
{"time":"2026-08-20T09:55:45","level":"INFO","logger":"bess.sync","msg":"sync.push.complete"}
{"time":"2026-08-20T09:55:45","level":"INFO","logger":"watchfiles.main","msg":"3 changes detected"}
{"time":"2026-08-20T09:56:46","level":"INFO","logger":"watchfiles.main","msg":"3 changes detected"}
{"time":"2026-08-20T09:56:46","level":"INFO","logger":"bess.sync","msg":"sync.push.complete"}
{"time":"2026-08-20T09:56:46","level":"INFO","logger":"watchfiles.main","msg":"3 changes detected"}
{"time":"2026-08-20T09:57:46","level":"INFO","logger":"watchfiles.main","msg":"3 changes detected"}
{"time":"2026-08-20T09:57:47","level":"INFO","logger":"bess.sync","msg":"sync.push.complete"}
{"time":"2026-08-20T09:57:47","level":"INFO","logger":"watchfiles.main","msg":"3 changes detected"}
{"time":"2026-08-20T09:58:47","level":"INFO","logger":"watchfiles.main","msg":"3 changes detected"}
{"time":"2026-08-20T09:58:47","level":"INFO","logger":"bess.sync","msg":"sync.push.complete"}
{"time":"2026-08-20T09:58:48","level":"INFO","logger":"watchfiles.main","msg":"3 changes detected"}
{"time":"2026-08-20T09:59:48","level":"INFO","logger":"watchfiles.main","msg":"3 changes detected"}
{"time":"2026-08-20T09:59:48","level":"INFO","logger":"bess.sync","msg":"sync.push.complete"}
{"time":"2026-08-20T09:59:48","level":"INFO","logger":"watchfiles.main","msg":"3 changes detected"}
{"time":"2026-08-20T10:00:49","level":"INFO","logger":"watchfiles.main","msg":"3 changes detected"}
{"time":"2026-08-20T10:00:49","level":"INFO","logger":"bess.sync","msg":"sync.push.complete"}
{"time":"2026-08-20T10:00:49","level":"INFO","logger":"watchfiles.main","msg":"3 changes detected"}
{"time":"2026-08-20T10:01:50","level":"INFO","logger":"watchfiles.main","msg":"3 changes detected"}
{"time":"2026-08-20T10:01:50","level":"INFO","logger":"bess.sync","msg":"sync.push.complete"}
{"time":"2026-08-20T10:01:50","level":"INFO","logger":"watchfiles.main","msg":"3 changes detected"}
{"time":"2026-08-20T10:02:50","level":"INFO","logger":"watchfiles.main","msg":"3 changes detected"}
{"time":"2026-08-20T10:02:50","level":"INFO","logger":"bess.sync","msg":"sync.push.complete"}
{"time":"2026-08-20T10:02:51","level":"INFO","logger":"watchfiles.main","msg":"3 changes detected"}
{"time":"2026-08-20T10:03:51","level":"INFO","logger":"watchfiles.main","msg":"3 changes detected"}
{"time":"2026-08-20T10:03:51","level":"INFO","logger":"bess.sync","msg":"sync.push.complete"}
{"time":"2026-08-20T10:03:51","level":"INFO","logger":"watchfiles.main","msg":"3 changes detected"}
{"time":"2026-08-20T10:04:52","level":"INFO","logger":"watchfiles.main","msg":"3 changes detected"}
{"time":"2026-08-20T10:04:52","level":"INFO","logger":"bess.sync","msg":"sync.push.complete"}
{"time":"2026-08-20T10:04:52","level":"INFO","logger":"watchfiles.main","msg":"3 changes detected"}
{"time":"2026-08-20T10:05:52","level":"INFO","logger":"watchfiles.main","msg":"3 changes detected"}
{"time":"2026-08-20T10:05:53","level":"INFO","logger":"bess.sync","msg":"sync.push.complete"}
{"time":"2026-08-20T10:05:53","level":"INFO","logger":"watchfiles.main","msg":"3 changes detected"}
{"time":"2026-08-20T10:06:53","level":"INFO","logger":"watchfiles.main","msg":"3 changes detected"}
{"time":"2026-08-20T10:06:53","level":"INFO","logger":"bess.sync","msg":"sync.push.complete"}
{"time":"2026-08-20T10:06:54","level":"INFO","logger":"watchfiles.main","msg":"3 changes detected"}
{"time":"2026-08-20T10:07:54","level":"INFO","logger":"watchfiles.main","msg":"3 changes detected"}
{"time":"2026-08-20T10:07:54","level":"INFO","logger":"bess.sync","msg":"sync.push.complete"}
{"time":"2026-08-20T10:07:54","level":"INFO","logger":"watchfiles.main","msg":"3 changes detected"}
{"time":"2026-08-20T10:08:55","level":"INFO","logger":"watchfiles.main","msg":"3 changes detected"}
{"time":"2026-08-20T10:08:55","level":"INFO","logger":"bess.sync","msg":"sync.push.complete"}
{"time":"2026-08-20T10:08:55","level":"INFO","logger":"watchfiles.main","msg":"3 changes detected"}
{"time":"2026-08-20T10:09:55","level":"INFO","logger":"watchfiles.main","msg":"3 changes detected"}
{"time":"2026-08-20T10:09:55","level":"INFO","logger":"bess.sync","msg":"sync.push.complete"}
{"time":"2026-08-20T10:09:56","level":"INFO","logger":"watchfiles.main","msg":"3 changes detected"}
{"time":"2026-08-20T10:10:56","level":"INFO","logger":"watchfiles.main","msg":"3 changes detected"}
{"time":"2026-08-20T10:10:56","level":"INFO","logger":"bess.sync","msg":"sync.push.complete"}
{"time":"2026-08-20T10:10:56","level":"INFO","logger":"watchfiles.main","msg":"3 changes detected"}
{"time":"2026-08-20T10:11:57","level":"INFO","logger":"watchfiles.main","msg":"3 changes detected"}
{"time":"2026-08-20T10:11:57","level":"INFO","logger":"bess.sync","msg":"sync.push.complete"}
{"time":"2026-08-20T10:11:57","level":"INFO","logger":"watchfiles.main","msg":"3 changes detected"}
{"time":"2026-08-20T10:12:57","level":"INFO","logger":"watchfiles.main","msg":"3 changes detected"}
{"time":"2026-08-20T10:12:57","level":"INFO","logger":"bess.sync","msg":"sync.push.complete"}
{"time":"2026-08-20T10:12:58","level":"INFO","logger":"watchfiles.main","msg":"3 changes detected"}
{"time":"2026-08-20T10:13:45","level":"INFO","logger":"watchfiles.main","msg":"1 change detected"}
{"time":"2026-08-20T10:13:58","level":"INFO","logger":"watchfiles.main","msg":"3 changes detected"}
{"time":"2026-08-20T10:13:58","level":"INFO","logger":"bess.sync","msg":"sync.push.complete"}
{"time":"2026-08-20T10:13:58","level":"INFO","logger":"watchfiles.main","msg":"3 changes detected"}
{"time":"2026-08-20T10:14:59","level":"INFO","logger":"watchfiles.main","msg":"3 changes detected"}
{"time":"2026-08-20T10:14:59","level":"INFO","logger":"bess.sync","msg":"sync.push.complete"}
{"time":"2026-08-20T10:14:59","level":"INFO","logger":"watchfiles.main","msg":"2 changes detected"}
{"time":"2026-08-20T10:15:59","level":"INFO","logger":"watchfiles.main","msg":"3 changes detected"}
{"time":"2026-08-20T10:15:59","level":"INFO","logger":"bess.sync","msg":"sync.push.complete"}
{"time":"2026-08-20T10:16:00","level":"INFO","logger":"watchfiles.main","msg":"3 changes detected"}
{"time":"2026-08-20T10:17:00","level":"INFO","logger":"watchfiles.main","msg":"3 changes detected"}
{"time":"2026-08-20T10:17:00","level":"INFO","logger":"bess.sync","msg":"sync.push.complete"}
{"time":"2026-08-20T10:17:00","level":"INFO","logger":"watchfiles.main","msg":"3 changes detected"}
{"time":"2026-08-20T10:18:01","level":"INFO","logger":"watchfiles.main","msg":"3 changes detected"}
{"time":"2026-08-20T10:18:01","level":"INFO","logger":"bess.sync","msg":"sync.push.complete"}
{"time":"2026-08-20T10:18:01","level":"INFO","logger":"watchfiles.main","msg":"3 changes detected"}
{"time":"2026-08-20T10:19:01","level":"INFO","logger":"watchfiles.main","msg":"3 changes detected"}
{"time":"2026-08-20T10:19:02","level":"INFO","logger":"bess.sync","msg":"sync.push.complete"}
{"time":"2026-08-20T10:19:02","level":"INFO","logger":"watchfiles.main","msg":"3 changes detected"}
{"time":"2026-08-20T10:20:02","level":"INFO","logger":"watchfiles.main","msg":"3 changes detected"}
{"time":"2026-08-20T10:20:02","level":"INFO","logger":"bess.sync","msg":"sync.push.complete"}
{"time":"2026-08-20T10:20:02","level":"INFO","logger":"watchfiles.main","msg":"3 changes detected"}
{"time":"2026-08-20T10:21:03","level":"INFO","logger":"watchfiles.main","msg":"3 changes detected"}
{"time":"2026-08-20T10:21:03","level":"INFO","logger":"bess.sync","msg":"sync.push.complete"}
{"time":"2026-08-20T10:21:03","level":"INFO","logger":"watchfiles.main","msg":"3 changes detected"}
{"time":"2026-08-20T10:22:03","level":"INFO","logger":"watchfiles.main","msg":"3 changes detected"}
{"time":"2026-08-20T10:22:04","level":"INFO","logger":"bess.sync","msg":"sync.push.complete"}
{"time":"2026-08-20T10:22:04","level":"INFO","logger":"watchfiles.main","msg":"3 changes detected"}
{"time":"2026-08-20T10:23:04","level":"INFO","logger":"watchfiles.main","msg":"3 changes detected"}
{"time":"2026-08-20T10:23:04","level":"INFO","logger":"bess.sync","msg":"sync.push.complete"}
{"time":"2026-08-20T10:23:05","level":"INFO","logger":"watchfiles.main","msg":"4 changes detected"}
{"time":"2026-08-20T10:24:05","level":"INFO","logger":"watchfiles.main","msg":"3 changes detected"}
{"time":"2026-08-20T10:24:05","level":"INFO","logger":"bess.sync","msg":"sync.push.complete"}
{"time":"2026-08-20T10:24:05","level":"INFO","logger":"watchfiles.main","msg":"4 changes detected"}
{"time":"2026-08-20T10:25:06","level":"INFO","logger":"watchfiles.main","msg":"3 changes detected"}
{"time":"2026-08-20T10:25:06","level":"INFO","logger":"bess.sync","msg":"sync.push.complete"}
{"time":"2026-08-20T10:25:06","level":"INFO","logger":"watchfiles.main","msg":"3 changes detected"}
{"time":"2026-08-20T10:26:07","level":"INFO","logger":"watchfiles.main","msg":"3 changes detected"}
{"time":"2026-08-20T10:26:07","level":"INFO","logger":"bess.sync","msg":"sync.push.complete"}
{"time":"2026-08-20T10:26:07","level":"INFO","logger":"watchfiles.main","msg":"4 changes detected"}
{"time":"2026-08-20T10:27:08","level":"INFO","logger":"watchfiles.main","msg":"3 changes detected"}
{"time":"2026-08-20T10:27:08","level":"INFO","logger":"bess.sync","msg":"sync.push.complete"}
{"time":"2026-08-20T10:27:08","level":"INFO","logger":"watchfiles.main","msg":"3 changes detected"}
{"time":"2026-08-20T10:28:08","level":"INFO","logger":"watchfiles.main","msg":"3 changes detected"}
{"time":"2026-08-20T10:28:09","level":"INFO","logger":"bess.sync","msg":"sync.push.complete"}
{"time":"2026-08-20T10:28:09","level":"INFO","logger":"watchfiles.main","msg":"3 changes detected"}
{"time":"2026-08-20T10:29:09","level":"INFO","logger":"watchfiles.main","msg":"3 changes detected"}
{"time":"2026-08-20T10:29:09","level":"INFO","logger":"bess.sync","msg":"sync.push.complete"}
{"time":"2026-08-20T10:29:10","level":"INFO","logger":"watchfiles.main","msg":"3 changes detected"}
{"time":"2026-08-20T10:30:10","level":"INFO","logger":"watchfiles.main","msg":"3 changes detected"}
{"time":"2026-08-20T10:30:10","level":"INFO","logger":"bess.sync","msg":"sync.push.complete"}
{"time":"2026-08-20T10:30:10","level":"INFO","logger":"watchfiles.main","msg":"3 changes detected"}
{"time":"2026-08-20T10:31:11","level":"INFO","logger":"watchfiles.main","msg":"3 changes detected"}
{"time":"2026-08-20T10:31:11","level":"INFO","logger":"bess.sync","msg":"sync.push.complete"}
{"time":"2026-08-20T10:31:11","level":"INFO","logger":"watchfiles.main","msg":"2 changes detected"}
{"time":"2026-08-20T10:32:12","level":"INFO","logger":"watchfiles.main","msg":"3 changes detected"}
{"time":"2026-08-20T10:32:12","level":"INFO","logger":"bess.sync","msg":"sync.push.complete"}
{"time":"2026-08-20T10:32:12","level":"INFO","logger":"watchfiles.main","msg":"3 changes detected"}
{"time":"2026-08-20T10:33:13","level":"INFO","logger":"bess.sync","msg":"sync.push.complete"}
{"time":"2026-08-20T10:33:13","level":"INFO","logger":"watchfiles.main","msg":"3 changes detected"}
{"time":"2026-08-20T10:34:13","level":"INFO","logger":"bess.sync","msg":"sync.push.complete"}
{"time":"2026-08-20T10:34:13","level":"INFO","logger":"watchfiles.main","msg":"3 changes detected"}
{"time":"2026-08-20T10:35:14","level":"INFO","logger":"bess.sync","msg":"sync.push.complete"}
{"time":"2026-08-20T10:35:14","level":"INFO","logger":"watchfiles.main","msg":"3 changes detected"}
{"time":"2026-08-20T10:36:15","level":"INFO","logger":"watchfiles.main","msg":"3 changes detected"}
{"time":"2026-08-20T10:36:15","level":"INFO","logger":"bess.sync","msg":"sync.push.complete"}
{"time":"2026-08-20T10:36:15","level":"INFO","logger":"watchfiles.main","msg":"1 change detected"}
{"time":"2026-08-20T10:37:15","level":"INFO","logger":"watchfiles.main","msg":"3 changes detected"}
{"time":"2026-08-20T10:37:15","level":"INFO","logger":"bess.sync","msg":"sync.push.complete"}
{"time":"2026-08-20T10:37:16","level":"INFO","logger":"watchfiles.main","msg":"3 changes detected"}
{"time":"2026-08-20T10:38:16","level":"INFO","logger":"bess.sync","msg":"sync.push.complete"}
{"time":"2026-08-20T10:38:16","level":"INFO","logger":"watchfiles.main","msg":"3 changes detected"}
{"time":"2026-08-20T10:39:17","level":"INFO","logger":"watchfiles.main","msg":"3 changes detected"}
{"time":"2026-08-20T10:39:17","level":"INFO","logger":"bess.sync","msg":"sync.push.complete"}
{"time":"2026-08-20T10:39:17","level":"INFO","logger":"watchfiles.main","msg":"3 changes detected"}
{"time":"2026-08-20T10:40:18","level":"INFO","logger":"bess.sync","msg":"sync.push.complete"}
{"time":"2026-08-20T10:40:18","level":"INFO","logger":"watchfiles.main","msg":"3 changes detected"}
{"time":"2026-08-20T10:41:18","level":"INFO","logger":"bess.sync","msg":"sync.push.complete"}
{"time":"2026-08-20T10:41:18","level":"INFO","logger":"watchfiles.main","msg":"3 changes detected"}
{"time":"2026-08-20T10:42:19","level":"INFO","logger":"watchfiles.main","msg":"3 changes detected"}
{"time":"2026-08-20T10:42:19","level":"INFO","logger":"bess.sync","msg":"sync.push.complete"}
{"time":"2026-08-20T10:42:20","level":"INFO","logger":"watchfiles.main","msg":"2 changes detected"}
{"time":"2026-08-20T10:43:20","level":"INFO","logger":"watchfiles.main","msg":"3 changes detected"}
{"time":"2026-08-20T10:43:20","level":"INFO","logger":"bess.sync","msg":"sync.push.complete"}
{"time":"2026-08-20T10:43:20","level":"INFO","logger":"watchfiles.main","msg":"3 changes detected"}
{"time":"2026-08-20T10:43:45","level":"INFO","logger":"watchfiles.main","msg":"1 change detected"}
{"time":"2026-08-20T10:44:21","level":"INFO","logger":"watchfiles.main","msg":"3 changes detected"}
{"time":"2026-08-20T10:44:21","level":"INFO","logger":"bess.sync","msg":"sync.push.complete"}
{"time":"2026-08-20T10:44:21","level":"INFO","logger":"watchfiles.main","msg":"3 changes detected"}
{"time":"2026-08-20T10:45:22","level":"INFO","logger":"watchfiles.main","msg":"3 changes detected"}
{"time":"2026-08-20T10:45:22","level":"INFO","logger":"bess.sync","msg":"sync.push.complete"}
{"time":"2026-08-20T10:45:22","level":"INFO","logger":"watchfiles.main","msg":"3 changes detected"}
{"time":"2026-08-20T10:46:23","level":"INFO","logger":"watchfiles.main","msg":"3 changes detected"}
{"time":"2026-08-20T10:46:23","level":"INFO","logger":"bess.sync","msg":"sync.push.complete"}
{"time":"2026-08-20T10:46:23","level":"INFO","logger":"watchfiles.main","msg":"3 changes detected"}
{"time":"2026-08-20T10:47:24","level":"INFO","logger":"bess.sync","msg":"sync.push.complete"}
{"time":"2026-08-20T10:47:24","level":"INFO","logger":"watchfiles.main","msg":"3 changes detected"}
{"time":"2026-08-20T10:48:24","level":"INFO","logger":"bess.sync","msg":"sync.push.complete"}
{"time":"2026-08-20T10:48:24","level":"INFO","logger":"watchfiles.main","msg":"3 changes detected"}
{"time":"2026-08-20T10:49:25","level":"INFO","logger":"watchfiles.main","msg":"3 changes detected"}
{"time":"2026-08-20T10:49:25","level":"INFO","logger":"bess.sync","msg":"sync.push.complete"}
{"time":"2026-08-20T10:49:25","level":"INFO","logger":"watchfiles.main","msg":"3 changes detected"}
{"time":"2026-08-20T10:50:26","level":"INFO","logger":"watchfiles.main","msg":"3 changes detected"}
{"time":"2026-08-20T10:50:26","level":"INFO","logger":"bess.sync","msg":"sync.push.complete"}
{"time":"2026-08-20T10:50:26","level":"INFO","logger":"watchfiles.main","msg":"4 changes detected"}
{"time":"2026-08-20T10:51:27","level":"INFO","logger":"watchfiles.main","msg":"1 change detected"}
{"time":"2026-08-20T10:51:27","level":"INFO","logger":"watchfiles.main","msg":"4 changes detected"}
{"time":"2026-08-20T10:51:27","level":"INFO","logger":"bess.sync","msg":"sync.push.complete"}
{"time":"2026-08-20T10:51:27","level":"INFO","logger":"watchfiles.main","msg":"3 changes detected"}
{"time":"2026-08-20T10:52:28","level":"INFO","logger":"watchfiles.main","msg":"3 changes detected"}
{"time":"2026-08-20T10:52:28","level":"INFO","logger":"bess.sync","msg":"sync.push.complete"}
{"time":"2026-08-20T10:52:28","level":"INFO","logger":"watchfiles.main","msg":"2 changes detected"}
{"time":"2026-08-20T10:53:29","level":"INFO","logger":"watchfiles.main","msg":"3 changes detected"}
{"time":"2026-08-20T10:53:29","level":"INFO","logger":"bess.sync","msg":"sync.push.complete"}
{"time":"2026-08-20T10:53:29","level":"INFO","logger":"watchfiles.main","msg":"3 changes detected"}
{"time":"2026-08-20T10:54:29","level":"INFO","logger":"watchfiles.main","msg":"3 changes detected"}
{"time":"2026-08-20T10:54:29","level":"INFO","logger":"bess.sync","msg":"sync.push.complete"}
{"time":"2026-08-20T10:54:30","level":"INFO","logger":"watchfiles.main","msg":"3 changes detected"}
{"time":"2026-08-20T10:55:30","level":"INFO","logger":"watchfiles.main","msg":"3 changes detected"}
{"time":"2026-08-20T10:55:30","level":"INFO","logger":"bess.sync","msg":"sync.push.complete"}
{"time":"2026-08-20T10:55:30","level":"INFO","logger":"watchfiles.main","msg":"3 changes detected"}
{"time":"2026-08-20T10:56:30","level":"INFO","logger":"watchfiles.main","msg":"3 changes detected"}
{"time":"2026-08-20T10:56:30","level":"INFO","logger":"bess.sync","msg":"sync.push.complete"}
{"time":"2026-08-20T10:56:31","level":"INFO","logger":"watchfiles.main","msg":"4 changes detected"}
{"time":"2026-08-20T10:57:31","level":"INFO","logger":"watchfiles.main","msg":"3 changes detected"}
{"time":"2026-08-20T10:57:31","level":"INFO","logger":"bess.sync","msg":"sync.push.complete"}
{"time":"2026-08-20T10:57:31","level":"INFO","logger":"watchfiles.main","msg":"4 changes detected"}
{"time":"2026-08-20T10:58:32","level":"INFO","logger":"bess.sync","msg":"sync.push.complete"}
{"time":"2026-08-20T10:58:32","level":"INFO","logger":"watchfiles.main","msg":"3 changes detected"}
{"time":"2026-08-20T10:59:33","level":"INFO","logger":"watchfiles.main","msg":"3 changes detected"}
{"time":"2026-08-20T10:59:33","level":"INFO","logger":"bess.sync","msg":"sync.push.complete"}
{"time":"2026-08-20T10:59:33","level":"INFO","logger":"watchfiles.main","msg":"1 change detected"}
{"time":"2026-08-20T11:00:33","level":"INFO","logger":"watchfiles.main","msg":"3 changes detected"}
{"time":"2026-08-20T11:00:33","level":"INFO","logger":"bess.sync","msg":"sync.push.complete"}
{"time":"2026-08-20T11:01:34","level":"INFO","logger":"bess.sync","msg":"sync.push.complete"}
{"time":"2026-08-20T11:01:34","level":"INFO","logger":"watchfiles.main","msg":"3 changes detected"}
{"time":"2026-08-20T11:02:35","level":"INFO","logger":"watchfiles.main","msg":"3 changes detected"}
{"time":"2026-08-20T11:02:35","level":"INFO","logger":"bess.sync","msg":"sync.push.complete"}
{"time":"2026-08-20T11:02:35","level":"INFO","logger":"watchfiles.main","msg":"3 changes detected"}
{"time":"2026-08-20T11:03:36","level":"INFO","logger":"watchfiles.main","msg":"3 changes detected"}
{"time":"2026-08-20T11:03:36","level":"INFO","logger":"bess.sync","msg":"sync.push.complete"}
{"time":"2026-08-20T11:04:36","level":"INFO","logger":"bess.sync","msg":"sync.push.complete"}
{"time":"2026-08-20T11:04:37","level":"INFO","logger":"watchfiles.main","msg":"3 changes detected"}
{"time":"2026-08-20T11:05:37","level":"INFO","logger":"bess.sync","msg":"sync.push.complete"}
{"time":"2026-08-20T11:05:37","level":"INFO","logger":"watchfiles.main","msg":"3 changes detected"}
{"time":"2026-08-20T11:06:38","level":"INFO","logger":"watchfiles.main","msg":"3 changes detected"}
{"time":"2026-08-20T11:06:38","level":"INFO","logger":"bess.sync","msg":"sync.push.complete"}
{"time":"2026-08-20T11:06:38","level":"INFO","logger":"watchfiles.main","msg":"3 changes detected"}
{"time":"2026-08-20T11:07:38","level":"INFO","logger":"bess.sync","msg":"sync.push.complete"}
{"time":"2026-08-20T11:07:38","level":"INFO","logger":"watchfiles.main","msg":"3 changes detected"}
{"time":"2026-08-20T11:08:39","level":"INFO","logger":"bess.sync","msg":"sync.push.complete"}
{"time":"2026-08-20T11:08:39","level":"INFO","logger":"watchfiles.main","msg":"3 changes detected"}
{"time":"2026-08-20T11:09:39","level":"INFO","logger":"bess.sync","msg":"sync.push.complete"}
{"time":"2026-08-20T11:09:39","level":"INFO","logger":"watchfiles.main","msg":"3 changes detected"}
{"time":"2026-08-20T11:10:40","level":"INFO","logger":"watchfiles.main","msg":"3 changes detected"}
{"time":"2026-08-20T11:10:40","level":"INFO","logger":"bess.sync","msg":"sync.push.complete"}
{"time":"2026-08-20T11:11:25","level":"INFO","logger":"watchfiles.main","msg":"1 change detected"}
{"time":"2026-08-20T11:11:40","level":"INFO","logger":"bess.sync","msg":"sync.push.complete"}
{"time":"2026-08-20T11:11:40","level":"INFO","logger":"watchfiles.main","msg":"3 changes detected"}
{"time":"2026-08-20T11:11:50","level":"INFO","logger":"watchfiles.main","msg":"1 change detected"}
{"time":"2026-08-20T11:12:41","level":"INFO","logger":"bess.sync","msg":"sync.push.complete"}
{"time":"2026-08-20T11:12:41","level":"INFO","logger":"watchfiles.main","msg":"3 changes detected"}
{"time":"2026-08-20T11:13:41","level":"INFO","logger":"watchfiles.main","msg":"3 changes detected"}
{"time":"2026-08-20T11:13:42","level":"INFO","logger":"bess.sync","msg":"sync.push.complete"}
{"time":"2026-08-20T11:13:42","level":"INFO","logger":"watchfiles.main","msg":"4 changes detected"}
{"time":"2026-08-20T11:14:42","level":"INFO","logger":"watchfiles.main","msg":"3 changes detected"}
{"time":"2026-08-20T11:14:42","level":"INFO","logger":"bess.sync","msg":"sync.push.complete"}
{"time":"2026-08-20T11:14:42","level":"INFO","logger":"watchfiles.main","msg":"3 changes detected"}
{"time":"2026-08-20T11:15:43","level":"INFO","logger":"watchfiles.main","msg":"3 changes detected"}
{"time":"2026-08-20T11:15:43","level":"INFO","logger":"bess.sync","msg":"sync.push.complete"}
{"time":"2026-08-20T11:16:43","level":"INFO","logger":"watchfiles.main","msg":"3 changes detected"}
{"time":"2026-08-20T11:16:43","level":"INFO","logger":"bess.sync","msg":"sync.push.complete"}
{"time":"2026-08-20T11:16:44","level":"INFO","logger":"watchfiles.main","msg":"3 changes detected"}
{"time":"2026-08-20T11:17:44","level":"INFO","logger":"watchfiles.main","msg":"3 changes detected"}
{"time":"2026-08-20T11:17:44","level":"INFO","logger":"bess.sync","msg":"sync.push.complete"}
{"time":"2026-08-20T11:17:44","level":"INFO","logger":"watchfiles.main","msg":"3 changes detected"}
{"time":"2026-08-20T11:18:45","level":"INFO","logger":"watchfiles.main","msg":"3 changes detected"}
{"time":"2026-08-20T11:18:45","level":"INFO","logger":"bess.sync","msg":"sync.push.complete"}
{"time":"2026-08-20T11:18:45","level":"INFO","logger":"watchfiles.main","msg":"4 changes detected"}
{"time":"2026-08-20T11:19:45","level":"INFO","logger":"watchfiles.main","msg":"3 changes detected"}
{"time":"2026-08-20T11:19:45","level":"INFO","logger":"bess.sync","msg":"sync.push.complete"}
{"time":"2026-08-20T11:19:46","level":"INFO","logger":"watchfiles.main","msg":"4 changes detected"}
{"time":"2026-08-20T11:20:46","level":"INFO","logger":"watchfiles.main","msg":"3 changes detected"}
{"time":"2026-08-20T11:20:46","level":"INFO","logger":"bess.sync","msg":"sync.push.complete"}
{"time":"2026-08-20T11:20:46","level":"INFO","logger":"watchfiles.main","msg":"4 changes detected"}
{"time":"2026-08-20T11:21:47","level":"INFO","logger":"watchfiles.main","msg":"3 changes detected"}
{"time":"2026-08-20T11:21:47","level":"INFO","logger":"bess.sync","msg":"sync.push.complete"}
{"time":"2026-08-20T11:21:47","level":"INFO","logger":"watchfiles.main","msg":"4 changes detected"}
{"time":"2026-08-20T11:22:47","level":"INFO","logger":"watchfiles.main","msg":"3 changes detected"}
{"time":"2026-08-20T11:22:47","level":"INFO","logger":"bess.sync","msg":"sync.push.complete"}
{"time":"2026-08-20T11:22:48","level":"INFO","logger":"watchfiles.main","msg":"3 changes detected"}
{"time":"2026-08-20T11:23:48","level":"INFO","logger":"watchfiles.main","msg":"3 changes detected"}
{"time":"2026-08-20T11:23:48","level":"INFO","logger":"bess.sync","msg":"sync.push.complete"}
{"time":"2026-08-20T11:23:48","level":"INFO","logger":"watchfiles.main","msg":"3 changes detected"}
{"time":"2026-08-20T11:24:49","level":"INFO","logger":"watchfiles.main","msg":"3 changes detected"}
{"time":"2026-08-20T11:24:49","level":"INFO","logger":"bess.sync","msg":"sync.push.complete"}
{"time":"2026-08-20T11:24:49","level":"INFO","logger":"watchfiles.main","msg":"2 changes detected"}
{"time":"2026-08-20T11:25:50","level":"INFO","logger":"bess.sync","msg":"sync.push.complete"}
{"time":"2026-08-20T11:25:50","level":"INFO","logger":"watchfiles.main","msg":"3 changes detected"}
{"time":"2026-08-20T11:26:50","level":"INFO","logger":"watchfiles.main","msg":"3 changes detected"}
{"time":"2026-08-20T11:26:50","level":"INFO","logger":"bess.sync","msg":"sync.push.complete"}
{"time":"2026-08-20T11:26:51","level":"INFO","logger":"watchfiles.main","msg":"4 changes detected"}
{"time":"2026-08-20T11:27:51","level":"INFO","logger":"watchfiles.main","msg":"3 changes detected"}
{"time":"2026-08-20T11:27:51","level":"INFO","logger":"bess.sync","msg":"sync.push.complete"}
{"time":"2026-08-20T11:27:51","level":"INFO","logger":"watchfiles.main","msg":"4 changes detected"}
{"time":"2026-08-20T11:28:52","level":"INFO","logger":"bess.sync","msg":"sync.push.complete"}
{"time":"2026-08-20T11:28:52","level":"INFO","logger":"watchfiles.main","msg":"3 changes detected"}
{"time":"2026-08-20T11:29:52","level":"INFO","logger":"watchfiles.main","msg":"3 changes detected"}
{"time":"2026-08-20T11:29:52","level":"INFO","logger":"bess.sync","msg":"sync.push.complete"}
{"time":"2026-08-20T11:29:53","level":"INFO","logger":"watchfiles.main","msg":"2 changes detected"}
{"time":"2026-08-20T11:30:53","level":"INFO","logger":"watchfiles.main","msg":"3 changes detected"}
{"time":"2026-08-20T11:30:53","level":"INFO","logger":"bess.sync","msg":"sync.push.complete"}
{"time":"2026-08-20T11:30:53","level":"INFO","logger":"watchfiles.main","msg":"4 changes detected"}
{"time":"2026-08-20T11:31:54","level":"INFO","logger":"watchfiles.main","msg":"4 changes detected"}
{"time":"2026-08-20T11:31:54","level":"INFO","logger":"bess.sync","msg":"sync.push.complete"}
{"time":"2026-08-20T11:31:54","level":"INFO","logger":"watchfiles.main","msg":"3 changes detected"}
{"time":"2026-08-20T11:32:54","level":"INFO","logger":"watchfiles.main","msg":"3 changes detected"}
{"time":"2026-08-20T11:32:54","level":"INFO","logger":"bess.sync","msg":"sync.push.complete"}
{"time":"2026-08-20T11:32:55","level":"INFO","logger":"watchfiles.main","msg":"3 changes detected"}
{"time":"2026-08-20T11:33:55","level":"INFO","logger":"watchfiles.main","msg":"3 changes detected"}
{"time":"2026-08-20T11:33:55","level":"INFO","logger":"bess.sync","msg":"sync.push.complete"}
{"time":"2026-08-20T11:33:55","level":"INFO","logger":"watchfiles.main","msg":"4 changes detected"}
{"time":"2026-08-20T11:34:56","level":"INFO","logger":"watchfiles.main","msg":"3 changes detected"}
{"time":"2026-08-20T11:34:56","level":"INFO","logger":"bess.sync","msg":"sync.push.complete"}
{"time":"2026-08-20T11:34:56","level":"INFO","logger":"watchfiles.main","msg":"4 changes detected"}
{"time":"2026-08-20T11:35:56","level":"INFO","logger":"watchfiles.main","msg":"3 changes detected"}
{"time":"2026-08-20T11:35:57","level":"INFO","logger":"bess.sync","msg":"sync.push.complete"}
{"time":"2026-08-20T11:35:57","level":"INFO","logger":"watchfiles.main","msg":"4 changes detected"}
{"time":"2026-08-20T11:36:57","level":"INFO","logger":"bess.sync","msg":"sync.push.complete"}
{"time":"2026-08-20T11:36:57","level":"INFO","logger":"watchfiles.main","msg":"3 changes detected"}
{"time":"2026-08-20T11:37:58","level":"INFO","logger":"watchfiles.main","msg":"3 changes detected"}
{"time":"2026-08-20T11:37:58","level":"INFO","logger":"bess.sync","msg":"sync.push.complete"}
{"time":"2026-08-20T11:37:58","level":"INFO","logger":"watchfiles.main","msg":"4 changes detected"}
{"time":"2026-08-20T11:38:59","level":"INFO","logger":"watchfiles.main","msg":"3 changes detected"}
{"time":"2026-08-20T11:38:59","level":"INFO","logger":"bess.sync","msg":"sync.push.complete"}
{"time":"2026-08-20T11:38:59","level":"INFO","logger":"watchfiles.main","msg":"3 changes detected"}
{"time":"2026-08-20T11:39:59","level":"INFO","logger":"watchfiles.main","msg":"3 changes detected"}
{"time":"2026-08-20T11:39:59","level":"INFO","logger":"bess.sync","msg":"sync.push.complete"}
{"time":"2026-08-20T11:40:00","level":"INFO","logger":"watchfiles.main","msg":"4 changes detected"}
{"time":"2026-08-20T11:41:00","level":"INFO","logger":"bess.sync","msg":"sync.push.complete"}
{"time":"2026-08-20T11:41:00","level":"INFO","logger":"watchfiles.main","msg":"3 changes detected"}
{"time":"2026-08-20T11:42:00","level":"INFO","logger":"watchfiles.main","msg":"3 changes detected"}
{"time":"2026-08-20T11:42:01","level":"INFO","logger":"bess.sync","msg":"sync.push.complete"}
{"time":"2026-08-20T11:42:01","level":"INFO","logger":"watchfiles.main","msg":"4 changes detected"}
{"time":"2026-08-20T11:43:01","level":"INFO","logger":"watchfiles.main","msg":"3 changes detected"}
{"time":"2026-08-20T11:43:01","level":"INFO","logger":"bess.sync","msg":"sync.push.complete"}
{"time":"2026-08-20T11:43:02","level":"INFO","logger":"watchfiles.main","msg":"3 changes detected"}
{"time":"2026-08-20T11:44:02","level":"INFO","logger":"watchfiles.main","msg":"3 changes detected"}
{"time":"2026-08-20T11:44:02","level":"INFO","logger":"bess.sync","msg":"sync.push.complete"}
{"time":"2026-08-20T11:44:02","level":"INFO","logger":"watchfiles.main","msg":"3 changes detected"}
{"time":"2026-08-20T11:45:03","level":"INFO","logger":"watchfiles.main","msg":"3 changes detected"}
{"time":"2026-08-20T11:45:03","level":"INFO","logger":"bess.sync","msg":"sync.push.complete"}
{"time":"2026-08-20T11:45:03","level":"INFO","logger":"watchfiles.main","msg":"3 changes detected"}
{"time":"2026-08-20T11:46:03","level":"INFO","logger":"watchfiles.main","msg":"2 changes detected"}
{"time":"2026-08-20T11:46:03","level":"INFO","logger":"bess.sync","msg":"sync.push.complete"}
{"time":"2026-08-20T11:46:04","level":"INFO","logger":"watchfiles.main","msg":"3 changes detected"}
{"time":"2026-08-20T11:47:04","level":"INFO","logger":"watchfiles.main","msg":"3 changes detected"}
{"time":"2026-08-20T11:47:04","level":"INFO","logger":"bess.sync","msg":"sync.push.complete"}
{"time":"2026-08-20T11:47:04","level":"INFO","logger":"watchfiles.main","msg":"3 changes detected"}
{"time":"2026-08-20T11:48:05","level":"INFO","logger":"watchfiles.main","msg":"3 changes detected"}
{"time":"2026-08-20T11:48:05","level":"INFO","logger":"bess.sync","msg":"sync.push.complete"}
{"time":"2026-08-20T11:48:05","level":"INFO","logger":"watchfiles.main","msg":"1 change detected"}
{"time":"2026-08-20T11:49:05","level":"INFO","logger":"watchfiles.main","msg":"3 changes detected"}
{"time":"2026-08-20T11:49:06","level":"INFO","logger":"bess.sync","msg":"sync.push.complete"}
{"time":"2026-08-20T11:49:06","level":"INFO","logger":"watchfiles.main","msg":"4 changes detected"}
{"time":"2026-08-20T11:50:06","level":"INFO","logger":"watchfiles.main","msg":"3 changes detected"}
{"time":"2026-08-20T11:50:06","level":"INFO","logger":"bess.sync","msg":"sync.push.complete"}
{"time":"2026-08-20T11:50:07","level":"INFO","logger":"watchfiles.main","msg":"3 changes detected"}
{"time":"2026-08-20T11:51:07","level":"INFO","logger":"watchfiles.main","msg":"3 changes detected"}
{"time":"2026-08-20T11:51:07","level":"INFO","logger":"bess.sync","msg":"sync.push.complete"}
{"time":"2026-08-20T11:51:07","level":"INFO","logger":"watchfiles.main","msg":"3 changes detected"}
{"time":"2026-08-20T11:52:08","level":"INFO","logger":"watchfiles.main","msg":"3 changes detected"}
{"time":"2026-08-20T11:52:08","level":"INFO","logger":"bess.sync","msg":"sync.push.complete"}
{"time":"2026-08-20T11:52:08","level":"INFO","logger":"watchfiles.main","msg":"3 changes detected"}
{"time":"2026-08-20T11:53:08","level":"INFO","logger":"watchfiles.main","msg":"3 changes detected"}
{"time":"2026-08-20T11:53:08","level":"INFO","logger":"bess.sync","msg":"sync.push.complete"}
{"time":"2026-08-20T11:53:09","level":"INFO","logger":"watchfiles.main","msg":"4 changes detected"}
{"time":"2026-08-20T11:54:09","level":"INFO","logger":"watchfiles.main","msg":"3 changes detected"}
{"time":"2026-08-20T11:54:09","level":"INFO","logger":"bess.sync","msg":"sync.push.complete"}
{"time":"2026-08-20T11:54:09","level":"INFO","logger":"watchfiles.main","msg":"1 change detected"}
{"time":"2026-08-20T11:55:10","level":"INFO","logger":"watchfiles.main","msg":"3 changes detected"}
{"time":"2026-08-20T11:55:10","level":"INFO","logger":"bess.sync","msg":"sync.push.complete"}
{"time":"2026-08-20T11:55:10","level":"INFO","logger":"watchfiles.main","msg":"1 change detected"}
{"time":"2026-08-20T11:56:10","level":"INFO","logger":"watchfiles.main","msg":"3 changes detected"}
{"time":"2026-08-20T11:56:10","level":"INFO","logger":"bess.sync","msg":"sync.push.complete"}
{"time":"2026-08-20T11:56:11","level":"INFO","logger":"watchfiles.main","msg":"3 changes detected"}
{"time":"2026-08-20T11:57:11","level":"INFO","logger":"watchfiles.main","msg":"3 changes detected"}
{"time":"2026-08-20T11:57:11","level":"INFO","logger":"bess.sync","msg":"sync.push.complete"}
{"time":"2026-08-20T11:57:11","level":"INFO","logger":"watchfiles.main","msg":"3 changes detected"}
{"time":"2026-08-20T11:58:12","level":"INFO","logger":"watchfiles.main","msg":"3 changes detected"}
{"time":"2026-08-20T11:58:12","level":"INFO","logger":"bess.sync","msg":"sync.push.complete"}
{"time":"2026-08-20T11:58:12","level":"INFO","logger":"watchfiles.main","msg":"3 changes detected"}
{"time":"2026-08-20T11:59:12","level":"INFO","logger":"watchfiles.main","msg":"3 changes detected"}
{"time":"2026-08-20T11:59:12","level":"INFO","logger":"bess.sync","msg":"sync.push.complete"}
{"time":"2026-08-20T11:59:13","level":"INFO","logger":"watchfiles.main","msg":"1 change detected"}
{"time":"2026-08-20T12:00:13","level":"INFO","logger":"bess.sync","msg":"sync.push.complete"}
{"time":"2026-08-20T12:00:13","level":"INFO","logger":"watchfiles.main","msg":"3 changes detected"}
{"time":"2026-08-20T12:01:14","level":"INFO","logger":"watchfiles.main","msg":"3 changes detected"}
{"time":"2026-08-20T12:01:14","level":"INFO","logger":"bess.sync","msg":"sync.push.complete"}
{"time":"2026-08-20T12:01:14","level":"INFO","logger":"watchfiles.main","msg":"3 changes detected"}
{"time":"2026-08-20T12:01:53","level":"INFO","logger":"watchfiles.main","msg":"1 change detected"}
{"time":"2026-08-20T12:02:14","level":"INFO","logger":"bess.sync","msg":"sync.push.complete"}
{"time":"2026-08-20T12:02:15","level":"INFO","logger":"watchfiles.main","msg":"3 changes detected"}
{"time":"2026-08-20T12:03:15","level":"INFO","logger":"watchfiles.main","msg":"3 changes detected"}
{"time":"2026-08-20T12:03:15","level":"INFO","logger":"bess.sync","msg":"sync.push.complete"}
{"time":"2026-08-20T12:03:15","level":"INFO","logger":"watchfiles.main","msg":"4 changes detected"}
{"time":"2026-08-20T12:04:16","level":"INFO","logger":"watchfiles.main","msg":"3 changes detected"}
{"time":"2026-08-20T12:04:16","level":"INFO","logger":"bess.sync","msg":"sync.push.complete"}
{"time":"2026-08-20T12:04:17","level":"INFO","logger":"watchfiles.main","msg":"3 changes detected"}
{"time":"2026-08-20T12:05:17","level":"INFO","logger":"watchfiles.main","msg":"3 changes detected"}
{"time":"2026-08-20T12:05:17","level":"INFO","logger":"bess.sync","msg":"sync.push.complete"}
{"time":"2026-08-20T12:05:18","level":"INFO","logger":"watchfiles.main","msg":"4 changes detected"}
{"time":"2026-08-20T12:06:18","level":"INFO","logger":"watchfiles.main","msg":"3 changes detected"}
{"time":"2026-08-20T12:06:18","level":"INFO","logger":"bess.sync","msg":"sync.push.complete"}
{"time":"2026-08-20T12:06:18","level":"INFO","logger":"watchfiles.main","msg":"3 changes detected"}
{"time":"2026-08-20T12:07:18","level":"INFO","logger":"watchfiles.main","msg":"3 changes detected"}
{"time":"2026-08-20T12:07:18","level":"INFO","logger":"bess.sync","msg":"sync.push.complete"}
{"time":"2026-08-20T12:07:19","level":"INFO","logger":"watchfiles.main","msg":"3 changes detected"}
{"time":"2026-08-20T12:08:19","level":"INFO","logger":"bess.sync","msg":"sync.push.complete"}
{"time":"2026-08-20T12:08:19","level":"INFO","logger":"watchfiles.main","msg":"3 changes detected"}
{"time":"2026-08-20T12:09:19","level":"INFO","logger":"bess.sync","msg":"sync.push.complete"}
{"time":"2026-08-20T12:09:19","level":"INFO","logger":"watchfiles.main","msg":"3 changes detected"}
{"time":"2026-08-20T12:10:20","level":"INFO","logger":"watchfiles.main","msg":"3 changes detected"}
{"time":"2026-08-20T12:10:20","level":"INFO","logger":"bess.sync","msg":"sync.push.complete"}
{"time":"2026-08-20T12:10:21","level":"INFO","logger":"watchfiles.main","msg":"3 changes detected"}
{"time":"2026-08-20T12:11:21","level":"INFO","logger":"watchfiles.main","msg":"3 changes detected"}
{"time":"2026-08-20T12:11:21","level":"INFO","logger":"bess.sync","msg":"sync.push.complete"}
{"time":"2026-08-20T12:12:21","level":"INFO","logger":"bess.sync","msg":"sync.push.complete"}
{"time":"2026-08-20T12:12:21","level":"INFO","logger":"watchfiles.main","msg":"3 changes detected"}
{"time":"2026-08-20T12:13:24","level":"INFO","logger":"watchfiles.main","msg":"3 changes detected"}
{"time":"2026-08-20T12:13:24","level":"INFO","logger":"bess.sync","msg":"sync.push.complete"}
{"time":"2026-08-20T12:13:24","level":"INFO","logger":"watchfiles.main","msg":"4 changes detected"}
{"time":"2026-08-20T12:14:26","level":"INFO","logger":"bess.sync","msg":"sync.push.complete"}
{"time":"2026-08-20T12:14:26","level":"INFO","logger":"watchfiles.main","msg":"3 changes detected"}
{"time":"2026-08-20T13:01:39","level":"INFO","logger":"watchfiles.main","msg":"3 changes detected"}
{"time":"2026-08-20T13:01:39","level":"INFO","logger":"bess.sync","msg":"sync.push.complete"}
{"time":"2026-08-20T13:01:39","level":"INFO","logger":"watchfiles.main","msg":"3 changes detected"}
{"time":"2026-08-20T13:02:39","level":"INFO","logger":"watchfiles.main","msg":"3 changes detected"}
{"time":"2026-08-20T13:02:39","level":"INFO","logger":"bess.sync","msg":"sync.push.complete"}
{"time":"2026-08-20T13:02:40","level":"INFO","logger":"watchfiles.main","msg":"4 changes detected"}
{"time":"2026-08-20T13:03:40","level":"INFO","logger":"bess.sync","msg":"sync.push.complete"}
{"time":"2026-08-20T13:03:40","level":"INFO","logger":"watchfiles.main","msg":"3 changes detected"}
{"time":"2026-08-20T13:04:41","level":"INFO","logger":"watchfiles.main","msg":"3 changes detected"}
{"time":"2026-08-20T13:04:41","level":"INFO","logger":"bess.sync","msg":"sync.push.complete"}
{"time":"2026-08-20T13:04:41","level":"INFO","logger":"watchfiles.main","msg":"4 changes detected"}
{"time":"2026-08-20T13:05:41","level":"INFO","logger":"watchfiles.main","msg":"3 changes detected"}
{"time":"2026-08-20T13:05:42","level":"INFO","logger":"bess.sync","msg":"sync.push.complete"}
{"time":"2026-08-20T13:05:42","level":"INFO","logger":"watchfiles.main","msg":"3 changes detected"}
{"time":"2026-08-20T13:05:53","level":"INFO","logger":"watchfiles.main","msg":"1 change detected"}
{"time":"2026-08-20T13:06:42","level":"INFO","logger":"watchfiles.main","msg":"3 changes detected"}
{"time":"2026-08-20T13:06:42","level":"INFO","logger":"bess.sync","msg":"sync.push.complete"}
{"time":"2026-08-20T13:06:42","level":"INFO","logger":"watchfiles.main","msg":"4 changes detected"}
{"time":"2026-08-20T13:07:43","level":"INFO","logger":"watchfiles.main","msg":"3 changes detected"}
{"time":"2026-08-20T13:07:43","level":"INFO","logger":"bess.sync","msg":"sync.push.complete"}
{"time":"2026-08-20T13:07:43","level":"INFO","logger":"watchfiles.main","msg":"3 changes detected"}
{"time":"2026-08-20T13:08:44","level":"INFO","logger":"watchfiles.main","msg":"3 changes detected"}
{"time":"2026-08-20T13:08:44","level":"INFO","logger":"bess.sync","msg":"sync.push.complete"}
{"time":"2026-08-20T13:08:44","level":"INFO","logger":"watchfiles.main","msg":"4 changes detected"}
{"time":"2026-08-20T13:09:44","level":"INFO","logger":"watchfiles.main","msg":"3 changes detected"}
{"time":"2026-08-20T13:09:44","level":"INFO","logger":"bess.sync","msg":"sync.push.complete"}
{"time":"2026-08-20T13:09:45","level":"INFO","logger":"watchfiles.main","msg":"3 changes detected"}
{"time":"2026-08-20T13:10:45","level":"INFO","logger":"watchfiles.main","msg":"3 changes detected"}
{"time":"2026-08-20T13:10:45","level":"INFO","logger":"bess.sync","msg":"sync.push.complete"}
{"time":"2026-08-20T13:10:45","level":"INFO","logger":"watchfiles.main","msg":"4 changes detected"}
{"time":"2026-08-20T13:11:46","level":"INFO","logger":"watchfiles.main","msg":"3 changes detected"}
{"time":"2026-08-20T13:11:46","level":"INFO","logger":"bess.sync","msg":"sync.push.complete"}
{"time":"2026-08-20T13:11:46","level":"INFO","logger":"watchfiles.main","msg":"4 changes detected"}
{"time":"2026-08-20T13:12:47","level":"INFO","logger":"watchfiles.main","msg":"3 changes detected"}
{"time":"2026-08-20T13:12:47","level":"INFO","logger":"bess.sync","msg":"sync.push.complete"}
{"time":"2026-08-20T13:12:47","level":"INFO","logger":"watchfiles.main","msg":"3 changes detected"}
{"time":"2026-08-20T13:13:47","level":"INFO","logger":"watchfiles.main","msg":"3 changes detected"}
{"time":"2026-08-20T13:13:47","level":"INFO","logger":"bess.sync","msg":"sync.push.complete"}
{"time":"2026-08-20T13:13:47","level":"INFO","logger":"watchfiles.main","msg":"3 changes detected"}
{"time":"2026-08-20T13:14:48","level":"INFO","logger":"watchfiles.main","msg":"3 changes detected"}
{"time":"2026-08-20T13:14:48","level":"INFO","logger":"bess.sync","msg":"sync.push.complete"}
{"time":"2026-08-20T13:14:48","level":"INFO","logger":"watchfiles.main","msg":"3 changes detected"}
{"time":"2026-08-20T13:15:49","level":"INFO","logger":"watchfiles.main","msg":"3 changes detected"}
{"time":"2026-08-20T13:15:49","level":"INFO","logger":"bess.sync","msg":"sync.push.complete"}
{"time":"2026-08-20T13:15:49","level":"INFO","logger":"watchfiles.main","msg":"4 changes detected"}
{"time":"2026-08-20T13:16:49","level":"INFO","logger":"watchfiles.main","msg":"3 changes detected"}
{"time":"2026-08-20T13:16:49","level":"INFO","logger":"bess.sync","msg":"sync.push.complete"}
{"time":"2026-08-20T13:16:50","level":"INFO","logger":"watchfiles.main","msg":"4 changes detected"}
{"time":"2026-08-20T13:17:50","level":"INFO","logger":"watchfiles.main","msg":"3 changes detected"}
{"time":"2026-08-20T13:17:50","level":"INFO","logger":"bess.sync","msg":"sync.push.complete"}
{"time":"2026-08-20T13:17:50","level":"INFO","logger":"watchfiles.main","msg":"4 changes detected"}
{"time":"2026-08-20T13:18:51","level":"INFO","logger":"watchfiles.main","msg":"3 changes detected"}
{"time":"2026-08-20T13:18:51","level":"INFO","logger":"bess.sync","msg":"sync.push.complete"}
{"time":"2026-08-20T13:18:51","level":"INFO","logger":"watchfiles.main","msg":"4 changes detected"}
{"time":"2026-08-20T13:19:51","level":"INFO","logger":"watchfiles.main","msg":"3 changes detected"}
{"time":"2026-08-20T13:19:51","level":"INFO","logger":"bess.sync","msg":"sync.push.complete"}
{"time":"2026-08-20T13:19:52","level":"INFO","logger":"watchfiles.main","msg":"4 changes detected"}
{"time":"2026-08-20T13:20:52","level":"INFO","logger":"bess.sync","msg":"sync.push.complete"}
{"time":"2026-08-20T13:20:52","level":"INFO","logger":"watchfiles.main","msg":"3 changes detected"}
{"time":"2026-08-20T13:21:53","level":"INFO","logger":"watchfiles.main","msg":"3 changes detected"}
{"time":"2026-08-20T13:21:53","level":"INFO","logger":"bess.sync","msg":"sync.push.complete"}
{"time":"2026-08-20T13:21:53","level":"INFO","logger":"watchfiles.main","msg":"3 changes detected"}
{"time":"2026-08-20T13:22:53","level":"INFO","logger":"watchfiles.main","msg":"3 changes detected"}
{"time":"2026-08-20T13:22:54","level":"INFO","logger":"bess.sync","msg":"sync.push.complete"}
{"time":"2026-08-20T13:22:54","level":"INFO","logger":"watchfiles.main","msg":"3 changes detected"}
{"time":"2026-08-20T13:23:54","level":"INFO","logger":"bess.sync","msg":"sync.push.complete"}
{"time":"2026-08-20T13:23:54","level":"INFO","logger":"watchfiles.main","msg":"3 changes detected"}
{"time":"2026-08-20T13:24:55","level":"INFO","logger":"watchfiles.main","msg":"3 changes detected"}
{"time":"2026-08-20T13:24:55","level":"INFO","logger":"bess.sync","msg":"sync.push.complete"}
{"time":"2026-08-20T13:24:55","level":"INFO","logger":"watchfiles.main","msg":"4 changes detected"}
{"time":"2026-08-20T13:25:56","level":"INFO","logger":"watchfiles.main","msg":"3 changes detected"}
{"time":"2026-08-20T13:25:56","level":"INFO","logger":"bess.sync","msg":"sync.push.complete"}
{"time":"2026-08-20T13:25:56","level":"INFO","logger":"watchfiles.main","msg":"3 changes detected"}
{"time":"2026-08-20T13:26:56","level":"INFO","logger":"watchfiles.main","msg":"3 changes detected"}
{"time":"2026-08-20T13:26:56","level":"INFO","logger":"bess.sync","msg":"sync.push.complete"}
{"time":"2026-08-20T13:26:57","level":"INFO","logger":"watchfiles.main","msg":"3 changes detected"}
{"time":"2026-08-20T13:27:57","level":"INFO","logger":"watchfiles.main","msg":"3 changes detected"}
{"time":"2026-08-20T13:27:57","level":"INFO","logger":"bess.sync","msg":"sync.push.complete"}
{"time":"2026-08-20T13:27:57","level":"INFO","logger":"watchfiles.main","msg":"3 changes detected"}
{"time":"2026-08-20T13:28:58","level":"INFO","logger":"watchfiles.main","msg":"3 changes detected"}
{"time":"2026-08-20T13:28:58","level":"INFO","logger":"bess.sync","msg":"sync.push.complete"}
{"time":"2026-08-20T13:28:58","level":"INFO","logger":"watchfiles.main","msg":"3 changes detected"}
{"time":"2026-08-20T13:29:58","level":"INFO","logger":"watchfiles.main","msg":"3 changes detected"}
{"time":"2026-08-20T13:29:58","level":"INFO","logger":"bess.sync","msg":"sync.push.complete"}
{"time":"2026-08-20T13:29:59","level":"INFO","logger":"watchfiles.main","msg":"4 changes detected"}
{"time":"2026-08-20T13:30:53","level":"INFO","logger":"watchfiles.main","msg":"1 change detected"}
{"time":"2026-08-20T13:30:59","level":"INFO","logger":"watchfiles.main","msg":"3 changes detected"}
{"time":"2026-08-20T13:30:59","level":"INFO","logger":"bess.sync","msg":"sync.push.complete"}
{"time":"2026-08-20T13:31:00","level":"INFO","logger":"watchfiles.main","msg":"2 changes detected"}
{"time":"2026-08-20T13:32:00","level":"INFO","logger":"bess.sync","msg":"sync.push.complete"}
{"time":"2026-08-20T13:32:00","level":"INFO","logger":"watchfiles.main","msg":"3 changes detected"}
{"time":"2026-08-20T13:33:00","level":"INFO","logger":"watchfiles.main","msg":"3 changes detected"}
{"time":"2026-08-20T13:33:00","level":"INFO","logger":"bess.sync","msg":"sync.push.complete"}
{"time":"2026-08-20T13:33:01","level":"INFO","logger":"watchfiles.main","msg":"2 changes detected"}
{"time":"2026-08-20T13:34:01","level":"INFO","logger":"watchfiles.main","msg":"3 changes detected"}
{"time":"2026-08-20T13:34:01","level":"INFO","logger":"bess.sync","msg":"sync.push.complete"}
{"time":"2026-08-20T13:34:01","level":"INFO","logger":"watchfiles.main","msg":"4 changes detected"}
{"time":"2026-08-20T13:35:02","level":"INFO","logger":"bess.sync","msg":"sync.push.complete"}
{"time":"2026-08-20T13:35:02","level":"INFO","logger":"watchfiles.main","msg":"3 changes detected"}
{"time":"2026-08-20T13:36:02","level":"INFO","logger":"bess.sync","msg":"sync.push.complete"}
{"time":"2026-08-20T13:36:02","level":"INFO","logger":"watchfiles.main","msg":"3 changes detected"}
{"time":"2026-08-20T13:37:03","level":"INFO","logger":"watchfiles.main","msg":"3 changes detected"}
{"time":"2026-08-20T13:37:03","level":"INFO","logger":"bess.sync","msg":"sync.push.complete"}
{"time":"2026-08-20T13:37:03","level":"INFO","logger":"watchfiles.main","msg":"3 changes detected"}
{"time":"2026-08-20T13:38:04","level":"INFO","logger":"bess.sync","msg":"sync.push.complete"}
{"time":"2026-08-20T13:38:04","level":"INFO","logger":"watchfiles.main","msg":"3 changes detected"}
{"time":"2026-08-20T13:39:05","level":"INFO","logger":"watchfiles.main","msg":"3 changes detected"}
{"time":"2026-08-20T13:39:05","level":"INFO","logger":"bess.sync","msg":"sync.push.complete"}
{"time":"2026-08-20T13:39:05","level":"INFO","logger":"watchfiles.main","msg":"3 changes detected"}
{"time":"2026-08-20T13:40:05","level":"INFO","logger":"watchfiles.main","msg":"3 changes detected"}
{"time":"2026-08-20T13:40:05","level":"INFO","logger":"bess.sync","msg":"sync.push.complete"}
{"time":"2026-08-20T13:40:06","level":"INFO","logger":"watchfiles.main","msg":"3 changes detected"}
{"time":"2026-08-20T13:41:06","level":"INFO","logger":"watchfiles.main","msg":"3 changes detected"}
{"time":"2026-08-20T13:41:06","level":"INFO","logger":"bess.sync","msg":"sync.push.complete"}
{"time":"2026-08-20T13:41:06","level":"INFO","logger":"watchfiles.main","msg":"3 changes detected"}
{"time":"2026-08-20T13:42:07","level":"INFO","logger":"watchfiles.main","msg":"3 changes detected"}
{"time":"2026-08-20T13:42:07","level":"INFO","logger":"bess.sync","msg":"sync.push.complete"}
{"time":"2026-08-20T13:42:07","level":"INFO","logger":"watchfiles.main","msg":"4 changes detected"}
{"time":"2026-08-20T13:43:08","level":"INFO","logger":"watchfiles.main","msg":"3 changes detected"}
{"time":"2026-08-20T13:43:08","level":"INFO","logger":"bess.sync","msg":"sync.push.complete"}
{"time":"2026-08-20T13:43:08","level":"INFO","logger":"watchfiles.main","msg":"1 change detected"}
{"time":"2026-08-20T13:44:09","level":"INFO","logger":"watchfiles.main","msg":"3 changes detected"}
{"time":"2026-08-20T13:44:09","level":"INFO","logger":"bess.sync","msg":"sync.push.complete"}
{"time":"2026-08-20T13:44:09","level":"INFO","logger":"watchfiles.main","msg":"3 changes detected"}
{"time":"2026-08-20T13:45:09","level":"INFO","logger":"watchfiles.main","msg":"3 changes detected"}
{"time":"2026-08-20T13:45:09","level":"INFO","logger":"bess.sync","msg":"sync.push.complete"}
{"time":"2026-08-20T13:45:10","level":"INFO","logger":"watchfiles.main","msg":"3 changes detected"}
{"time":"2026-08-20T13:46:10","level":"INFO","logger":"watchfiles.main","msg":"3 changes detected"}
{"time":"2026-08-20T13:46:10","level":"INFO","logger":"bess.sync","msg":"sync.push.complete"}
{"time":"2026-08-20T13:46:10","level":"INFO","logger":"watchfiles.main","msg":"3 changes detected"}
{"time":"2026-08-20T13:47:11","level":"INFO","logger":"bess.sync","msg":"sync.push.complete"}
{"time":"2026-08-20T13:47:11","level":"INFO","logger":"watchfiles.main","msg":"3 changes detected"}
{"time":"2026-08-20T13:48:11","level":"INFO","logger":"watchfiles.main","msg":"3 changes detected"}
{"time":"2026-08-20T13:48:11","level":"INFO","logger":"bess.sync","msg":"sync.push.complete"}
{"time":"2026-08-20T13:48:12","level":"INFO","logger":"watchfiles.main","msg":"2 changes detected"}
{"time":"2026-08-20T13:49:12","level":"INFO","logger":"bess.sync","msg":"sync.push.complete"}
{"time":"2026-08-20T13:49:12","level":"INFO","logger":"watchfiles.main","msg":"3 changes detected"}
{"time":"2026-08-20T13:50:13","level":"INFO","logger":"watchfiles.main","msg":"3 changes detected"}
{"time":"2026-08-20T13:50:13","level":"INFO","logger":"bess.sync","msg":"sync.push.complete"}
{"time":"2026-08-20T13:50:13","level":"INFO","logger":"watchfiles.main","msg":"3 changes detected"}
{"time":"2026-08-20T13:51:13","level":"INFO","logger":"watchfiles.main","msg":"3 changes detected"}
{"time":"2026-08-20T13:51:13","level":"INFO","logger":"bess.sync","msg":"sync.push.complete"}
{"time":"2026-08-20T13:51:14","level":"INFO","logger":"watchfiles.main","msg":"3 changes detected"}
{"time":"2026-08-20T13:52:14","level":"INFO","logger":"bess.sync","msg":"sync.push.complete"}
{"time":"2026-08-20T13:52:14","level":"INFO","logger":"watchfiles.main","msg":"3 changes detected"}
{"time":"2026-08-20T13:53:15","level":"INFO","logger":"watchfiles.main","msg":"3 changes detected"}
{"time":"2026-08-20T13:53:15","level":"INFO","logger":"bess.sync","msg":"sync.push.complete"}
{"time":"2026-08-20T13:53:15","level":"INFO","logger":"watchfiles.main","msg":"3 changes detected"}
{"time":"2026-08-20T13:54:16","level":"INFO","logger":"watchfiles.main","msg":"3 changes detected"}
{"time":"2026-08-20T13:54:16","level":"INFO","logger":"bess.sync","msg":"sync.push.complete"}
{"time":"2026-08-20T13:54:16","level":"INFO","logger":"watchfiles.main","msg":"3 changes detected"}
{"time":"2026-08-20T13:55:16","level":"INFO","logger":"watchfiles.main","msg":"3 changes detected"}
{"time":"2026-08-20T13:55:16","level":"INFO","logger":"bess.sync","msg":"sync.push.complete"}
{"time":"2026-08-20T13:55:17","level":"INFO","logger":"watchfiles.main","msg":"4 changes detected"}
{"time":"2026-08-20T13:56:17","level":"INFO","logger":"watchfiles.main","msg":"3 changes detected"}
{"time":"2026-08-20T13:56:17","level":"INFO","logger":"bess.sync","msg":"sync.push.complete"}
{"time":"2026-08-20T13:57:18","level":"INFO","logger":"watchfiles.main","msg":"1 change detected"}
{"time":"2026-08-20T13:57:18","level":"INFO","logger":"bess.sync","msg":"sync.push.complete"}
{"time":"2026-08-20T13:57:19","level":"INFO","logger":"watchfiles.main","msg":"4 changes detected"}
{"time":"2026-08-20T13:58:19","level":"INFO","logger":"watchfiles.main","msg":"3 changes detected"}
{"time":"2026-08-20T13:58:19","level":"INFO","logger":"bess.sync","msg":"sync.push.complete"}
{"time":"2026-08-20T13:58:19","level":"INFO","logger":"watchfiles.main","msg":"2 changes detected"}
{"time":"2026-08-20T13:59:20","level":"INFO","logger":"watchfiles.main","msg":"3 changes detected"}
{"time":"2026-08-20T13:59:20","level":"INFO","logger":"bess.sync","msg":"sync.push.complete"}
{"time":"2026-08-20T13:59:20","level":"INFO","logger":"watchfiles.main","msg":"3 changes detected"}
{"time":"2026-08-20T14:00:21","level":"INFO","logger":"watchfiles.main","msg":"3 changes detected"}
{"time":"2026-08-20T14:00:21","level":"INFO","logger":"bess.sync","msg":"sync.push.complete"}
{"time":"2026-08-20T14:00:21","level":"INFO","logger":"watchfiles.main","msg":"4 changes detected"}
{"time":"2026-08-20T14:00:54","level":"INFO","logger":"watchfiles.main","msg":"1 change detected"}
{"time":"2026-08-20T14:01:22","level":"INFO","logger":"watchfiles.main","msg":"3 changes detected"}
{"time":"2026-08-20T14:01:22","level":"INFO","logger":"bess.sync","msg":"sync.push.complete"}
{"time":"2026-08-20T14:01:22","level":"INFO","logger":"watchfiles.main","msg":"3 changes detected"}
{"time":"2026-08-20T14:02:23","level":"INFO","logger":"watchfiles.main","msg":"3 changes detected"}
{"time":"2026-08-20T14:02:23","level":"INFO","logger":"bess.sync","msg":"sync.push.complete"}
{"time":"2026-08-20T14:02:23","level":"INFO","logger":"watchfiles.main","msg":"3 changes detected"}
{"time":"2026-08-20T14:03:23","level":"INFO","logger":"watchfiles.main","msg":"3 changes detected"}
{"time":"2026-08-20T14:03:24","level":"INFO","logger":"bess.sync","msg":"sync.push.complete"}
{"time":"2026-08-20T14:03:24","level":"INFO","logger":"watchfiles.main","msg":"3 changes detected"}
{"time":"2026-08-20T14:04:24","level":"INFO","logger":"watchfiles.main","msg":"3 changes detected"}
{"time":"2026-08-20T14:04:24","level":"INFO","logger":"bess.sync","msg":"sync.push.complete"}
{"time":"2026-08-20T14:04:25","level":"INFO","logger":"watchfiles.main","msg":"2 changes detected"}
{"time":"2026-08-20T14:05:25","level":"INFO","logger":"watchfiles.main","msg":"3 changes detected"}
{"time":"2026-08-20T14:05:25","level":"INFO","logger":"bess.sync","msg":"sync.push.complete"}
{"time":"2026-08-20T14:05:26","level":"INFO","logger":"watchfiles.main","msg":"2 changes detected"}
{"time":"2026-08-20T14:06:26","level":"INFO","logger":"bess.sync","msg":"sync.push.complete"}
{"time":"2026-08-20T14:06:26","level":"INFO","logger":"watchfiles.main","msg":"3 changes detected"}
{"time":"2026-08-20T14:07:27","level":"INFO","logger":"watchfiles.main","msg":"3 changes detected"}
{"time":"2026-08-20T14:07:27","level":"INFO","logger":"bess.sync","msg":"sync.push.complete"}
{"time":"2026-08-20T14:07:27","level":"INFO","logger":"watchfiles.main","msg":"2 changes detected"}
{"time":"2026-08-20T14:08:28","level":"INFO","logger":"watchfiles.main","msg":"3 changes detected"}
{"time":"2026-08-20T14:08:28","level":"INFO","logger":"bess.sync","msg":"sync.push.complete"}
{"time":"2026-08-20T14:08:28","level":"INFO","logger":"watchfiles.main","msg":"4 changes detected"}
{"time":"2026-08-20T14:09:28","level":"INFO","logger":"watchfiles.main","msg":"3 changes detected"}
{"time":"2026-08-20T14:09:29","level":"INFO","logger":"bess.sync","msg":"sync.push.complete"}
{"time":"2026-08-20T14:09:29","level":"INFO","logger":"watchfiles.main","msg":"4 changes detected"}
{"time":"2026-08-20T14:10:29","level":"INFO","logger":"bess.sync","msg":"sync.push.complete"}
{"time":"2026-08-20T14:10:29","level":"INFO","logger":"watchfiles.main","msg":"3 changes detected"}
{"time":"2026-08-20T14:11:30","level":"INFO","logger":"watchfiles.main","msg":"3 changes detected"}
{"time":"2026-08-20T14:11:30","level":"INFO","logger":"bess.sync","msg":"sync.push.complete"}
{"time":"2026-08-20T14:11:31","level":"INFO","logger":"watchfiles.main","msg":"3 changes detected"}
{"time":"2026-08-20T14:12:31","level":"INFO","logger":"watchfiles.main","msg":"3 changes detected"}
{"time":"2026-08-20T14:12:31","level":"INFO","logger":"bess.sync","msg":"sync.push.complete"}
{"time":"2026-08-20T14:12:31","level":"INFO","logger":"watchfiles.main","msg":"4 changes detected"}
{"time":"2026-08-20T14:13:32","level":"INFO","logger":"watchfiles.main","msg":"3 changes detected"}
{"time":"2026-08-20T14:13:32","level":"INFO","logger":"bess.sync","msg":"sync.push.complete"}
{"time":"2026-08-20T14:13:32","level":"INFO","logger":"watchfiles.main","msg":"4 changes detected"}
{"time":"2026-08-20T14:14:33","level":"INFO","logger":"watchfiles.main","msg":"3 changes detected"}
{"time":"2026-08-20T14:14:33","level":"INFO","logger":"bess.sync","msg":"sync.push.complete"}
{"time":"2026-08-20T14:14:33","level":"INFO","logger":"watchfiles.main","msg":"3 changes detected"}
{"time":"2026-08-20T14:15:34","level":"INFO","logger":"watchfiles.main","msg":"3 changes detected"}
{"time":"2026-08-20T14:15:34","level":"INFO","logger":"bess.sync","msg":"sync.push.complete"}
{"time":"2026-08-20T14:15:34","level":"INFO","logger":"watchfiles.main","msg":"3 changes detected"}
{"time":"2026-08-20T14:16:35","level":"INFO","logger":"watchfiles.main","msg":"3 changes detected"}
{"time":"2026-08-20T14:16:35","level":"INFO","logger":"bess.sync","msg":"sync.push.complete"}
{"time":"2026-08-20T14:16:35","level":"INFO","logger":"watchfiles.main","msg":"3 changes detected"}
{"time":"2026-08-20T14:17:35","level":"INFO","logger":"watchfiles.main","msg":"3 changes detected"}
{"time":"2026-08-20T14:17:36","level":"INFO","logger":"bess.sync","msg":"sync.push.complete"}
{"time":"2026-08-20T14:17:36","level":"INFO","logger":"watchfiles.main","msg":"2 changes detected"}
{"time":"2026-08-20T14:18:36","level":"INFO","logger":"bess.sync","msg":"sync.push.complete"}
{"time":"2026-08-20T14:18:36","level":"INFO","logger":"watchfiles.main","msg":"3 changes detected"}
{"time":"2026-08-20T14:19:37","level":"INFO","logger":"watchfiles.main","msg":"3 changes detected"}
{"time":"2026-08-20T14:19:37","level":"INFO","logger":"bess.sync","msg":"sync.push.complete"}
{"time":"2026-08-20T14:19:38","level":"INFO","logger":"watchfiles.main","msg":"3 changes detected"}
{"time":"2026-08-20T14:20:38","level":"INFO","logger":"watchfiles.main","msg":"3 changes detected"}
{"time":"2026-08-20T14:20:38","level":"INFO","logger":"bess.sync","msg":"sync.push.complete"}
{"time":"2026-08-20T14:20:38","level":"INFO","logger":"watchfiles.main","msg":"2 changes detected"}
{"time":"2026-08-20T14:21:39","level":"INFO","logger":"watchfiles.main","msg":"3 changes detected"}
{"time":"2026-08-20T14:21:39","level":"INFO","logger":"bess.sync","msg":"sync.push.complete"}
{"time":"2026-08-20T14:21:39","level":"INFO","logger":"watchfiles.main","msg":"3 changes detected"}
{"time":"2026-08-20T14:22:40","level":"INFO","logger":"watchfiles.main","msg":"3 changes detected"}
{"time":"2026-08-20T14:22:40","level":"INFO","logger":"bess.sync","msg":"sync.push.complete"}
{"time":"2026-08-20T14:22:40","level":"INFO","logger":"watchfiles.main","msg":"3 changes detected"}
{"time":"2026-08-20T14:23:41","level":"INFO","logger":"watchfiles.main","msg":"3 changes detected"}
{"time":"2026-08-20T14:23:41","level":"INFO","logger":"bess.sync","msg":"sync.push.complete"}
{"time":"2026-08-20T14:23:41","level":"INFO","logger":"watchfiles.main","msg":"3 changes detected"}
{"time":"2026-08-20T14:24:41","level":"INFO","logger":"watchfiles.main","msg":"3 changes detected"}
{"time":"2026-08-20T14:24:42","level":"INFO","logger":"bess.sync","msg":"sync.push.complete"}
{"time":"2026-08-20T14:24:42","level":"INFO","logger":"watchfiles.main","msg":"4 changes detected"}
{"time":"2026-08-20T14:25:42","level":"INFO","logger":"watchfiles.main","msg":"3 changes detected"}
{"time":"2026-08-20T14:25:42","level":"INFO","logger":"bess.sync","msg":"sync.push.complete"}
{"time":"2026-08-20T14:25:43","level":"INFO","logger":"watchfiles.main","msg":"2 changes detected"}
{"time":"2026-08-20T14:26:43","level":"INFO","logger":"watchfiles.main","msg":"3 changes detected"}
{"time":"2026-08-20T14:26:43","level":"INFO","logger":"bess.sync","msg":"sync.push.complete"}
{"time":"2026-08-20T14:26:44","level":"INFO","logger":"watchfiles.main","msg":"3 changes detected"}
{"time":"2026-08-20T14:27:44","level":"INFO","logger":"watchfiles.main","msg":"3 changes detected"}
{"time":"2026-08-20T14:27:44","level":"INFO","logger":"bess.sync","msg":"sync.push.complete"}
{"time":"2026-08-20T14:27:44","level":"INFO","logger":"watchfiles.main","msg":"3 changes detected"}
{"time":"2026-08-20T14:28:45","level":"INFO","logger":"watchfiles.main","msg":"3 changes detected"}
{"time":"2026-08-20T14:28:45","level":"INFO","logger":"bess.sync","msg":"sync.push.complete"}
{"time":"2026-08-20T14:28:45","level":"INFO","logger":"watchfiles.main","msg":"3 changes detected"}
{"time":"2026-08-20T14:29:46","level":"INFO","logger":"bess.sync","msg":"sync.push.complete"}
{"time":"2026-08-20T14:29:46","level":"INFO","logger":"watchfiles.main","msg":"3 changes detected"}
{"time":"2026-08-20T14:30:47","level":"INFO","logger":"watchfiles.main","msg":"3 changes detected"}
{"time":"2026-08-20T14:30:47","level":"INFO","logger":"bess.sync","msg":"sync.push.complete"}
{"time":"2026-08-20T14:30:47","level":"INFO","logger":"watchfiles.main","msg":"3 changes detected"}
{"time":"2026-08-20T14:30:54","level":"INFO","logger":"watchfiles.main","msg":"1 change detected"}
{"time":"2026-08-20T14:31:48","level":"INFO","logger":"watchfiles.main","msg":"3 changes detected"}
{"time":"2026-08-20T14:31:48","level":"INFO","logger":"bess.sync","msg":"sync.push.complete"}
{"time":"2026-08-20T14:31:48","level":"INFO","logger":"watchfiles.main","msg":"3 changes detected"}
{"time":"2026-08-20T14:32:48","level":"INFO","logger":"watchfiles.main","msg":"3 changes detected"}
{"time":"2026-08-20T14:32:48","level":"INFO","logger":"bess.sync","msg":"sync.push.complete"}
{"time":"2026-08-20T14:32:49","level":"INFO","logger":"watchfiles.main","msg":"3 changes detected"}
{"time":"2026-08-20T14:33:49","level":"INFO","logger":"watchfiles.main","msg":"3 changes detected"}
{"time":"2026-08-20T14:33:49","level":"INFO","logger":"bess.sync","msg":"sync.push.complete"}
{"time":"2026-08-20T14:33:50","level":"INFO","logger":"watchfiles.main","msg":"4 changes detected"}
{"time":"2026-08-20T14:34:50","level":"INFO","logger":"bess.sync","msg":"sync.push.complete"}
{"time":"2026-08-20T14:34:50","level":"INFO","logger":"watchfiles.main","msg":"3 changes detected"}
{"time":"2026-08-20T14:35:51","level":"INFO","logger":"watchfiles.main","msg":"3 changes detected"}
{"time":"2026-08-20T14:35:51","level":"INFO","logger":"bess.sync","msg":"sync.push.complete"}
{"time":"2026-08-20T14:35:51","level":"INFO","logger":"watchfiles.main","msg":"2 changes detected"}
{"time":"2026-08-20T14:36:52","level":"INFO","logger":"watchfiles.main","msg":"3 changes detected"}
{"time":"2026-08-20T14:36:52","level":"INFO","logger":"bess.sync","msg":"sync.push.complete"}
{"time":"2026-08-20T14:36:52","level":"INFO","logger":"watchfiles.main","msg":"1 change detected"}
{"time":"2026-08-20T14:37:52","level":"INFO","logger":"watchfiles.main","msg":"3 changes detected"}
{"time":"2026-08-20T14:37:52","level":"INFO","logger":"bess.sync","msg":"sync.push.complete"}
{"time":"2026-08-20T14:37:53","level":"INFO","logger":"watchfiles.main","msg":"3 changes detected"}
{"time":"2026-08-20T14:38:53","level":"INFO","logger":"watchfiles.main","msg":"3 changes detected"}
{"time":"2026-08-20T14:38:53","level":"INFO","logger":"bess.sync","msg":"sync.push.complete"}
{"time":"2026-08-20T14:39:54","level":"INFO","logger":"watchfiles.main","msg":"3 changes detected"}
{"time":"2026-08-20T14:39:54","level":"INFO","logger":"bess.sync","msg":"sync.push.complete"}
{"time":"2026-08-20T14:39:54","level":"INFO","logger":"watchfiles.main","msg":"3 changes detected"}
{"time":"2026-08-20T14:40:55","level":"INFO","logger":"watchfiles.main","msg":"3 changes detected"}
{"time":"2026-08-20T14:40:55","level":"INFO","logger":"bess.sync","msg":"sync.push.complete"}
{"time":"2026-08-20T14:40:55","level":"INFO","logger":"watchfiles.main","msg":"2 changes detected"}
{"time":"2026-08-20T14:41:56","level":"INFO","logger":"bess.sync","msg":"sync.push.complete"}
{"time":"2026-08-20T14:41:56","level":"INFO","logger":"watchfiles.main","msg":"3 changes detected"}
{"time":"2026-08-20T14:42:57","level":"INFO","logger":"watchfiles.main","msg":"3 changes detected"}
{"time":"2026-08-20T14:42:57","level":"INFO","logger":"bess.sync","msg":"sync.push.complete"}
{"time":"2026-08-20T14:42:57","level":"INFO","logger":"watchfiles.main","msg":"3 changes detected"}
{"time":"2026-08-20T14:43:57","level":"INFO","logger":"watchfiles.main","msg":"3 changes detected"}
{"time":"2026-08-20T14:43:58","level":"INFO","logger":"bess.sync","msg":"sync.push.complete"}
{"time":"2026-08-20T14:43:58","level":"INFO","logger":"watchfiles.main","msg":"3 changes detected"}
{"time":"2026-08-20T14:44:58","level":"INFO","logger":"watchfiles.main","msg":"3 changes detected"}
{"time":"2026-08-20T14:44:58","level":"INFO","logger":"bess.sync","msg":"sync.push.complete"}
{"time":"2026-08-20T14:44:59","level":"INFO","logger":"watchfiles.main","msg":"3 changes detected"}
{"time":"2026-08-20T14:45:59","level":"INFO","logger":"bess.sync","msg":"sync.push.complete"}
{"time":"2026-08-20T14:45:59","level":"INFO","logger":"watchfiles.main","msg":"3 changes detected"}
{"time":"2026-08-20T14:47:00","level":"INFO","logger":"bess.sync","msg":"sync.push.complete"}
{"time":"2026-08-20T14:47:00","level":"INFO","logger":"watchfiles.main","msg":"3 changes detected"}
{"time":"2026-08-20T14:48:01","level":"INFO","logger":"bess.sync","msg":"sync.push.complete"}
{"time":"2026-08-20T14:48:01","level":"INFO","logger":"watchfiles.main","msg":"3 changes detected"}
{"time":"2026-08-20T14:49:02","level":"INFO","logger":"watchfiles.main","msg":"3 changes detected"}
{"time":"2026-08-20T14:49:02","level":"INFO","logger":"bess.sync","msg":"sync.push.complete"}
{"time":"2026-08-20T14:49:02","level":"INFO","logger":"watchfiles.main","msg":"3 changes detected"}
{"time":"2026-08-20T14:50:03","level":"INFO","logger":"bess.sync","msg":"sync.push.complete"}
{"time":"2026-08-20T14:50:03","level":"INFO","logger":"watchfiles.main","msg":"3 changes detected"}
{"time":"2026-08-20T14:51:03","level":"INFO","logger":"watchfiles.main","msg":"3 changes detected"}
{"time":"2026-08-20T14:51:03","level":"INFO","logger":"bess.sync","msg":"sync.push.complete"}
{"time":"2026-08-20T14:51:04","level":"INFO","logger":"watchfiles.main","msg":"3 changes detected"}
{"time":"2026-08-20T14:52:04","level":"INFO","logger":"watchfiles.main","msg":"3 changes detected"}
{"time":"2026-08-20T14:52:04","level":"INFO","logger":"bess.sync","msg":"sync.push.complete"}
{"time":"2026-08-20T14:52:05","level":"INFO","logger":"watchfiles.main","msg":"2 changes detected"}
{"time":"2026-08-20T14:53:05","level":"INFO","logger":"watchfiles.main","msg":"3 changes detected"}
{"time":"2026-08-20T14:53:05","level":"INFO","logger":"bess.sync","msg":"sync.push.complete"}
{"time":"2026-08-20T14:53:05","level":"INFO","logger":"watchfiles.main","msg":"4 changes detected"}
{"time":"2026-08-20T14:54:06","level":"INFO","logger":"watchfiles.main","msg":"3 changes detected"}
{"time":"2026-08-20T14:54:06","level":"INFO","logger":"bess.sync","msg":"sync.push.complete"}
{"time":"2026-08-20T14:54:06","level":"INFO","logger":"watchfiles.main","msg":"3 changes detected"}
{"time":"2026-08-20T14:55:07","level":"INFO","logger":"watchfiles.main","msg":"3 changes detected"}
{"time":"2026-08-20T14:55:07","level":"INFO","logger":"bess.sync","msg":"sync.push.complete"}
{"time":"2026-08-20T14:55:07","level":"INFO","logger":"watchfiles.main","msg":"3 changes detected"}
{"time":"2026-08-20T14:56:08","level":"INFO","logger":"watchfiles.main","msg":"3 changes detected"}
{"time":"2026-08-20T14:56:08","level":"INFO","logger":"bess.sync","msg":"sync.push.complete"}
{"time":"2026-08-20T14:56:08","level":"INFO","logger":"watchfiles.main","msg":"4 changes detected"}
{"time":"2026-08-20T14:57:09","level":"INFO","logger":"watchfiles.main","msg":"3 changes detected"}
{"time":"2026-08-20T14:57:09","level":"INFO","logger":"bess.sync","msg":"sync.push.complete"}
{"time":"2026-08-20T14:57:09","level":"INFO","logger":"watchfiles.main","msg":"4 changes detected"}
{"time":"2026-08-20T14:58:09","level":"INFO","logger":"watchfiles.main","msg":"3 changes detected"}
{"time":"2026-08-20T14:58:09","level":"INFO","logger":"bess.sync","msg":"sync.push.complete"}
{"time":"2026-08-20T14:58:10","level":"INFO","logger":"watchfiles.main","msg":"4 changes detected"}
{"time":"2026-08-20T14:59:10","level":"INFO","logger":"watchfiles.main","msg":"3 changes detected"}
{"time":"2026-08-20T14:59:10","level":"INFO","logger":"bess.sync","msg":"sync.push.complete"}
{"time":"2026-08-20T14:59:11","level":"INFO","logger":"watchfiles.main","msg":"4 changes detected"}
{"time":"2026-08-20T15:00:11","level":"INFO","logger":"watchfiles.main","msg":"3 changes detected"}
{"time":"2026-08-20T15:00:11","level":"INFO","logger":"bess.sync","msg":"sync.push.complete"}
{"time":"2026-08-20T15:00:12","level":"INFO","logger":"watchfiles.main","msg":"4 changes detected"}
{"time":"2026-08-20T15:00:54","level":"INFO","logger":"watchfiles.main","msg":"1 change detected"}
{"time":"2026-08-20T15:01:12","level":"INFO","logger":"watchfiles.main","msg":"3 changes detected"}
{"time":"2026-08-20T15:01:12","level":"INFO","logger":"bess.sync","msg":"sync.push.complete"}
{"time":"2026-08-20T15:01:12","level":"INFO","logger":"watchfiles.main","msg":"4 changes detected"}
{"time":"2026-08-20T15:02:13","level":"INFO","logger":"watchfiles.main","msg":"3 changes detected"}
{"time":"2026-08-20T15:02:13","level":"INFO","logger":"bess.sync","msg":"sync.push.complete"}
{"time":"2026-08-20T15:02:13","level":"INFO","logger":"watchfiles.main","msg":"4 changes detected"}
{"time":"2026-08-20T15:03:14","level":"INFO","logger":"watchfiles.main","msg":"3 changes detected"}
{"time":"2026-08-20T15:03:14","level":"INFO","logger":"bess.sync","msg":"sync.push.complete"}
{"time":"2026-08-20T15:03:14","level":"INFO","logger":"watchfiles.main","msg":"3 changes detected"}
{"time":"2026-08-20T15:04:15","level":"INFO","logger":"watchfiles.main","msg":"3 changes detected"}
{"time":"2026-08-20T15:04:15","level":"INFO","logger":"bess.sync","msg":"sync.push.complete"}
{"time":"2026-08-20T15:04:15","level":"INFO","logger":"watchfiles.main","msg":"4 changes detected"}
{"time":"2026-08-20T15:05:15","level":"INFO","logger":"watchfiles.main","msg":"3 changes detected"}
{"time":"2026-08-20T15:05:15","level":"INFO","logger":"bess.sync","msg":"sync.push.complete"}
{"time":"2026-08-20T15:05:16","level":"INFO","logger":"watchfiles.main","msg":"3 changes detected"}
{"time":"2026-08-20T15:06:16","level":"INFO","logger":"bess.sync","msg":"sync.push.complete"}
{"time":"2026-08-20T15:06:16","level":"INFO","logger":"watchfiles.main","msg":"3 changes detected"}
{"time":"2026-08-20T15:07:17","level":"INFO","logger":"watchfiles.main","msg":"3 changes detected"}
{"time":"2026-08-20T15:07:17","level":"INFO","logger":"bess.sync","msg":"sync.push.complete"}
{"time":"2026-08-20T15:07:18","level":"INFO","logger":"watchfiles.main","msg":"2 changes detected"}
{"time":"2026-08-20T15:08:18","level":"INFO","logger":"watchfiles.main","msg":"3 changes detected"}
{"time":"2026-08-20T15:08:18","level":"INFO","logger":"bess.sync","msg":"sync.push.complete"}
{"time":"2026-08-20T15:08:18","level":"INFO","logger":"watchfiles.main","msg":"3 changes detected"}
{"time":"2026-08-20T15:09:19","level":"INFO","logger":"watchfiles.main","msg":"3 changes detected"}
{"time":"2026-08-20T15:09:19","level":"INFO","logger":"bess.sync","msg":"sync.push.complete"}
{"time":"2026-08-20T15:10:20","level":"INFO","logger":"watchfiles.main","msg":"3 changes detected"}
{"time":"2026-08-20T15:10:20","level":"INFO","logger":"bess.sync","msg":"sync.push.complete"}
{"time":"2026-08-20T15:10:20","level":"INFO","logger":"watchfiles.main","msg":"4 changes detected"}
{"time":"2026-08-20T15:11:20","level":"INFO","logger":"watchfiles.main","msg":"3 changes detected"}
{"time":"2026-08-20T15:11:20","level":"INFO","logger":"bess.sync","msg":"sync.push.complete"}
{"time":"2026-08-20T15:11:21","level":"INFO","logger":"watchfiles.main","msg":"2 changes detected"}
{"time":"2026-08-20T15:12:21","level":"INFO","logger":"watchfiles.main","msg":"3 changes detected"}
{"time":"2026-08-20T15:12:21","level":"INFO","logger":"bess.sync","msg":"sync.push.complete"}
{"time":"2026-08-20T15:12:22","level":"INFO","logger":"watchfiles.main","msg":"4 changes detected"}
{"time":"2026-08-20T15:13:22","level":"INFO","logger":"watchfiles.main","msg":"3 changes detected"}
{"time":"2026-08-20T15:13:22","level":"INFO","logger":"bess.sync","msg":"sync.push.complete"}
{"time":"2026-08-20T15:13:22","level":"INFO","logger":"watchfiles.main","msg":"4 changes detected"}
{"time":"2026-08-20T15:14:23","level":"INFO","logger":"watchfiles.main","msg":"3 changes detected"}
{"time":"2026-08-20T15:14:23","level":"INFO","logger":"bess.sync","msg":"sync.push.complete"}
{"time":"2026-08-20T15:14:23","level":"INFO","logger":"watchfiles.main","msg":"3 changes detected"}
{"time":"2026-08-20T15:15:23","level":"INFO","logger":"watchfiles.main","msg":"3 changes detected"}
{"time":"2026-08-20T15:15:23","level":"INFO","logger":"bess.sync","msg":"sync.push.complete"}
{"time":"2026-08-20T15:15:24","level":"INFO","logger":"watchfiles.main","msg":"4 changes detected"}
{"time":"2026-08-20T15:16:24","level":"INFO","logger":"watchfiles.main","msg":"3 changes detected"}
{"time":"2026-08-20T15:16:24","level":"INFO","logger":"bess.sync","msg":"sync.push.complete"}
{"time":"2026-08-20T15:16:25","level":"INFO","logger":"watchfiles.main","msg":"4 changes detected"}
{"time":"2026-08-20T15:17:25","level":"INFO","logger":"bess.sync","msg":"sync.push.complete"}
{"time":"2026-08-20T15:17:25","level":"INFO","logger":"watchfiles.main","msg":"3 changes detected"}
{"time":"2026-08-20T15:18:25","level":"INFO","logger":"watchfiles.main","msg":"3 changes detected"}
{"time":"2026-08-20T15:18:26","level":"INFO","logger":"bess.sync","msg":"sync.push.complete"}
{"time":"2026-08-20T15:18:26","level":"INFO","logger":"watchfiles.main","msg":"3 changes detected"}
{"time":"2026-08-20T15:19:26","level":"INFO","logger":"watchfiles.main","msg":"3 changes detected"}
{"time":"2026-08-20T15:19:26","level":"INFO","logger":"bess.sync","msg":"sync.push.complete"}
{"time":"2026-08-20T15:19:26","level":"INFO","logger":"watchfiles.main","msg":"3 changes detected"}
{"time":"2026-08-20T15:20:27","level":"INFO","logger":"bess.sync","msg":"sync.push.complete"}
{"time":"2026-08-20T15:20:27","level":"INFO","logger":"watchfiles.main","msg":"3 changes detected"}
{"time":"2026-08-20T15:21:27","level":"INFO","logger":"watchfiles.main","msg":"3 changes detected"}
{"time":"2026-08-20T15:21:27","level":"INFO","logger":"bess.sync","msg":"sync.push.complete"}
{"time":"2026-08-20T15:22:28","level":"INFO","logger":"watchfiles.main","msg":"3 changes detected"}
{"time":"2026-08-20T15:22:28","level":"INFO","logger":"bess.sync","msg":"sync.push.complete"}
{"time":"2026-08-20T15:22:28","level":"INFO","logger":"watchfiles.main","msg":"3 changes detected"}
{"time":"2026-08-20T15:23:29","level":"INFO","logger":"watchfiles.main","msg":"3 changes detected"}
{"time":"2026-08-20T15:23:29","level":"INFO","logger":"bess.sync","msg":"sync.push.complete"}
{"time":"2026-08-20T15:23:29","level":"INFO","logger":"watchfiles.main","msg":"3 changes detected"}
{"time":"2026-08-20T15:24:29","level":"INFO","logger":"watchfiles.main","msg":"3 changes detected"}
{"time":"2026-08-20T15:24:29","level":"INFO","logger":"bess.sync","msg":"sync.push.complete"}
{"time":"2026-08-20T15:24:30","level":"INFO","logger":"watchfiles.main","msg":"3 changes detected"}
{"time":"2026-08-20T15:25:30","level":"INFO","logger":"bess.sync","msg":"sync.push.complete"}
{"time":"2026-08-20T15:25:30","level":"INFO","logger":"watchfiles.main","msg":"3 changes detected"}
{"time":"2026-08-20T15:26:31","level":"INFO","logger":"watchfiles.main","msg":"3 changes detected"}
{"time":"2026-08-20T15:26:31","level":"INFO","logger":"bess.sync","msg":"sync.push.complete"}
{"time":"2026-08-20T15:26:31","level":"INFO","logger":"watchfiles.main","msg":"2 changes detected"}
{"time":"2026-08-20T15:27:32","level":"INFO","logger":"watchfiles.main","msg":"3 changes detected"}
{"time":"2026-08-20T15:27:32","level":"INFO","logger":"bess.sync","msg":"sync.push.complete"}
{"time":"2026-08-20T15:27:32","level":"INFO","logger":"watchfiles.main","msg":"4 changes detected"}
{"time":"2026-08-20T15:28:32","level":"INFO","logger":"bess.sync","msg":"sync.push.complete"}
{"time":"2026-08-20T15:28:32","level":"INFO","logger":"watchfiles.main","msg":"3 changes detected"}
{"time":"2026-08-20T15:29:33","level":"INFO","logger":"watchfiles.main","msg":"3 changes detected"}
{"time":"2026-08-20T15:29:33","level":"INFO","logger":"bess.sync","msg":"sync.push.complete"}
{"time":"2026-08-20T15:29:33","level":"INFO","logger":"watchfiles.main","msg":"4 changes detected"}
{"time":"2026-08-20T15:30:34","level":"INFO","logger":"watchfiles.main","msg":"3 changes detected"}
{"time":"2026-08-20T15:30:34","level":"INFO","logger":"bess.sync","msg":"sync.push.complete"}
{"time":"2026-08-20T15:30:34","level":"INFO","logger":"watchfiles.main","msg":"3 changes detected"}
{"time":"2026-08-20T15:30:53","level":"INFO","logger":"watchfiles.main","msg":"1 change detected"}
{"time":"2026-08-20T15:31:34","level":"INFO","logger":"watchfiles.main","msg":"3 changes detected"}
{"time":"2026-08-20T15:31:34","level":"INFO","logger":"bess.sync","msg":"sync.push.complete"}
{"time":"2026-08-20T15:31:35","level":"INFO","logger":"watchfiles.main","msg":"4 changes detected"}
{"time":"2026-08-20T15:32:35","level":"INFO","logger":"watchfiles.main","msg":"3 changes detected"}
{"time":"2026-08-20T15:32:35","level":"INFO","logger":"bess.sync","msg":"sync.push.complete"}
{"time":"2026-08-20T15:32:35","level":"INFO","logger":"watchfiles.main","msg":"4 changes detected"}
{"time":"2026-08-20T15:33:36","level":"INFO","logger":"watchfiles.main","msg":"3 changes detected"}
{"time":"2026-08-20T15:33:36","level":"INFO","logger":"bess.sync","msg":"sync.push.complete"}
{"time":"2026-08-20T15:33:36","level":"INFO","logger":"watchfiles.main","msg":"4 changes detected"}
{"time":"2026-08-20T15:34:36","level":"INFO","logger":"watchfiles.main","msg":"3 changes detected"}
{"time":"2026-08-20T15:34:37","level":"INFO","logger":"bess.sync","msg":"sync.push.complete"}
{"time":"2026-08-20T15:34:37","level":"INFO","logger":"watchfiles.main","msg":"3 changes detected"}
{"time":"2026-08-20T15:35:37","level":"INFO","logger":"watchfiles.main","msg":"3 changes detected"}
{"time":"2026-08-20T15:35:37","level":"INFO","logger":"bess.sync","msg":"sync.push.complete"}
{"time":"2026-08-20T15:35:38","level":"INFO","logger":"watchfiles.main","msg":"3 changes detected"}
{"time":"2026-08-20T15:36:38","level":"INFO","logger":"watchfiles.main","msg":"3 changes detected"}
{"time":"2026-08-20T15:36:38","level":"INFO","logger":"bess.sync","msg":"sync.push.complete"}
{"time":"2026-08-20T15:36:38","level":"INFO","logger":"watchfiles.main","msg":"3 changes detected"}
{"time":"2026-08-20T15:37:39","level":"INFO","logger":"watchfiles.main","msg":"3 changes detected"}
{"time":"2026-08-20T15:37:39","level":"INFO","logger":"bess.sync","msg":"sync.push.complete"}
{"time":"2026-08-20T15:37:39","level":"INFO","logger":"watchfiles.main","msg":"3 changes detected"}
{"time":"2026-08-20T15:38:40","level":"INFO","logger":"watchfiles.main","msg":"3 changes detected"}
{"time":"2026-08-20T15:38:40","level":"INFO","logger":"bess.sync","msg":"sync.push.complete"}
{"time":"2026-08-20T15:38:40","level":"INFO","logger":"watchfiles.main","msg":"3 changes detected"}
{"time":"2026-08-20T15:39:40","level":"INFO","logger":"bess.sync","msg":"sync.push.complete"}
{"time":"2026-08-20T15:39:40","level":"INFO","logger":"watchfiles.main","msg":"3 changes detected"}
{"time":"2026-08-20T15:40:41","level":"INFO","logger":"watchfiles.main","msg":"3 changes detected"}
{"time":"2026-08-20T15:40:41","level":"INFO","logger":"bess.sync","msg":"sync.push.complete"}
{"time":"2026-08-20T15:40:41","level":"INFO","logger":"watchfiles.main","msg":"3 changes detected"}
{"time":"2026-08-20T15:41:42","level":"INFO","logger":"watchfiles.main","msg":"3 changes detected"}
{"time":"2026-08-20T15:41:42","level":"INFO","logger":"bess.sync","msg":"sync.push.complete"}
{"time":"2026-08-20T15:41:42","level":"INFO","logger":"watchfiles.main","msg":"3 changes detected"}
{"time":"2026-08-20T15:42:42","level":"INFO","logger":"watchfiles.main","msg":"3 changes detected"}
{"time":"2026-08-20T15:42:42","level":"INFO","logger":"bess.sync","msg":"sync.push.complete"}
{"time":"2026-08-20T15:42:43","level":"INFO","logger":"watchfiles.main","msg":"3 changes detected"}
{"time":"2026-08-20T15:43:43","level":"INFO","logger":"watchfiles.main","msg":"3 changes detected"}
{"time":"2026-08-20T15:43:43","level":"INFO","logger":"bess.sync","msg":"sync.push.complete"}
{"time":"2026-08-20T15:43:43","level":"INFO","logger":"watchfiles.main","msg":"3 changes detected"}
{"time":"2026-08-20T15:44:44","level":"INFO","logger":"watchfiles.main","msg":"3 changes detected"}
{"time":"2026-08-20T15:44:44","level":"INFO","logger":"bess.sync","msg":"sync.push.complete"}
{"time":"2026-08-20T15:44:45","level":"INFO","logger":"watchfiles.main","msg":"3 changes detected"}
{"time":"2026-08-20T15:45:45","level":"INFO","logger":"watchfiles.main","msg":"3 changes detected"}
{"time":"2026-08-20T15:45:45","level":"INFO","logger":"bess.sync","msg":"sync.push.complete"}
{"time":"2026-08-20T15:45:45","level":"INFO","logger":"watchfiles.main","msg":"3 changes detected"}
{"time":"2026-08-20T15:46:46","level":"INFO","logger":"watchfiles.main","msg":"3 changes detected"}
{"time":"2026-08-20T15:46:46","level":"INFO","logger":"bess.sync","msg":"sync.push.complete"}
{"time":"2026-08-20T15:46:46","level":"INFO","logger":"watchfiles.main","msg":"3 changes detected"}
{"time":"2026-08-20T15:47:47","level":"INFO","logger":"watchfiles.main","msg":"3 changes detected"}
{"time":"2026-08-20T15:47:47","level":"INFO","logger":"bess.sync","msg":"sync.push.complete"}
{"time":"2026-08-20T15:47:47","level":"INFO","logger":"watchfiles.main","msg":"3 changes detected"}
{"time":"2026-08-20T15:48:48","level":"INFO","logger":"watchfiles.main","msg":"3 changes detected"}
{"time":"2026-08-20T15:48:48","level":"INFO","logger":"bess.sync","msg":"sync.push.complete"}
{"time":"2026-08-20T15:48:48","level":"INFO","logger":"watchfiles.main","msg":"3 changes detected"}
{"time":"2026-08-20T15:49:48","level":"INFO","logger":"watchfiles.main","msg":"3 changes detected"}
{"time":"2026-08-20T15:49:48","level":"INFO","logger":"bess.sync","msg":"sync.push.complete"}
{"time":"2026-08-20T15:49:49","level":"INFO","logger":"watchfiles.main","msg":"3 changes detected"}
{"time":"2026-08-20T15:50:49","level":"INFO","logger":"watchfiles.main","msg":"3 changes detected"}
{"time":"2026-08-20T15:50:49","level":"INFO","logger":"bess.sync","msg":"sync.push.complete"}
{"time":"2026-08-20T15:50:49","level":"INFO","logger":"watchfiles.main","msg":"3 changes detected"}
{"time":"2026-08-20T15:51:50","level":"INFO","logger":"watchfiles.main","msg":"3 changes detected"}
{"time":"2026-08-20T15:51:50","level":"INFO","logger":"bess.sync","msg":"sync.push.complete"}
{"time":"2026-08-20T15:51:50","level":"INFO","logger":"watchfiles.main","msg":"3 changes detected"}
{"time":"2026-08-20T15:52:51","level":"INFO","logger":"watchfiles.main","msg":"3 changes detected"}
{"time":"2026-08-20T15:52:51","level":"INFO","logger":"bess.sync","msg":"sync.push.complete"}
{"time":"2026-08-20T15:52:51","level":"INFO","logger":"watchfiles.main","msg":"3 changes detected"}
{"time":"2026-08-20T15:53:52","level":"INFO","logger":"watchfiles.main","msg":"3 changes detected"}
{"time":"2026-08-20T15:53:52","level":"INFO","logger":"bess.sync","msg":"sync.push.complete"}
{"time":"2026-08-20T15:53:52","level":"INFO","logger":"watchfiles.main","msg":"3 changes detected"}
{"time":"2026-08-20T15:54:52","level":"INFO","logger":"watchfiles.main","msg":"3 changes detected"}
{"time":"2026-08-20T15:54:52","level":"INFO","logger":"bess.sync","msg":"sync.push.complete"}
{"time":"2026-08-20T15:54:53","level":"INFO","logger":"watchfiles.main","msg":"3 changes detected"}
{"time":"2026-08-20T15:55:53","level":"INFO","logger":"watchfiles.main","msg":"3 changes detected"}
{"time":"2026-08-20T15:55:53","level":"INFO","logger":"bess.sync","msg":"sync.push.complete"}
{"time":"2026-08-20T15:55:53","level":"INFO","logger":"watchfiles.main","msg":"3 changes detected"}
{"time":"2026-08-20T15:56:54","level":"INFO","logger":"watchfiles.main","msg":"3 changes detected"}
{"time":"2026-08-20T15:56:54","level":"INFO","logger":"bess.sync","msg":"sync.push.complete"}
{"time":"2026-08-20T15:56:54","level":"INFO","logger":"watchfiles.main","msg":"4 changes detected"}
{"time":"2026-08-20T15:57:55","level":"INFO","logger":"watchfiles.main","msg":"3 changes detected"}
{"time":"2026-08-20T15:57:55","level":"INFO","logger":"bess.sync","msg":"sync.push.complete"}
{"time":"2026-08-20T15:57:55","level":"INFO","logger":"watchfiles.main","msg":"4 changes detected"}
{"time":"2026-08-20T15:58:55","level":"INFO","logger":"watchfiles.main","msg":"3 changes detected"}
{"time":"2026-08-20T15:58:55","level":"INFO","logger":"bess.sync","msg":"sync.push.complete"}
{"time":"2026-08-20T15:58:56","level":"INFO","logger":"watchfiles.main","msg":"4 changes detected"}
{"time":"2026-08-20T15:59:56","level":"INFO","logger":"watchfiles.main","msg":"3 changes detected"}
{"time":"2026-08-20T15:59:56","level":"INFO","logger":"bess.sync","msg":"sync.push.complete"}
{"time":"2026-08-20T15:59:56","level":"INFO","logger":"watchfiles.main","msg":"3 changes detected"}
{"time":"2026-08-20T16:00:54","level":"INFO","logger":"watchfiles.main","msg":"1 change detected"}
{"time":"2026-08-20T16:00:57","level":"INFO","logger":"watchfiles.main","msg":"3 changes detected"}
{"time":"2026-08-20T16:00:57","level":"INFO","logger":"bess.sync","msg":"sync.push.complete"}
{"time":"2026-08-20T16:00:57","level":"INFO","logger":"watchfiles.main","msg":"4 changes detected"}
{"time":"2026-08-20T16:01:57","level":"INFO","logger":"watchfiles.main","msg":"3 changes detected"}
{"time":"2026-08-20T16:01:57","level":"INFO","logger":"bess.sync","msg":"sync.push.complete"}
{"time":"2026-08-20T16:01:58","level":"INFO","logger":"watchfiles.main","msg":"3 changes detected"}
{"time":"2026-08-20T16:02:58","level":"INFO","logger":"watchfiles.main","msg":"3 changes detected"}
{"time":"2026-08-20T16:02:58","level":"INFO","logger":"bess.sync","msg":"sync.push.complete"}
{"time":"2026-08-20T16:02:58","level":"INFO","logger":"watchfiles.main","msg":"3 changes detected"}
{"time":"2026-08-20T16:03:59","level":"INFO","logger":"watchfiles.main","msg":"3 changes detected"}
{"time":"2026-08-20T16:03:59","level":"INFO","logger":"bess.sync","msg":"sync.push.complete"}
{"time":"2026-08-20T16:03:59","level":"INFO","logger":"watchfiles.main","msg":"3 changes detected"}
{"time":"2026-08-20T16:05:00","level":"INFO","logger":"watchfiles.main","msg":"3 changes detected"}
{"time":"2026-08-20T16:05:00","level":"INFO","logger":"bess.sync","msg":"sync.push.complete"}
{"time":"2026-08-20T16:05:00","level":"INFO","logger":"watchfiles.main","msg":"3 changes detected"}
{"time":"2026-08-20T16:06:00","level":"INFO","logger":"watchfiles.main","msg":"3 changes detected"}
{"time":"2026-08-20T16:06:00","level":"INFO","logger":"bess.sync","msg":"sync.push.complete"}
{"time":"2026-08-20T16:06:01","level":"INFO","logger":"watchfiles.main","msg":"3 changes detected"}
{"time":"2026-08-20T16:07:01","level":"INFO","logger":"watchfiles.main","msg":"3 changes detected"}
{"time":"2026-08-20T16:07:01","level":"INFO","logger":"bess.sync","msg":"sync.push.complete"}
{"time":"2026-08-20T16:07:01","level":"INFO","logger":"watchfiles.main","msg":"3 changes detected"}
{"time":"2026-08-20T16:08:02","level":"INFO","logger":"watchfiles.main","msg":"3 changes detected"}
{"time":"2026-08-20T16:08:02","level":"INFO","logger":"bess.sync","msg":"sync.push.complete"}
{"time":"2026-08-20T16:08:02","level":"INFO","logger":"watchfiles.main","msg":"4 changes detected"}
{"time":"2026-08-20T16:09:02","level":"INFO","logger":"watchfiles.main","msg":"3 changes detected"}
{"time":"2026-08-20T16:09:02","level":"INFO","logger":"bess.sync","msg":"sync.push.complete"}
{"time":"2026-08-20T16:09:03","level":"INFO","logger":"watchfiles.main","msg":"3 changes detected"}
{"time":"2026-08-20T16:10:03","level":"INFO","logger":"watchfiles.main","msg":"3 changes detected"}
{"time":"2026-08-20T16:10:03","level":"INFO","logger":"bess.sync","msg":"sync.push.complete"}
{"time":"2026-08-20T16:10:03","level":"INFO","logger":"watchfiles.main","msg":"4 changes detected"}
{"time":"2026-08-20T16:11:03","level":"INFO","logger":"watchfiles.main","msg":"3 changes detected"}
{"time":"2026-08-20T16:11:04","level":"INFO","logger":"bess.sync","msg":"sync.push.complete"}
{"time":"2026-08-20T16:11:04","level":"INFO","logger":"watchfiles.main","msg":"4 changes detected"}
{"time":"2026-08-20T16:12:04","level":"INFO","logger":"watchfiles.main","msg":"3 changes detected"}
{"time":"2026-08-20T16:12:04","level":"INFO","logger":"bess.sync","msg":"sync.push.complete"}
{"time":"2026-08-20T16:12:05","level":"INFO","logger":"watchfiles.main","msg":"3 changes detected"}
{"time":"2026-08-20T16:13:05","level":"INFO","logger":"watchfiles.main","msg":"3 changes detected"}
{"time":"2026-08-20T16:13:05","level":"INFO","logger":"bess.sync","msg":"sync.push.complete"}
{"time":"2026-08-20T16:13:05","level":"INFO","logger":"watchfiles.main","msg":"3 changes detected"}
{"time":"2026-08-20T16:14:06","level":"INFO","logger":"watchfiles.main","msg":"3 changes detected"}
{"time":"2026-08-20T16:14:06","level":"INFO","logger":"bess.sync","msg":"sync.push.complete"}
{"time":"2026-08-20T16:14:06","level":"INFO","logger":"watchfiles.main","msg":"3 changes detected"}
{"time":"2026-08-20T16:15:06","level":"INFO","logger":"watchfiles.main","msg":"3 changes detected"}
{"time":"2026-08-20T16:15:06","level":"INFO","logger":"bess.sync","msg":"sync.push.complete"}
{"time":"2026-08-20T16:15:07","level":"INFO","logger":"watchfiles.main","msg":"4 changes detected"}
{"time":"2026-08-20T16:16:07","level":"INFO","logger":"watchfiles.main","msg":"3 changes detected"}
{"time":"2026-08-20T16:16:07","level":"INFO","logger":"bess.sync","msg":"sync.push.complete"}
{"time":"2026-08-20T16:16:07","level":"INFO","logger":"watchfiles.main","msg":"3 changes detected"}
{"time":"2026-08-20T16:17:08","level":"INFO","logger":"watchfiles.main","msg":"3 changes detected"}
{"time":"2026-08-20T16:17:08","level":"INFO","logger":"bess.sync","msg":"sync.push.complete"}
{"time":"2026-08-20T16:17:08","level":"INFO","logger":"watchfiles.main","msg":"3 changes detected"}
{"time":"2026-08-20T16:18:08","level":"INFO","logger":"watchfiles.main","msg":"3 changes detected"}
{"time":"2026-08-20T16:18:08","level":"INFO","logger":"bess.sync","msg":"sync.push.complete"}
{"time":"2026-08-20T16:18:09","level":"INFO","logger":"watchfiles.main","msg":"3 changes detected"}
{"time":"2026-08-20T16:19:09","level":"INFO","logger":"watchfiles.main","msg":"3 changes detected"}
{"time":"2026-08-20T16:19:09","level":"INFO","logger":"bess.sync","msg":"sync.push.complete"}
{"time":"2026-08-20T16:19:09","level":"INFO","logger":"watchfiles.main","msg":"3 changes detected"}
{"time":"2026-08-20T16:20:10","level":"INFO","logger":"watchfiles.main","msg":"3 changes detected"}
{"time":"2026-08-20T16:20:10","level":"INFO","logger":"bess.sync","msg":"sync.push.complete"}
{"time":"2026-08-20T16:20:10","level":"INFO","logger":"watchfiles.main","msg":"4 changes detected"}
{"time":"2026-08-20T16:21:11","level":"INFO","logger":"watchfiles.main","msg":"3 changes detected"}
{"time":"2026-08-20T16:21:11","level":"INFO","logger":"bess.sync","msg":"sync.push.complete"}
{"time":"2026-08-20T16:21:11","level":"INFO","logger":"watchfiles.main","msg":"3 changes detected"}
{"time":"2026-08-20T16:22:11","level":"INFO","logger":"watchfiles.main","msg":"3 changes detected"}
{"time":"2026-08-20T16:22:11","level":"INFO","logger":"bess.sync","msg":"sync.push.complete"}
{"time":"2026-08-20T16:22:12","level":"INFO","logger":"watchfiles.main","msg":"3 changes detected"}
{"time":"2026-08-20T16:23:12","level":"INFO","logger":"watchfiles.main","msg":"3 changes detected"}
{"time":"2026-08-20T16:23:12","level":"INFO","logger":"bess.sync","msg":"sync.push.complete"}
{"time":"2026-08-20T16:23:12","level":"INFO","logger":"watchfiles.main","msg":"3 changes detected"}
{"time":"2026-08-20T16:24:13","level":"INFO","logger":"watchfiles.main","msg":"3 changes detected"}
{"time":"2026-08-20T16:24:13","level":"INFO","logger":"bess.sync","msg":"sync.push.complete"}
{"time":"2026-08-20T16:24:13","level":"INFO","logger":"watchfiles.main","msg":"3 changes detected"}
{"time":"2026-08-20T16:25:14","level":"INFO","logger":"watchfiles.main","msg":"3 changes detected"}
{"time":"2026-08-20T16:25:14","level":"INFO","logger":"bess.sync","msg":"sync.push.complete"}
{"time":"2026-08-20T16:25:14","level":"INFO","logger":"watchfiles.main","msg":"3 changes detected"}
{"time":"2026-08-20T16:26:14","level":"INFO","logger":"watchfiles.main","msg":"3 changes detected"}
{"time":"2026-08-20T16:26:14","level":"INFO","logger":"bess.sync","msg":"sync.push.complete"}
{"time":"2026-08-20T16:26:15","level":"INFO","logger":"watchfiles.main","msg":"3 changes detected"}
{"time":"2026-08-20T16:27:15","level":"INFO","logger":"watchfiles.main","msg":"3 changes detected"}
{"time":"2026-08-20T16:27:15","level":"INFO","logger":"bess.sync","msg":"sync.push.complete"}
{"time":"2026-08-20T16:27:15","level":"INFO","logger":"watchfiles.main","msg":"3 changes detected"}
{"time":"2026-08-20T16:28:16","level":"INFO","logger":"watchfiles.main","msg":"3 changes detected"}
{"time":"2026-08-20T16:28:16","level":"INFO","logger":"bess.sync","msg":"sync.push.complete"}
{"time":"2026-08-20T16:28:16","level":"INFO","logger":"watchfiles.main","msg":"4 changes detected"}
{"time":"2026-08-20T16:29:17","level":"INFO","logger":"watchfiles.main","msg":"3 changes detected"}
{"time":"2026-08-20T16:29:17","level":"INFO","logger":"bess.sync","msg":"sync.push.complete"}
{"time":"2026-08-20T16:29:17","level":"INFO","logger":"watchfiles.main","msg":"3 changes detected"}
{"time":"2026-08-20T16:30:17","level":"INFO","logger":"watchfiles.main","msg":"3 changes detected"}
{"time":"2026-08-20T16:30:17","level":"INFO","logger":"bess.sync","msg":"sync.push.complete"}
{"time":"2026-08-20T16:30:18","level":"INFO","logger":"watchfiles.main","msg":"4 changes detected"}
{"time":"2026-08-20T16:30:54","level":"INFO","logger":"watchfiles.main","msg":"1 change detected"}
{"time":"2026-08-20T16:31:18","level":"INFO","logger":"watchfiles.main","msg":"3 changes detected"}
{"time":"2026-08-20T16:31:18","level":"INFO","logger":"bess.sync","msg":"sync.push.complete"}
{"time":"2026-08-20T16:31:18","level":"INFO","logger":"watchfiles.main","msg":"3 changes detected"}
{"time":"2026-08-20T16:32:19","level":"INFO","logger":"bess.sync","msg":"sync.push.complete"}
{"time":"2026-08-20T16:32:19","level":"INFO","logger":"watchfiles.main","msg":"3 changes detected"}
{"time":"2026-08-20T16:33:19","level":"INFO","logger":"watchfiles.main","msg":"3 changes detected"}
{"time":"2026-08-20T16:33:20","level":"INFO","logger":"bess.sync","msg":"sync.push.complete"}
{"time":"2026-08-20T16:33:20","level":"INFO","logger":"watchfiles.main","msg":"3 changes detected"}
{"time":"2026-08-20T16:34:20","level":"INFO","logger":"watchfiles.main","msg":"3 changes detected"}
{"time":"2026-08-20T16:34:20","level":"INFO","logger":"bess.sync","msg":"sync.push.complete"}
{"time":"2026-08-20T16:34:21","level":"INFO","logger":"watchfiles.main","msg":"3 changes detected"}
{"time":"2026-08-20T16:35:21","level":"INFO","logger":"watchfiles.main","msg":"3 changes detected"}
{"time":"2026-08-20T16:35:21","level":"INFO","logger":"bess.sync","msg":"sync.push.complete"}
{"time":"2026-08-20T16:35:21","level":"INFO","logger":"watchfiles.main","msg":"4 changes detected"}
{"time":"2026-08-20T16:36:22","level":"INFO","logger":"watchfiles.main","msg":"3 changes detected"}
{"time":"2026-08-20T16:36:22","level":"INFO","logger":"bess.sync","msg":"sync.push.complete"}
{"time":"2026-08-20T16:36:22","level":"INFO","logger":"watchfiles.main","msg":"3 changes detected"}
{"time":"2026-08-20T16:37:22","level":"INFO","logger":"watchfiles.main","msg":"3 changes detected"}
{"time":"2026-08-20T16:37:22","level":"INFO","logger":"bess.sync","msg":"sync.push.complete"}
{"time":"2026-08-20T16:37:23","level":"INFO","logger":"watchfiles.main","msg":"2 changes detected"}
{"time":"2026-08-20T16:38:23","level":"INFO","logger":"watchfiles.main","msg":"3 changes detected"}
{"time":"2026-08-20T16:38:23","level":"INFO","logger":"bess.sync","msg":"sync.push.complete"}
{"time":"2026-08-20T16:38:23","level":"INFO","logger":"watchfiles.main","msg":"4 changes detected"}
{"time":"2026-08-20T16:39:24","level":"INFO","logger":"watchfiles.main","msg":"3 changes detected"}
{"time":"2026-08-20T16:39:24","level":"INFO","logger":"bess.sync","msg":"sync.push.complete"}
{"time":"2026-08-20T16:39:24","level":"INFO","logger":"watchfiles.main","msg":"3 changes detected"}
{"time":"2026-08-20T16:40:24","level":"INFO","logger":"watchfiles.main","msg":"3 changes detected"}
{"time":"2026-08-20T16:40:24","level":"INFO","logger":"bess.sync","msg":"sync.push.complete"}
{"time":"2026-08-20T16:40:25","level":"INFO","logger":"watchfiles.main","msg":"4 changes detected"}
{"time":"2026-08-20T16:41:25","level":"INFO","logger":"watchfiles.main","msg":"3 changes detected"}
{"time":"2026-08-20T16:41:25","level":"INFO","logger":"bess.sync","msg":"sync.push.complete"}
{"time":"2026-08-20T16:41:25","level":"INFO","logger":"watchfiles.main","msg":"3 changes detected"}
{"time":"2026-08-20T16:42:26","level":"INFO","logger":"watchfiles.main","msg":"3 changes detected"}
{"time":"2026-08-20T16:42:26","level":"INFO","logger":"bess.sync","msg":"sync.push.complete"}
{"time":"2026-08-20T16:42:26","level":"INFO","logger":"watchfiles.main","msg":"3 changes detected"}
{"time":"2026-08-20T16:43:27","level":"INFO","logger":"watchfiles.main","msg":"3 changes detected"}
{"time":"2026-08-20T16:43:27","level":"INFO","logger":"bess.sync","msg":"sync.push.complete"}
{"time":"2026-08-20T16:43:27","level":"INFO","logger":"watchfiles.main","msg":"4 changes detected"}
{"time":"2026-08-20T16:44:27","level":"INFO","logger":"watchfiles.main","msg":"3 changes detected"}
{"time":"2026-08-20T16:44:27","level":"INFO","logger":"bess.sync","msg":"sync.push.complete"}
{"time":"2026-08-20T16:44:28","level":"INFO","logger":"watchfiles.main","msg":"3 changes detected"}
{"time":"2026-08-20T16:45:28","level":"INFO","logger":"watchfiles.main","msg":"3 changes detected"}
{"time":"2026-08-20T16:45:28","level":"INFO","logger":"bess.sync","msg":"sync.push.complete"}
{"time":"2026-08-20T16:45:28","level":"INFO","logger":"watchfiles.main","msg":"3 changes detected"}
{"time":"2026-08-20T16:46:29","level":"INFO","logger":"watchfiles.main","msg":"3 changes detected"}
{"time":"2026-08-20T16:46:29","level":"INFO","logger":"bess.sync","msg":"sync.push.complete"}
{"time":"2026-08-20T16:46:29","level":"INFO","logger":"watchfiles.main","msg":"4 changes detected"}
{"time":"2026-08-20T16:47:29","level":"INFO","logger":"watchfiles.main","msg":"3 changes detected"}
{"time":"2026-08-20T16:47:29","level":"INFO","logger":"bess.sync","msg":"sync.push.complete"}
{"time":"2026-08-20T16:47:30","level":"INFO","logger":"watchfiles.main","msg":"4 changes detected"}
{"time":"2026-08-20T16:48:30","level":"INFO","logger":"watchfiles.main","msg":"3 changes detected"}
{"time":"2026-08-20T16:48:30","level":"INFO","logger":"bess.sync","msg":"sync.push.complete"}
{"time":"2026-08-20T16:48:30","level":"INFO","logger":"watchfiles.main","msg":"4 changes detected"}
{"time":"2026-08-20T16:49:31","level":"INFO","logger":"watchfiles.main","msg":"3 changes detected"}
{"time":"2026-08-20T16:49:31","level":"INFO","logger":"bess.sync","msg":"sync.push.complete"}
{"time":"2026-08-20T16:49:31","level":"INFO","logger":"watchfiles.main","msg":"4 changes detected"}
{"time":"2026-08-20T16:50:31","level":"INFO","logger":"watchfiles.main","msg":"3 changes detected"}
{"time":"2026-08-20T16:50:32","level":"INFO","logger":"bess.sync","msg":"sync.push.complete"}
{"time":"2026-08-20T16:50:32","level":"INFO","logger":"watchfiles.main","msg":"3 changes detected"}
{"time":"2026-08-20T16:51:32","level":"INFO","logger":"watchfiles.main","msg":"3 changes detected"}
{"time":"2026-08-20T16:51:32","level":"INFO","logger":"bess.sync","msg":"sync.push.complete"}
{"time":"2026-08-20T16:51:33","level":"INFO","logger":"watchfiles.main","msg":"4 changes detected"}
{"time":"2026-08-20T16:52:33","level":"INFO","logger":"watchfiles.main","msg":"3 changes detected"}
{"time":"2026-08-20T16:52:33","level":"INFO","logger":"bess.sync","msg":"sync.push.complete"}
{"time":"2026-08-20T16:52:33","level":"INFO","logger":"watchfiles.main","msg":"3 changes detected"}
{"time":"2026-08-20T16:53:34","level":"INFO","logger":"watchfiles.main","msg":"3 changes detected"}
{"time":"2026-08-20T16:53:34","level":"INFO","logger":"bess.sync","msg":"sync.push.complete"}
{"time":"2026-08-20T16:53:34","level":"INFO","logger":"watchfiles.main","msg":"4 changes detected"}
{"time":"2026-08-20T16:54:34","level":"INFO","logger":"watchfiles.main","msg":"3 changes detected"}
{"time":"2026-08-20T16:54:34","level":"INFO","logger":"bess.sync","msg":"sync.push.complete"}
{"time":"2026-08-20T16:54:35","level":"INFO","logger":"watchfiles.main","msg":"4 changes detected"}
{"time":"2026-08-20T16:55:35","level":"INFO","logger":"watchfiles.main","msg":"3 changes detected"}
{"time":"2026-08-20T16:55:35","level":"INFO","logger":"bess.sync","msg":"sync.push.complete"}
{"time":"2026-08-20T16:55:35","level":"INFO","logger":"watchfiles.main","msg":"3 changes detected"}
{"time":"2026-08-20T16:56:36","level":"INFO","logger":"watchfiles.main","msg":"3 changes detected"}
{"time":"2026-08-20T16:56:36","level":"INFO","logger":"bess.sync","msg":"sync.push.complete"}
{"time":"2026-08-20T16:56:36","level":"INFO","logger":"watchfiles.main","msg":"3 changes detected"}
{"time":"2026-08-20T16:57:36","level":"INFO","logger":"watchfiles.main","msg":"3 changes detected"}
{"time":"2026-08-20T16:57:36","level":"INFO","logger":"bess.sync","msg":"sync.push.complete"}
{"time":"2026-08-20T16:57:37","level":"INFO","logger":"watchfiles.main","msg":"4 changes detected"}
{"time":"2026-08-20T16:58:37","level":"INFO","logger":"watchfiles.main","msg":"3 changes detected"}
{"time":"2026-08-20T16:58:37","level":"INFO","logger":"bess.sync","msg":"sync.push.complete"}
{"time":"2026-08-20T16:58:37","level":"INFO","logger":"watchfiles.main","msg":"3 changes detected"}
{"time":"2026-08-20T16:59:38","level":"INFO","logger":"watchfiles.main","msg":"3 changes detected"}
{"time":"2026-08-20T16:59:38","level":"INFO","logger":"bess.sync","msg":"sync.push.complete"}
{"time":"2026-08-20T16:59:38","level":"INFO","logger":"watchfiles.main","msg":"3 changes detected"}
{"time":"2026-08-20T17:00:39","level":"INFO","logger":"watchfiles.main","msg":"3 changes detected"}
{"time":"2026-08-20T17:00:39","level":"INFO","logger":"bess.sync","msg":"sync.push.complete"}
{"time":"2026-08-20T17:00:39","level":"INFO","logger":"watchfiles.main","msg":"4 changes detected"}
{"time":"2026-08-20T17:01:39","level":"INFO","logger":"watchfiles.main","msg":"3 changes detected"}
{"time":"2026-08-20T17:01:39","level":"INFO","logger":"bess.sync","msg":"sync.push.complete"}
{"time":"2026-08-20T17:01:40","level":"INFO","logger":"watchfiles.main","msg":"3 changes detected"}
{"time":"2026-08-20T17:02:40","level":"INFO","logger":"watchfiles.main","msg":"3 changes detected"}
{"time":"2026-08-20T17:02:40","level":"INFO","logger":"bess.sync","msg":"sync.push.complete"}
{"time":"2026-08-20T17:02:40","level":"INFO","logger":"watchfiles.main","msg":"4 changes detected"}
{"time":"2026-08-20T17:03:41","level":"INFO","logger":"watchfiles.main","msg":"3 changes detected"}
{"time":"2026-08-20T17:03:41","level":"INFO","logger":"bess.sync","msg":"sync.push.complete"}
{"time":"2026-08-20T17:03:41","level":"INFO","logger":"watchfiles.main","msg":"3 changes detected"}
{"time":"2026-08-20T17:04:41","level":"INFO","logger":"watchfiles.main","msg":"3 changes detected"}
{"time":"2026-08-20T17:04:42","level":"INFO","logger":"bess.sync","msg":"sync.push.complete"}
{"time":"2026-08-20T17:04:42","level":"INFO","logger":"watchfiles.main","msg":"3 changes detected"}
{"time":"2026-08-20T17:05:42","level":"INFO","logger":"watchfiles.main","msg":"3 changes detected"}
{"time":"2026-08-20T17:05:42","level":"INFO","logger":"bess.sync","msg":"sync.push.complete"}
{"time":"2026-08-20T17:05:43","level":"INFO","logger":"watchfiles.main","msg":"3 changes detected"}
{"time":"2026-08-20T17:06:43","level":"INFO","logger":"watchfiles.main","msg":"3 changes detected"}
{"time":"2026-08-20T17:06:43","level":"INFO","logger":"bess.sync","msg":"sync.push.complete"}
{"time":"2026-08-20T17:06:43","level":"INFO","logger":"watchfiles.main","msg":"3 changes detected"}
{"time":"2026-08-20T17:07:44","level":"INFO","logger":"watchfiles.main","msg":"3 changes detected"}
{"time":"2026-08-20T17:07:44","level":"INFO","logger":"bess.sync","msg":"sync.push.complete"}
{"time":"2026-08-20T17:07:44","level":"INFO","logger":"watchfiles.main","msg":"3 changes detected"}
{"time":"2026-08-20T17:08:45","level":"INFO","logger":"watchfiles.main","msg":"3 changes detected"}
{"time":"2026-08-20T17:08:45","level":"INFO","logger":"bess.sync","msg":"sync.push.complete"}
{"time":"2026-08-20T17:08:45","level":"INFO","logger":"watchfiles.main","msg":"3 changes detected"}
{"time":"2026-08-20T17:09:45","level":"INFO","logger":"watchfiles.main","msg":"3 changes detected"}
{"time":"2026-08-20T17:09:45","level":"INFO","logger":"bess.sync","msg":"sync.push.complete"}
{"time":"2026-08-20T17:09:46","level":"INFO","logger":"watchfiles.main","msg":"4 changes detected"}
{"time":"2026-08-20T17:10:46","level":"INFO","logger":"watchfiles.main","msg":"3 changes detected"}
{"time":"2026-08-20T17:10:46","level":"INFO","logger":"bess.sync","msg":"sync.push.complete"}
{"time":"2026-08-20T17:10:46","level":"INFO","logger":"watchfiles.main","msg":"3 changes detected"}
{"time":"2026-08-20T17:11:47","level":"INFO","logger":"watchfiles.main","msg":"3 changes detected"}
{"time":"2026-08-20T17:11:47","level":"INFO","logger":"bess.sync","msg":"sync.push.complete"}
{"time":"2026-08-20T17:11:47","level":"INFO","logger":"watchfiles.main","msg":"4 changes detected"}
{"time":"2026-08-20T17:12:47","level":"INFO","logger":"watchfiles.main","msg":"3 changes detected"}
{"time":"2026-08-20T17:12:47","level":"INFO","logger":"bess.sync","msg":"sync.push.complete"}
{"time":"2026-08-20T17:12:48","level":"INFO","logger":"watchfiles.main","msg":"4 changes detected"}
{"time":"2026-08-20T17:13:48","level":"INFO","logger":"watchfiles.main","msg":"3 changes detected"}
{"time":"2026-08-20T17:13:48","level":"INFO","logger":"bess.sync","msg":"sync.push.complete"}
{"time":"2026-08-20T17:13:49","level":"INFO","logger":"watchfiles.main","msg":"3 changes detected"}
{"time":"2026-08-20T17:14:49","level":"INFO","logger":"watchfiles.main","msg":"3 changes detected"}
{"time":"2026-08-20T17:14:49","level":"INFO","logger":"bess.sync","msg":"sync.push.complete"}
{"time":"2026-08-20T17:14:49","level":"INFO","logger":"watchfiles.main","msg":"3 changes detected"}
{"time":"2026-08-20T17:15:50","level":"INFO","logger":"watchfiles.main","msg":"3 changes detected"}
{"time":"2026-08-20T17:15:50","level":"INFO","logger":"bess.sync","msg":"sync.push.complete"}
{"time":"2026-08-20T17:15:50","level":"INFO","logger":"watchfiles.main","msg":"4 changes detected"}
{"time":"2026-08-20T17:15:54","level":"INFO","logger":"watchfiles.main","msg":"1 change detected"}
{"time":"2026-08-20T17:16:50","level":"INFO","logger":"watchfiles.main","msg":"3 changes detected"}
{"time":"2026-08-20T17:16:50","level":"INFO","logger":"bess.sync","msg":"sync.push.complete"}
{"time":"2026-08-20T17:16:51","level":"INFO","logger":"watchfiles.main","msg":"3 changes detected"}
{"time":"2026-08-20T17:17:51","level":"INFO","logger":"watchfiles.main","msg":"3 changes detected"}
{"time":"2026-08-20T17:17:51","level":"INFO","logger":"bess.sync","msg":"sync.push.complete"}
{"time":"2026-08-20T17:17:51","level":"INFO","logger":"watchfiles.main","msg":"3 changes detected"}
{"time":"2026-08-20T17:18:52","level":"INFO","logger":"watchfiles.main","msg":"3 changes detected"}
{"time":"2026-08-20T17:18:52","level":"INFO","logger":"bess.sync","msg":"sync.push.complete"}
{"time":"2026-08-20T17:18:52","level":"INFO","logger":"watchfiles.main","msg":"3 changes detected"}
{"time":"2026-08-20T17:19:52","level":"INFO","logger":"watchfiles.main","msg":"3 changes detected"}
{"time":"2026-08-20T17:19:52","level":"INFO","logger":"bess.sync","msg":"sync.push.complete"}
{"time":"2026-08-20T17:19:53","level":"INFO","logger":"watchfiles.main","msg":"3 changes detected"}
{"time":"2026-08-20T17:20:53","level":"INFO","logger":"watchfiles.main","msg":"3 changes detected"}
{"time":"2026-08-20T17:20:53","level":"INFO","logger":"bess.sync","msg":"sync.push.complete"}
{"time":"2026-08-20T17:20:53","level":"INFO","logger":"watchfiles.main","msg":"3 changes detected"}
{"time":"2026-08-20T17:21:54","level":"INFO","logger":"watchfiles.main","msg":"3 changes detected"}
{"time":"2026-08-20T17:21:54","level":"INFO","logger":"bess.sync","msg":"sync.push.complete"}
{"time":"2026-08-20T17:21:54","level":"INFO","logger":"watchfiles.main","msg":"3 changes detected"}
{"time":"2026-08-20T17:22:55","level":"INFO","logger":"watchfiles.main","msg":"3 changes detected"}
{"time":"2026-08-20T17:22:55","level":"INFO","logger":"bess.sync","msg":"sync.push.complete"}
{"time":"2026-08-20T17:22:55","level":"INFO","logger":"watchfiles.main","msg":"3 changes detected"}
{"time":"2026-08-20T17:23:55","level":"INFO","logger":"watchfiles.main","msg":"3 changes detected"}
{"time":"2026-08-20T17:23:55","level":"INFO","logger":"bess.sync","msg":"sync.push.complete"}
{"time":"2026-08-20T17:23:56","level":"INFO","logger":"watchfiles.main","msg":"3 changes detected"}
{"time":"2026-08-20T17:24:56","level":"INFO","logger":"watchfiles.main","msg":"3 changes detected"}
{"time":"2026-08-20T17:24:56","level":"INFO","logger":"bess.sync","msg":"sync.push.complete"}
{"time":"2026-08-20T17:24:56","level":"INFO","logger":"watchfiles.main","msg":"4 changes detected"}
{"time":"2026-08-20T17:25:57","level":"INFO","logger":"watchfiles.main","msg":"3 changes detected"}
{"time":"2026-08-20T17:25:57","level":"INFO","logger":"bess.sync","msg":"sync.push.complete"}
{"time":"2026-08-20T17:25:57","level":"INFO","logger":"watchfiles.main","msg":"3 changes detected"}
{"time":"2026-08-20T17:26:58","level":"INFO","logger":"watchfiles.main","msg":"3 changes detected"}
{"time":"2026-08-20T17:26:58","level":"INFO","logger":"bess.sync","msg":"sync.push.complete"}
{"time":"2026-08-20T17:26:58","level":"INFO","logger":"watchfiles.main","msg":"4 changes detected"}
{"time":"2026-08-20T17:27:58","level":"INFO","logger":"watchfiles.main","msg":"3 changes detected"}
{"time":"2026-08-20T17:27:58","level":"INFO","logger":"bess.sync","msg":"sync.push.complete"}
{"time":"2026-08-20T17:27:59","level":"INFO","logger":"watchfiles.main","msg":"3 changes detected"}
{"time":"2026-08-20T17:28:59","level":"INFO","logger":"watchfiles.main","msg":"3 changes detected"}
{"time":"2026-08-20T17:28:59","level":"INFO","logger":"bess.sync","msg":"sync.push.complete"}
{"time":"2026-08-20T17:28:59","level":"INFO","logger":"watchfiles.main","msg":"4 changes detected"}
{"time":"2026-08-20T17:30:00","level":"INFO","logger":"watchfiles.main","msg":"3 changes detected"}
{"time":"2026-08-20T17:30:00","level":"INFO","logger":"bess.sync","msg":"sync.push.complete"}
{"time":"2026-08-20T17:30:00","level":"INFO","logger":"watchfiles.main","msg":"3 changes detected"}
{"time":"2026-08-20T17:31:00","level":"INFO","logger":"watchfiles.main","msg":"3 changes detected"}
{"time":"2026-08-20T17:31:01","level":"INFO","logger":"bess.sync","msg":"sync.push.complete"}
{"time":"2026-08-20T17:31:01","level":"INFO","logger":"watchfiles.main","msg":"3 changes detected"}
{"time":"2026-08-20T17:32:01","level":"INFO","logger":"watchfiles.main","msg":"3 changes detected"}
{"time":"2026-08-20T17:32:01","level":"INFO","logger":"bess.sync","msg":"sync.push.complete"}
{"time":"2026-08-20T17:32:02","level":"INFO","logger":"watchfiles.main","msg":"3 changes detected"}
{"time":"2026-08-20T17:33:02","level":"INFO","logger":"watchfiles.main","msg":"3 changes detected"}
{"time":"2026-08-20T17:33:02","level":"INFO","logger":"bess.sync","msg":"sync.push.complete"}
{"time":"2026-08-20T17:33:02","level":"INFO","logger":"watchfiles.main","msg":"4 changes detected"}
{"time":"2026-08-20T17:34:03","level":"INFO","logger":"watchfiles.main","msg":"3 changes detected"}
{"time":"2026-08-20T17:34:03","level":"INFO","logger":"bess.sync","msg":"sync.push.complete"}
{"time":"2026-08-20T17:34:03","level":"INFO","logger":"watchfiles.main","msg":"3 changes detected"}
{"time":"2026-08-20T17:35:03","level":"INFO","logger":"watchfiles.main","msg":"3 changes detected"}
{"time":"2026-08-20T17:35:04","level":"INFO","logger":"bess.sync","msg":"sync.push.complete"}
{"time":"2026-08-20T17:35:04","level":"INFO","logger":"watchfiles.main","msg":"3 changes detected"}
{"time":"2026-08-20T17:36:04","level":"INFO","logger":"watchfiles.main","msg":"3 changes detected"}
{"time":"2026-08-20T17:36:04","level":"INFO","logger":"bess.sync","msg":"sync.push.complete"}
{"time":"2026-08-20T17:36:05","level":"INFO","logger":"watchfiles.main","msg":"3 changes detected"}
{"time":"2026-08-20T17:37:05","level":"INFO","logger":"watchfiles.main","msg":"3 changes detected"}
{"time":"2026-08-20T17:37:05","level":"INFO","logger":"bess.sync","msg":"sync.push.complete"}
{"time":"2026-08-20T17:37:05","level":"INFO","logger":"watchfiles.main","msg":"4 changes detected"}
{"time":"2026-08-20T17:38:06","level":"INFO","logger":"watchfiles.main","msg":"3 changes detected"}
{"time":"2026-08-20T17:38:06","level":"INFO","logger":"bess.sync","msg":"sync.push.complete"}
{"time":"2026-08-20T17:38:06","level":"INFO","logger":"watchfiles.main","msg":"3 changes detected"}
{"time":"2026-08-20T17:39:07","level":"INFO","logger":"watchfiles.main","msg":"3 changes detected"}
{"time":"2026-08-20T17:39:07","level":"INFO","logger":"bess.sync","msg":"sync.push.complete"}
{"time":"2026-08-20T17:39:07","level":"INFO","logger":"watchfiles.main","msg":"3 changes detected"}
{"time":"2026-08-20T17:40:07","level":"INFO","logger":"watchfiles.main","msg":"3 changes detected"}
{"time":"2026-08-20T17:40:07","level":"INFO","logger":"bess.sync","msg":"sync.push.complete"}
{"time":"2026-08-20T17:40:08","level":"INFO","logger":"watchfiles.main","msg":"4 changes detected"}
{"time":"2026-08-20T17:41:08","level":"INFO","logger":"watchfiles.main","msg":"3 changes detected"}
{"time":"2026-08-20T17:41:08","level":"INFO","logger":"bess.sync","msg":"sync.push.complete"}
{"time":"2026-08-20T17:41:08","level":"INFO","logger":"watchfiles.main","msg":"3 changes detected"}
{"time":"2026-08-21T14:03:34","level":"INFO","logger":"watchfiles.main","msg":"1 change detected"}
{"time":"2026-08-21T14:03:38","level":"INFO","logger":"watchfiles.main","msg":"3 changes detected"}
{"time":"2026-08-21T14:03:38","level":"INFO","logger":"bess.sync","msg":"sync.push.complete"}
{"time":"2026-08-21T14:03:39","level":"INFO","logger":"watchfiles.main","msg":"3 changes detected"}
{"time":"2026-08-21T14:04:40","level":"INFO","logger":"watchfiles.main","msg":"3 changes detected"}
{"time":"2026-08-21T14:04:40","level":"INFO","logger":"bess.sync","msg":"sync.push.complete"}
{"time":"2026-08-21T14:04:40","level":"INFO","logger":"watchfiles.main","msg":"3 changes detected"}
{"time":"2026-08-21T14:05:41","level":"INFO","logger":"watchfiles.main","msg":"3 changes detected"}
{"time":"2026-08-21T14:05:41","level":"INFO","logger":"bess.sync","msg":"sync.push.complete"}
{"time":"2026-08-21T14:05:41","level":"INFO","logger":"watchfiles.main","msg":"3 changes detected"}
{"time":"2026-08-21T14:06:42","level":"INFO","logger":"watchfiles.main","msg":"3 changes detected"}
{"time":"2026-08-21T14:06:42","level":"INFO","logger":"bess.sync","msg":"sync.push.complete"}
{"time":"2026-08-21T14:06:42","level":"INFO","logger":"watchfiles.main","msg":"3 changes detected"}
{"time":"2026-08-21T14:07:43","level":"INFO","logger":"watchfiles.main","msg":"3 changes detected"}
{"time":"2026-08-21T14:07:43","level":"INFO","logger":"bess.sync","msg":"sync.push.complete"}
{"time":"2026-08-21T14:07:44","level":"INFO","logger":"watchfiles.main","msg":"3 changes detected"}
{"time":"2026-08-21T14:08:44","level":"INFO","logger":"watchfiles.main","msg":"3 changes detected"}
{"time":"2026-08-21T14:08:44","level":"INFO","logger":"bess.sync","msg":"sync.push.complete"}
{"time":"2026-08-21T14:08:44","level":"INFO","logger":"watchfiles.main","msg":"3 changes detected"}
{"time":"2026-08-21T14:09:45","level":"INFO","logger":"watchfiles.main","msg":"3 changes detected"}
{"time":"2026-08-21T14:09:45","level":"INFO","logger":"bess.sync","msg":"sync.push.complete"}
{"time":"2026-08-21T14:09:45","level":"INFO","logger":"watchfiles.main","msg":"3 changes detected"}
{"time":"2026-08-21T14:10:46","level":"INFO","logger":"watchfiles.main","msg":"3 changes detected"}
{"time":"2026-08-21T14:10:46","level":"INFO","logger":"bess.sync","msg":"sync.push.complete"}
{"time":"2026-08-21T14:10:46","level":"INFO","logger":"watchfiles.main","msg":"3 changes detected"}
{"time":"2026-08-21T14:11:47","level":"INFO","logger":"watchfiles.main","msg":"3 changes detected"}
{"time":"2026-08-21T14:11:47","level":"INFO","logger":"bess.sync","msg":"sync.push.complete"}
{"time":"2026-08-21T14:11:47","level":"INFO","logger":"watchfiles.main","msg":"3 changes detected"}
{"time":"2026-08-21T14:12:48","level":"INFO","logger":"watchfiles.main","msg":"3 changes detected"}
{"time":"2026-08-21T14:12:48","level":"INFO","logger":"bess.sync","msg":"sync.push.complete"}
{"time":"2026-08-21T14:12:48","level":"INFO","logger":"watchfiles.main","msg":"3 changes detected"}
{"time":"2026-08-21T14:13:48","level":"INFO","logger":"watchfiles.main","msg":"3 changes detected"}
{"time":"2026-08-21T14:13:49","level":"INFO","logger":"bess.sync","msg":"sync.push.complete"}
{"time":"2026-08-21T14:13:49","level":"INFO","logger":"watchfiles.main","msg":"3 changes detected"}
{"time":"2026-08-21T14:14:49","level":"INFO","logger":"watchfiles.main","msg":"3 changes detected"}
{"time":"2026-08-21T14:14:49","level":"INFO","logger":"bess.sync","msg":"sync.push.complete"}
{"time":"2026-08-21T14:14:50","level":"INFO","logger":"watchfiles.main","msg":"3 changes detected"}
{"time":"2026-08-21T14:15:19","level":"INFO","logger":"watchfiles.main","msg":"1 change detected"}
{"time":"2026-08-21T14:15:50","level":"INFO","logger":"watchfiles.main","msg":"3 changes detected"}
{"time":"2026-08-21T14:15:50","level":"INFO","logger":"bess.sync","msg":"sync.push.complete"}
{"time":"2026-08-21T14:15:51","level":"INFO","logger":"watchfiles.main","msg":"3 changes detected"}
{"time":"2026-08-21T14:16:51","level":"INFO","logger":"watchfiles.main","msg":"3 changes detected"}
{"time":"2026-08-21T14:16:51","level":"INFO","logger":"bess.sync","msg":"sync.push.complete"}
{"time":"2026-08-21T14:16:51","level":"INFO","logger":"watchfiles.main","msg":"3 changes detected"}
{"time":"2026-08-21T14:17:52","level":"INFO","logger":"watchfiles.main","msg":"3 changes detected"}
{"time":"2026-08-21T14:17:52","level":"INFO","logger":"bess.sync","msg":"sync.push.complete"}
{"time":"2026-08-21T14:17:53","level":"INFO","logger":"watchfiles.main","msg":"3 changes detected"}
{"time":"2026-08-21T14:18:53","level":"INFO","logger":"watchfiles.main","msg":"3 changes detected"}
{"time":"2026-08-21T14:18:53","level":"INFO","logger":"bess.sync","msg":"sync.push.complete"}
{"time":"2026-08-21T14:18:53","level":"INFO","logger":"watchfiles.main","msg":"3 changes detected"}
{"time":"2026-08-21T14:19:54","level":"INFO","logger":"watchfiles.main","msg":"3 changes detected"}
{"time":"2026-08-21T14:19:54","level":"INFO","logger":"bess.sync","msg":"sync.push.complete"}
{"time":"2026-08-21T14:19:54","level":"INFO","logger":"watchfiles.main","msg":"3 changes detected"}
{"time":"2026-08-21T14:20:55","level":"INFO","logger":"watchfiles.main","msg":"3 changes detected"}
{"time":"2026-08-21T14:20:55","level":"INFO","logger":"bess.sync","msg":"sync.push.complete"}
{"time":"2026-08-21T14:20:55","level":"INFO","logger":"watchfiles.main","msg":"3 changes detected"}
{"time":"2026-08-21T14:21:56","level":"INFO","logger":"watchfiles.main","msg":"3 changes detected"}
{"time":"2026-08-21T14:21:56","level":"INFO","logger":"bess.sync","msg":"sync.push.complete"}
{"time":"2026-08-21T14:21:56","level":"INFO","logger":"watchfiles.main","msg":"3 changes detected"}
{"time":"2026-08-21T14:22:57","level":"INFO","logger":"watchfiles.main","msg":"3 changes detected"}
{"time":"2026-08-21T14:22:57","level":"INFO","logger":"bess.sync","msg":"sync.push.complete"}
{"time":"2026-08-21T14:22:57","level":"INFO","logger":"watchfiles.main","msg":"3 changes detected"}
{"time":"2026-08-21T14:23:58","level":"INFO","logger":"watchfiles.main","msg":"3 changes detected"}
{"time":"2026-08-21T14:23:58","level":"INFO","logger":"bess.sync","msg":"sync.push.complete"}
{"time":"2026-08-21T14:23:58","level":"INFO","logger":"watchfiles.main","msg":"3 changes detected"}
{"time":"2026-08-21T14:24:59","level":"INFO","logger":"watchfiles.main","msg":"3 changes detected"}
{"time":"2026-08-21T14:24:59","level":"INFO","logger":"bess.sync","msg":"sync.push.complete"}
{"time":"2026-08-21T14:24:59","level":"INFO","logger":"watchfiles.main","msg":"3 changes detected"}
{"time":"2026-08-21T14:26:00","level":"INFO","logger":"watchfiles.main","msg":"3 changes detected"}
{"time":"2026-08-21T14:26:00","level":"INFO","logger":"bess.sync","msg":"sync.push.complete"}
{"time":"2026-08-21T14:26:00","level":"INFO","logger":"watchfiles.main","msg":"3 changes detected"}
{"time":"2026-08-21T14:27:00","level":"INFO","logger":"watchfiles.main","msg":"3 changes detected"}
{"time":"2026-08-21T14:27:01","level":"INFO","logger":"bess.sync","msg":"sync.push.complete"}
{"time":"2026-08-21T14:27:01","level":"INFO","logger":"watchfiles.main","msg":"3 changes detected"}
{"time":"2026-08-21T14:28:01","level":"INFO","logger":"watchfiles.main","msg":"3 changes detected"}
{"time":"2026-08-21T14:28:01","level":"INFO","logger":"bess.sync","msg":"sync.push.complete"}
{"time":"2026-08-21T14:28:02","level":"INFO","logger":"watchfiles.main","msg":"3 changes detected"}
{"time":"2026-08-21T14:29:02","level":"INFO","logger":"watchfiles.main","msg":"3 changes detected"}
{"time":"2026-08-21T14:29:02","level":"INFO","logger":"bess.sync","msg":"sync.push.complete"}
{"time":"2026-08-21T14:29:02","level":"INFO","logger":"watchfiles.main","msg":"3 changes detected"}
{"time":"2026-08-21T14:30:03","level":"INFO","logger":"watchfiles.main","msg":"3 changes detected"}
{"time":"2026-08-21T14:30:03","level":"INFO","logger":"bess.sync","msg":"sync.push.complete"}
{"time":"2026-08-21T14:30:03","level":"INFO","logger":"watchfiles.main","msg":"3 changes detected"}
{"time":"2026-08-21T14:31:04","level":"INFO","logger":"watchfiles.main","msg":"3 changes detected"}
{"time":"2026-08-21T14:31:04","level":"INFO","logger":"bess.sync","msg":"sync.push.complete"}
{"time":"2026-08-21T14:31:04","level":"INFO","logger":"watchfiles.main","msg":"3 changes detected"}
{"time":"2026-08-21T14:32:05","level":"INFO","logger":"watchfiles.main","msg":"3 changes detected"}
{"time":"2026-08-21T14:32:05","level":"INFO","logger":"bess.sync","msg":"sync.push.complete"}
{"time":"2026-08-21T14:32:05","level":"INFO","logger":"watchfiles.main","msg":"3 changes detected"}
{"time":"2026-08-21T14:33:06","level":"INFO","logger":"watchfiles.main","msg":"3 changes detected"}
{"time":"2026-08-21T14:33:06","level":"INFO","logger":"bess.sync","msg":"sync.push.complete"}
{"time":"2026-08-21T14:33:06","level":"INFO","logger":"watchfiles.main","msg":"3 changes detected"}
{"time":"2026-08-21T14:34:07","level":"INFO","logger":"watchfiles.main","msg":"3 changes detected"}
{"time":"2026-08-21T14:34:07","level":"INFO","logger":"bess.sync","msg":"sync.push.complete"}
{"time":"2026-08-21T14:34:07","level":"INFO","logger":"watchfiles.main","msg":"3 changes detected"}
{"time":"2026-08-21T14:35:08","level":"INFO","logger":"watchfiles.main","msg":"3 changes detected"}
{"time":"2026-08-21T14:35:08","level":"INFO","logger":"bess.sync","msg":"sync.push.complete"}
{"time":"2026-08-21T14:35:08","level":"INFO","logger":"watchfiles.main","msg":"3 changes detected"}
{"time":"2026-08-21T14:35:20","level":"INFO","logger":"watchfiles.main","msg":"1 change detected"}
{"time":"2026-08-21T14:36:09","level":"INFO","logger":"watchfiles.main","msg":"3 changes detected"}
{"time":"2026-08-21T14:36:09","level":"INFO","logger":"bess.sync","msg":"sync.push.complete"}
{"time":"2026-08-21T14:36:09","level":"INFO","logger":"watchfiles.main","msg":"3 changes detected"}
{"time":"2026-08-21T14:37:10","level":"INFO","logger":"watchfiles.main","msg":"3 changes detected"}
{"time":"2026-08-21T14:37:10","level":"INFO","logger":"bess.sync","msg":"sync.push.complete"}
{"time":"2026-08-21T14:37:10","level":"INFO","logger":"watchfiles.main","msg":"3 changes detected"}
{"time":"2026-08-21T14:38:11","level":"INFO","logger":"watchfiles.main","msg":"3 changes detected"}
{"time":"2026-08-21T14:38:11","level":"INFO","logger":"bess.sync","msg":"sync.push.complete"}
{"time":"2026-08-21T14:38:11","level":"INFO","logger":"watchfiles.main","msg":"3 changes detected"}
{"time":"2026-08-21T14:39:12","level":"INFO","logger":"watchfiles.main","msg":"3 changes detected"}
{"time":"2026-08-21T14:39:12","level":"INFO","logger":"bess.sync","msg":"sync.push.complete"}
{"time":"2026-08-21T14:39:12","level":"INFO","logger":"watchfiles.main","msg":"3 changes detected"}
{"time":"2026-08-21T14:40:13","level":"INFO","logger":"watchfiles.main","msg":"3 changes detected"}
{"time":"2026-08-21T14:40:13","level":"INFO","logger":"bess.sync","msg":"sync.push.complete"}
{"time":"2026-08-21T14:40:13","level":"INFO","logger":"watchfiles.main","msg":"3 changes detected"}
{"time":"2026-08-21T14:41:14","level":"INFO","logger":"watchfiles.main","msg":"3 changes detected"}
{"time":"2026-08-21T14:41:14","level":"INFO","logger":"bess.sync","msg":"sync.push.complete"}
{"time":"2026-08-21T14:41:14","level":"INFO","logger":"watchfiles.main","msg":"3 changes detected"}
{"time":"2026-08-21T14:42:14","level":"INFO","logger":"watchfiles.main","msg":"3 changes detected"}
{"time":"2026-08-21T14:42:15","level":"INFO","logger":"bess.sync","msg":"sync.push.complete"}
{"time":"2026-08-21T14:42:15","level":"INFO","logger":"watchfiles.main","msg":"3 changes detected"}
{"time":"2026-08-21T14:43:15","level":"INFO","logger":"watchfiles.main","msg":"3 changes detected"}
{"time":"2026-08-21T14:43:16","level":"INFO","logger":"bess.sync","msg":"sync.push.complete"}
{"time":"2026-08-21T14:43:16","level":"INFO","logger":"watchfiles.main","msg":"3 changes detected"}
{"time":"2026-08-21T14:44:16","level":"INFO","logger":"watchfiles.main","msg":"3 changes detected"}
{"time":"2026-08-21T14:44:17","level":"INFO","logger":"bess.sync","msg":"sync.push.complete"}
{"time":"2026-08-21T14:44:17","level":"INFO","logger":"watchfiles.main","msg":"3 changes detected"}
{"time":"2026-08-21T14:45:17","level":"INFO","logger":"watchfiles.main","msg":"3 changes detected"}
{"time":"2026-08-21T14:45:18","level":"INFO","logger":"bess.sync","msg":"sync.push.complete"}
{"time":"2026-08-21T14:45:18","level":"INFO","logger":"watchfiles.main","msg":"3 changes detected"}
{"time":"2026-08-21T14:46:18","level":"INFO","logger":"watchfiles.main","msg":"3 changes detected"}
{"time":"2026-08-21T14:46:19","level":"INFO","logger":"bess.sync","msg":"sync.push.complete"}
{"time":"2026-08-21T14:46:19","level":"INFO","logger":"watchfiles.main","msg":"3 changes detected"}
{"time":"2026-08-21T14:47:19","level":"INFO","logger":"watchfiles.main","msg":"3 changes detected"}
{"time":"2026-08-21T14:47:20","level":"INFO","logger":"bess.sync","msg":"sync.push.complete"}
{"time":"2026-08-21T14:47:20","level":"INFO","logger":"watchfiles.main","msg":"3 changes detected"}
{"time":"2026-08-21T14:48:20","level":"INFO","logger":"watchfiles.main","msg":"3 changes detected"}
{"time":"2026-08-21T14:48:21","level":"INFO","logger":"bess.sync","msg":"sync.push.complete"}
{"time":"2026-08-21T14:48:21","level":"INFO","logger":"watchfiles.main","msg":"3 changes detected"}
{"time":"2026-08-21T14:49:21","level":"INFO","logger":"watchfiles.main","msg":"3 changes detected"}
{"time":"2026-08-21T14:49:22","level":"INFO","logger":"bess.sync","msg":"sync.push.complete"}
{"time":"2026-08-21T14:49:22","level":"INFO","logger":"watchfiles.main","msg":"3 changes detected"}
{"time":"2026-08-21T14:50:22","level":"INFO","logger":"watchfiles.main","msg":"3 changes detected"}
{"time":"2026-08-21T14:50:23","level":"INFO","logger":"bess.sync","msg":"sync.push.complete"}
{"time":"2026-08-21T14:50:23","level":"INFO","logger":"watchfiles.main","msg":"3 changes detected"}
{"time":"2026-08-21T14:51:23","level":"INFO","logger":"watchfiles.main","msg":"3 changes detected"}
{"time":"2026-08-21T14:51:23","level":"INFO","logger":"bess.sync","msg":"sync.push.complete"}
{"time":"2026-08-21T14:51:24","level":"INFO","logger":"watchfiles.main","msg":"3 changes detected"}
{"time":"2026-08-21T14:52:24","level":"INFO","logger":"watchfiles.main","msg":"3 changes detected"}
{"time":"2026-08-21T14:52:24","level":"INFO","logger":"bess.sync","msg":"sync.push.complete"}
{"time":"2026-08-21T14:52:25","level":"INFO","logger":"watchfiles.main","msg":"3 changes detected"}
{"time":"2026-08-21T14:53:25","level":"INFO","logger":"watchfiles.main","msg":"3 changes detected"}
{"time":"2026-08-21T14:53:25","level":"INFO","logger":"bess.sync","msg":"sync.push.complete"}
{"time":"2026-08-21T14:53:26","level":"INFO","logger":"watchfiles.main","msg":"3 changes detected"}
{"time":"2026-08-21T14:54:26","level":"INFO","logger":"watchfiles.main","msg":"3 changes detected"}
{"time":"2026-08-21T14:54:26","level":"INFO","logger":"bess.sync","msg":"sync.push.complete"}
{"time":"2026-08-21T14:54:27","level":"INFO","logger":"watchfiles.main","msg":"3 changes detected"}
{"time":"2026-08-21T14:55:27","level":"INFO","logger":"watchfiles.main","msg":"3 changes detected"}
{"time":"2026-08-21T14:55:27","level":"INFO","logger":"bess.sync","msg":"sync.push.complete"}
{"time":"2026-08-21T14:55:28","level":"INFO","logger":"watchfiles.main","msg":"3 changes detected"}
{"time":"2026-08-21T14:56:28","level":"INFO","logger":"watchfiles.main","msg":"3 changes detected"}
{"time":"2026-08-21T14:56:28","level":"INFO","logger":"bess.sync","msg":"sync.push.complete"}
{"time":"2026-08-21T14:56:29","level":"INFO","logger":"watchfiles.main","msg":"3 changes detected"}
{"time":"2026-08-21T14:57:29","level":"INFO","logger":"watchfiles.main","msg":"3 changes detected"}
{"time":"2026-08-21T14:57:29","level":"INFO","logger":"bess.sync","msg":"sync.push.complete"}
{"time":"2026-08-21T14:57:30","level":"INFO","logger":"watchfiles.main","msg":"3 changes detected"}
{"time":"2026-08-21T14:58:30","level":"INFO","logger":"watchfiles.main","msg":"3 changes detected"}
{"time":"2026-08-21T14:58:30","level":"INFO","logger":"bess.sync","msg":"sync.push.complete"}
{"time":"2026-08-21T14:58:30","level":"INFO","logger":"watchfiles.main","msg":"3 changes detected"}
{"time":"2026-08-21T14:59:31","level":"INFO","logger":"watchfiles.main","msg":"3 changes detected"}
{"time":"2026-08-21T14:59:31","level":"INFO","logger":"bess.sync","msg":"sync.push.complete"}
{"time":"2026-08-21T14:59:31","level":"INFO","logger":"watchfiles.main","msg":"3 changes detected"}
{"time":"2026-08-21T15:00:32","level":"INFO","logger":"watchfiles.main","msg":"3 changes detected"}
{"time":"2026-08-21T15:00:32","level":"INFO","logger":"bess.sync","msg":"sync.push.complete"}
{"time":"2026-08-21T15:00:32","level":"INFO","logger":"watchfiles.main","msg":"3 changes detected"}
{"time":"2026-08-21T15:01:33","level":"INFO","logger":"watchfiles.main","msg":"3 changes detected"}
{"time":"2026-08-21T15:01:33","level":"INFO","logger":"bess.sync","msg":"sync.push.complete"}
{"time":"2026-08-21T15:01:34","level":"INFO","logger":"watchfiles.main","msg":"3 changes detected"}
{"time":"2026-08-21T15:02:34","level":"INFO","logger":"watchfiles.main","msg":"3 changes detected"}
{"time":"2026-08-21T15:02:34","level":"INFO","logger":"bess.sync","msg":"sync.push.complete"}
{"time":"2026-08-21T15:02:34","level":"INFO","logger":"watchfiles.main","msg":"3 changes detected"}
{"time":"2026-08-21T15:03:35","level":"INFO","logger":"watchfiles.main","msg":"3 changes detected"}
{"time":"2026-08-21T15:03:35","level":"INFO","logger":"bess.sync","msg":"sync.push.complete"}
{"time":"2026-08-21T15:03:35","level":"INFO","logger":"watchfiles.main","msg":"3 changes detected"}
{"time":"2026-08-21T15:04:36","level":"INFO","logger":"watchfiles.main","msg":"3 changes detected"}
{"time":"2026-08-21T15:04:36","level":"INFO","logger":"bess.sync","msg":"sync.push.complete"}
{"time":"2026-08-21T15:04:37","level":"INFO","logger":"watchfiles.main","msg":"3 changes detected"}
{"time":"2026-08-21T15:05:19","level":"INFO","logger":"watchfiles.main","msg":"1 change detected"}
{"time":"2026-08-21T15:05:37","level":"INFO","logger":"watchfiles.main","msg":"3 changes detected"}
{"time":"2026-08-21T15:05:37","level":"INFO","logger":"watchfiles.main","msg":"1 change detected"}
{"time":"2026-08-21T15:05:38","level":"INFO","logger":"bess.sync","msg":"sync.push.complete"}
{"time":"2026-08-21T15:05:38","level":"INFO","logger":"watchfiles.main","msg":"4 changes detected"}
{"time":"2026-08-21T15:06:39","level":"INFO","logger":"watchfiles.main","msg":"3 changes detected"}
{"time":"2026-08-21T15:06:39","level":"INFO","logger":"bess.sync","msg":"sync.push.complete"}
{"time":"2026-08-21T15:06:39","level":"INFO","logger":"watchfiles.main","msg":"3 changes detected"}
{"time":"2026-08-21T15:07:40","level":"INFO","logger":"watchfiles.main","msg":"3 changes detected"}
{"time":"2026-08-21T15:07:40","level":"INFO","logger":"bess.sync","msg":"sync.push.complete"}
{"time":"2026-08-21T15:07:40","level":"INFO","logger":"watchfiles.main","msg":"3 changes detected"}
{"time":"2026-08-21T15:08:41","level":"INFO","logger":"watchfiles.main","msg":"3 changes detected"}
{"time":"2026-08-21T15:08:41","level":"INFO","logger":"bess.sync","msg":"sync.push.complete"}
{"time":"2026-08-21T15:08:41","level":"INFO","logger":"watchfiles.main","msg":"3 changes detected"}
{"time":"2026-08-21T15:09:42","level":"INFO","logger":"watchfiles.main","msg":"3 changes detected"}
{"time":"2026-08-21T15:09:42","level":"INFO","logger":"bess.sync","msg":"sync.push.complete"}
{"time":"2026-08-21T15:09:42","level":"INFO","logger":"watchfiles.main","msg":"3 changes detected"}
{"time":"2026-08-21T15:10:42","level":"INFO","logger":"watchfiles.main","msg":"3 changes detected"}
{"time":"2026-08-21T15:10:43","level":"INFO","logger":"bess.sync","msg":"sync.push.complete"}
{"time":"2026-08-21T15:10:43","level":"INFO","logger":"watchfiles.main","msg":"3 changes detected"}
{"time":"2026-08-21T15:11:43","level":"INFO","logger":"watchfiles.main","msg":"3 changes detected"}
{"time":"2026-08-21T15:11:44","level":"INFO","logger":"bess.sync","msg":"sync.push.complete"}
{"time":"2026-08-21T15:11:44","level":"INFO","logger":"watchfiles.main","msg":"3 changes detected"}
{"time":"2026-08-21T15:12:44","level":"INFO","logger":"watchfiles.main","msg":"3 changes detected"}
{"time":"2026-08-21T15:12:44","level":"INFO","logger":"bess.sync","msg":"sync.push.complete"}
{"time":"2026-08-21T15:12:44","level":"INFO","logger":"watchfiles.main","msg":"3 changes detected"}
{"time":"2026-08-21T15:13:45","level":"INFO","logger":"watchfiles.main","msg":"3 changes detected"}
{"time":"2026-08-21T15:13:45","level":"INFO","logger":"bess.sync","msg":"sync.push.complete"}
{"time":"2026-08-21T15:13:46","level":"INFO","logger":"watchfiles.main","msg":"3 changes detected"}
{"time":"2026-08-21T15:14:46","level":"INFO","logger":"watchfiles.main","msg":"3 changes detected"}
{"time":"2026-08-21T15:14:46","level":"INFO","logger":"bess.sync","msg":"sync.push.complete"}
{"time":"2026-08-21T15:14:46","level":"INFO","logger":"watchfiles.main","msg":"3 changes detected"}
{"time":"2026-08-21T15:15:47","level":"INFO","logger":"watchfiles.main","msg":"3 changes detected"}
{"time":"2026-08-21T15:15:47","level":"INFO","logger":"bess.sync","msg":"sync.push.complete"}
{"time":"2026-08-21T15:15:47","level":"INFO","logger":"watchfiles.main","msg":"3 changes detected"}
{"time":"2026-08-21T15:16:48","level":"INFO","logger":"watchfiles.main","msg":"3 changes detected"}
{"time":"2026-08-21T15:16:48","level":"INFO","logger":"bess.sync","msg":"sync.push.complete"}
{"time":"2026-08-21T15:16:48","level":"INFO","logger":"watchfiles.main","msg":"3 changes detected"}
{"time":"2026-08-21T15:17:49","level":"INFO","logger":"watchfiles.main","msg":"3 changes detected"}
{"time":"2026-08-21T15:17:49","level":"INFO","logger":"bess.sync","msg":"sync.push.complete"}
{"time":"2026-08-21T15:17:49","level":"INFO","logger":"watchfiles.main","msg":"3 changes detected"}
{"time":"2026-08-21T15:18:49","level":"INFO","logger":"watchfiles.main","msg":"3 changes detected"}
{"time":"2026-08-21T15:18:50","level":"INFO","logger":"bess.sync","msg":"sync.push.complete"}
{"time":"2026-08-21T15:18:50","level":"INFO","logger":"watchfiles.main","msg":"3 changes detected"}
{"time":"2026-08-21T15:19:50","level":"INFO","logger":"watchfiles.main","msg":"1 change detected"}
{"time":"2026-08-21T15:19:51","level":"INFO","logger":"watchfiles.main","msg":"3 changes detected"}
{"time":"2026-08-21T15:19:51","level":"INFO","logger":"watchfiles.main","msg":"1 change detected"}
{"time":"2026-08-21T15:19:54","level":"INFO","logger":"bess.sync","msg":"sync.push.complete"}
{"time":"2026-08-21T15:19:54","level":"INFO","logger":"watchfiles.main","msg":"4 changes detected"}
{"time":"2026-08-21T15:20:55","level":"INFO","logger":"watchfiles.main","msg":"3 changes detected"}
{"time":"2026-08-21T15:20:55","level":"INFO","logger":"bess.sync","msg":"sync.push.complete"}
{"time":"2026-08-21T15:20:55","level":"INFO","logger":"watchfiles.main","msg":"3 changes detected"}
{"time":"2026-08-21T15:21:56","level":"INFO","logger":"watchfiles.main","msg":"3 changes detected"}
{"time":"2026-08-21T15:21:56","level":"INFO","logger":"bess.sync","msg":"sync.push.complete"}
{"time":"2026-08-21T15:21:56","level":"INFO","logger":"watchfiles.main","msg":"3 changes detected"}
{"time":"2026-08-21T15:22:56","level":"INFO","logger":"watchfiles.main","msg":"3 changes detected"}
{"time":"2026-08-21T15:22:57","level":"INFO","logger":"bess.sync","msg":"sync.push.complete"}
{"time":"2026-08-21T15:22:57","level":"INFO","logger":"watchfiles.main","msg":"3 changes detected"}
{"time":"2026-08-21T15:23:58","level":"INFO","logger":"watchfiles.main","msg":"3 changes detected"}
{"time":"2026-08-21T15:23:58","level":"INFO","logger":"bess.sync","msg":"sync.push.complete"}
{"time":"2026-08-21T15:23:58","level":"INFO","logger":"watchfiles.main","msg":"3 changes detected"}
{"time":"2026-08-21T15:24:58","level":"INFO","logger":"watchfiles.main","msg":"3 changes detected"}
{"time":"2026-08-21T15:24:59","level":"INFO","logger":"bess.sync","msg":"sync.push.complete"}
{"time":"2026-08-21T15:24:59","level":"INFO","logger":"watchfiles.main","msg":"3 changes detected"}
{"time":"2026-08-21T15:25:59","level":"INFO","logger":"watchfiles.main","msg":"3 changes detected"}
{"time":"2026-08-21T15:26:00","level":"INFO","logger":"bess.sync","msg":"sync.push.complete"}
{"time":"2026-08-21T15:26:00","level":"INFO","logger":"watchfiles.main","msg":"3 changes detected"}
{"time":"2026-08-21T15:27:01","level":"INFO","logger":"watchfiles.main","msg":"3 changes detected"}
{"time":"2026-08-21T15:27:01","level":"INFO","logger":"bess.sync","msg":"sync.push.complete"}
{"time":"2026-08-21T15:27:01","level":"INFO","logger":"watchfiles.main","msg":"3 changes detected"}
{"time":"2026-08-21T15:28:02","level":"INFO","logger":"watchfiles.main","msg":"3 changes detected"}
{"time":"2026-08-21T15:28:02","level":"INFO","logger":"bess.sync","msg":"sync.push.complete"}
{"time":"2026-08-21T15:28:02","level":"INFO","logger":"watchfiles.main","msg":"3 changes detected"}
{"time":"2026-08-21T15:29:03","level":"INFO","logger":"watchfiles.main","msg":"3 changes detected"}
{"time":"2026-08-21T15:29:03","level":"INFO","logger":"bess.sync","msg":"sync.push.complete"}
{"time":"2026-08-21T15:29:03","level":"INFO","logger":"watchfiles.main","msg":"3 changes detected"}
{"time":"2026-08-21T15:30:04","level":"INFO","logger":"watchfiles.main","msg":"3 changes detected"}
{"time":"2026-08-21T15:30:04","level":"INFO","logger":"bess.sync","msg":"sync.push.complete"}
{"time":"2026-08-21T15:30:04","level":"INFO","logger":"watchfiles.main","msg":"3 changes detected"}
{"time":"2026-08-21T15:31:05","level":"INFO","logger":"watchfiles.main","msg":"3 changes detected"}
{"time":"2026-08-21T15:31:05","level":"INFO","logger":"bess.sync","msg":"sync.push.complete"}
{"time":"2026-08-21T15:31:05","level":"INFO","logger":"watchfiles.main","msg":"3 changes detected"}
{"time":"2026-08-21T15:32:06","level":"INFO","logger":"watchfiles.main","msg":"3 changes detected"}
{"time":"2026-08-21T15:32:06","level":"INFO","logger":"bess.sync","msg":"sync.push.complete"}
{"time":"2026-08-21T15:32:06","level":"INFO","logger":"watchfiles.main","msg":"3 changes detected"}
{"time":"2026-08-21T15:33:07","level":"INFO","logger":"watchfiles.main","msg":"3 changes detected"}
{"time":"2026-08-21T15:33:07","level":"INFO","logger":"bess.sync","msg":"sync.push.complete"}
{"time":"2026-08-21T15:33:07","level":"INFO","logger":"watchfiles.main","msg":"3 changes detected"}
{"time":"2026-08-21T15:34:07","level":"INFO","logger":"watchfiles.main","msg":"3 changes detected"}
{"time":"2026-08-21T15:34:08","level":"INFO","logger":"bess.sync","msg":"sync.push.complete"}
{"time":"2026-08-21T15:34:08","level":"INFO","logger":"watchfiles.main","msg":"3 changes detected"}
{"time":"2026-08-21T15:35:08","level":"INFO","logger":"watchfiles.main","msg":"3 changes detected"}
{"time":"2026-08-21T15:35:09","level":"INFO","logger":"bess.sync","msg":"sync.push.complete"}
{"time":"2026-08-21T15:35:09","level":"INFO","logger":"watchfiles.main","msg":"3 changes detected"}
{"time":"2026-08-21T15:35:19","level":"INFO","logger":"watchfiles.main","msg":"1 change detected"}
{"time":"2026-08-21T15:36:09","level":"INFO","logger":"watchfiles.main","msg":"3 changes detected"}
{"time":"2026-08-21T15:36:10","level":"INFO","logger":"bess.sync","msg":"sync.push.complete"}
{"time":"2026-08-21T15:36:10","level":"INFO","logger":"watchfiles.main","msg":"3 changes detected"}
{"time":"2026-08-21T15:37:10","level":"INFO","logger":"watchfiles.main","msg":"3 changes detected"}
{"time":"2026-08-21T15:37:11","level":"INFO","logger":"bess.sync","msg":"sync.push.complete"}
{"time":"2026-08-21T15:37:11","level":"INFO","logger":"watchfiles.main","msg":"3 changes detected"}
{"time":"2026-08-21T15:38:11","level":"INFO","logger":"watchfiles.main","msg":"3 changes detected"}
{"time":"2026-08-21T15:38:12","level":"INFO","logger":"bess.sync","msg":"sync.push.complete"}
{"time":"2026-08-21T15:38:12","level":"INFO","logger":"watchfiles.main","msg":"3 changes detected"}
{"time":"2026-08-21T15:39:12","level":"INFO","logger":"watchfiles.main","msg":"3 changes detected"}
{"time":"2026-08-21T15:39:12","level":"INFO","logger":"bess.sync","msg":"sync.push.complete"}
{"time":"2026-08-21T15:39:13","level":"INFO","logger":"watchfiles.main","msg":"3 changes detected"}
{"time":"2026-08-21T15:40:13","level":"INFO","logger":"watchfiles.main","msg":"3 changes detected"}
{"time":"2026-08-21T15:40:13","level":"INFO","logger":"bess.sync","msg":"sync.push.complete"}
{"time":"2026-08-21T15:40:14","level":"INFO","logger":"watchfiles.main","msg":"3 changes detected"}
{"time":"2026-08-21T15:41:14","level":"INFO","logger":"watchfiles.main","msg":"3 changes detected"}
{"time":"2026-08-21T15:41:14","level":"INFO","logger":"bess.sync","msg":"sync.push.complete"}
{"time":"2026-08-21T15:41:14","level":"INFO","logger":"watchfiles.main","msg":"3 changes detected"}
{"time":"2026-08-21T15:42:15","level":"INFO","logger":"watchfiles.main","msg":"3 changes detected"}
{"time":"2026-08-21T15:42:15","level":"INFO","logger":"bess.sync","msg":"sync.push.complete"}
{"time":"2026-08-21T15:42:15","level":"INFO","logger":"watchfiles.main","msg":"3 changes detected"}
{"time":"2026-08-21T15:43:16","level":"INFO","logger":"watchfiles.main","msg":"3 changes detected"}
{"time":"2026-08-21T15:43:16","level":"INFO","logger":"bess.sync","msg":"sync.push.complete"}
{"time":"2026-08-21T15:43:16","level":"INFO","logger":"watchfiles.main","msg":"3 changes detected"}
{"time":"2026-08-21T15:44:17","level":"INFO","logger":"watchfiles.main","msg":"3 changes detected"}
{"time":"2026-08-21T15:44:17","level":"INFO","logger":"bess.sync","msg":"sync.push.complete"}
{"time":"2026-08-21T15:44:17","level":"INFO","logger":"watchfiles.main","msg":"3 changes detected"}
{"time":"2026-08-21T15:45:18","level":"INFO","logger":"watchfiles.main","msg":"3 changes detected"}
{"time":"2026-08-21T15:45:18","level":"INFO","logger":"bess.sync","msg":"sync.push.complete"}
{"time":"2026-08-21T15:45:18","level":"INFO","logger":"watchfiles.main","msg":"3 changes detected"}
{"time":"2026-08-21T15:46:18","level":"INFO","logger":"watchfiles.main","msg":"3 changes detected"}
{"time":"2026-08-21T15:46:18","level":"INFO","logger":"bess.sync","msg":"sync.push.complete"}
{"time":"2026-08-21T15:46:19","level":"INFO","logger":"watchfiles.main","msg":"3 changes detected"}
{"time":"2026-08-21T15:47:19","level":"INFO","logger":"watchfiles.main","msg":"3 changes detected"}
{"time":"2026-08-21T15:47:19","level":"INFO","logger":"bess.sync","msg":"sync.push.complete"}
{"time":"2026-08-21T15:47:20","level":"INFO","logger":"watchfiles.main","msg":"3 changes detected"}
{"time":"2026-08-21T15:48:20","level":"INFO","logger":"watchfiles.main","msg":"3 changes detected"}
{"time":"2026-08-21T15:48:20","level":"INFO","logger":"bess.sync","msg":"sync.push.complete"}
{"time":"2026-08-21T15:48:21","level":"INFO","logger":"watchfiles.main","msg":"3 changes detected"}
{"time":"2026-08-21T15:49:21","level":"INFO","logger":"watchfiles.main","msg":"3 changes detected"}
{"time":"2026-08-21T15:49:21","level":"INFO","logger":"bess.sync","msg":"sync.push.complete"}
{"time":"2026-08-21T15:49:21","level":"INFO","logger":"watchfiles.main","msg":"3 changes detected"}
{"time":"2026-08-21T15:50:22","level":"INFO","logger":"watchfiles.main","msg":"3 changes detected"}
{"time":"2026-08-21T15:50:22","level":"INFO","logger":"bess.sync","msg":"sync.push.complete"}
{"time":"2026-08-21T15:50:22","level":"INFO","logger":"watchfiles.main","msg":"3 changes detected"}
{"time":"2026-08-21T15:51:23","level":"INFO","logger":"watchfiles.main","msg":"3 changes detected"}
{"time":"2026-08-21T15:51:23","level":"INFO","logger":"bess.sync","msg":"sync.push.complete"}
{"time":"2026-08-21T15:51:23","level":"INFO","logger":"watchfiles.main","msg":"3 changes detected"}
{"time":"2026-08-21T15:52:24","level":"INFO","logger":"watchfiles.main","msg":"3 changes detected"}
{"time":"2026-08-21T15:52:24","level":"INFO","logger":"bess.sync","msg":"sync.push.complete"}
{"time":"2026-08-21T15:52:24","level":"INFO","logger":"watchfiles.main","msg":"3 changes detected"}
{"time":"2026-08-21T15:53:24","level":"INFO","logger":"watchfiles.main","msg":"3 changes detected"}
{"time":"2026-08-21T15:53:25","level":"INFO","logger":"bess.sync","msg":"sync.push.complete"}
{"time":"2026-08-21T15:53:25","level":"INFO","logger":"watchfiles.main","msg":"3 changes detected"}
{"time":"2026-08-21T15:54:25","level":"INFO","logger":"watchfiles.main","msg":"3 changes detected"}
{"time":"2026-08-21T15:54:25","level":"INFO","logger":"bess.sync","msg":"sync.push.complete"}
{"time":"2026-08-21T15:54:25","level":"INFO","logger":"watchfiles.main","msg":"3 changes detected"}
{"time":"2026-08-21T15:55:26","level":"INFO","logger":"watchfiles.main","msg":"3 changes detected"}
{"time":"2026-08-21T15:55:26","level":"INFO","logger":"bess.sync","msg":"sync.push.complete"}
{"time":"2026-08-21T15:55:26","level":"INFO","logger":"watchfiles.main","msg":"3 changes detected"}
{"time":"2026-08-21T15:56:27","level":"INFO","logger":"watchfiles.main","msg":"3 changes detected"}
{"time":"2026-08-21T15:56:27","level":"INFO","logger":"bess.sync","msg":"sync.push.complete"}
{"time":"2026-08-21T15:56:27","level":"INFO","logger":"watchfiles.main","msg":"3 changes detected"}
{"time":"2026-08-21T15:57:27","level":"INFO","logger":"watchfiles.main","msg":"3 changes detected"}
{"time":"2026-08-21T15:57:28","level":"INFO","logger":"bess.sync","msg":"sync.push.complete"}
{"time":"2026-08-21T15:57:28","level":"INFO","logger":"watchfiles.main","msg":"3 changes detected"}
{"time":"2026-08-21T15:58:28","level":"INFO","logger":"watchfiles.main","msg":"3 changes detected"}
{"time":"2026-08-21T15:58:28","level":"INFO","logger":"bess.sync","msg":"sync.push.complete"}
{"time":"2026-08-21T15:58:29","level":"INFO","logger":"watchfiles.main","msg":"3 changes detected"}
{"time":"2026-08-21T15:59:29","level":"INFO","logger":"watchfiles.main","msg":"3 changes detected"}
{"time":"2026-08-21T15:59:29","level":"INFO","logger":"bess.sync","msg":"sync.push.complete"}
{"time":"2026-08-21T15:59:29","level":"INFO","logger":"watchfiles.main","msg":"3 changes detected"}
{"time":"2026-08-21T16:00:30","level":"INFO","logger":"watchfiles.main","msg":"3 changes detected"}
{"time":"2026-08-21T16:00:30","level":"INFO","logger":"bess.sync","msg":"sync.push.complete"}
{"time":"2026-08-21T16:00:30","level":"INFO","logger":"watchfiles.main","msg":"3 changes detected"}
{"time":"2026-08-21T16:01:31","level":"INFO","logger":"watchfiles.main","msg":"3 changes detected"}
{"time":"2026-08-21T16:01:31","level":"INFO","logger":"bess.sync","msg":"sync.push.complete"}
{"time":"2026-08-21T16:01:31","level":"INFO","logger":"watchfiles.main","msg":"3 changes detected"}
{"time":"2026-08-21T16:02:32","level":"INFO","logger":"watchfiles.main","msg":"3 changes detected"}
{"time":"2026-08-21T16:02:32","level":"INFO","logger":"bess.sync","msg":"sync.push.complete"}
{"time":"2026-08-21T16:02:32","level":"INFO","logger":"watchfiles.main","msg":"3 changes detected"}
{"time":"2026-08-21T16:03:32","level":"INFO","logger":"watchfiles.main","msg":"3 changes detected"}
{"time":"2026-08-21T16:03:33","level":"INFO","logger":"bess.sync","msg":"sync.push.complete"}
{"time":"2026-08-21T16:03:33","level":"INFO","logger":"watchfiles.main","msg":"3 changes detected"}
{"time":"2026-08-21T16:04:33","level":"INFO","logger":"watchfiles.main","msg":"3 changes detected"}
{"time":"2026-08-21T16:04:33","level":"INFO","logger":"bess.sync","msg":"sync.push.complete"}
{"time":"2026-08-21T16:04:34","level":"INFO","logger":"watchfiles.main","msg":"3 changes detected"}
{"time":"2026-08-21T16:05:20","level":"INFO","logger":"watchfiles.main","msg":"1 change detected"}
{"time":"2026-08-21T16:05:34","level":"INFO","logger":"watchfiles.main","msg":"3 changes detected"}
{"time":"2026-08-21T16:05:34","level":"INFO","logger":"bess.sync","msg":"sync.push.complete"}
{"time":"2026-08-21T16:05:34","level":"INFO","logger":"watchfiles.main","msg":"3 changes detected"}
{"time":"2026-08-21T16:06:35","level":"INFO","logger":"watchfiles.main","msg":"3 changes detected"}
{"time":"2026-08-21T16:06:35","level":"INFO","logger":"bess.sync","msg":"sync.push.complete"}
{"time":"2026-08-21T16:06:36","level":"INFO","logger":"watchfiles.main","msg":"3 changes detected"}
{"time":"2026-08-21T16:07:36","level":"INFO","logger":"watchfiles.main","msg":"3 changes detected"}
{"time":"2026-08-21T16:07:36","level":"INFO","logger":"bess.sync","msg":"sync.push.complete"}
{"time":"2026-08-21T16:07:37","level":"INFO","logger":"watchfiles.main","msg":"3 changes detected"}
{"time":"2026-08-21T16:08:37","level":"INFO","logger":"watchfiles.main","msg":"3 changes detected"}
{"time":"2026-08-21T16:08:37","level":"INFO","logger":"bess.sync","msg":"sync.push.complete"}
{"time":"2026-08-21T16:08:38","level":"INFO","logger":"watchfiles.main","msg":"3 changes detected"}
{"time":"2026-08-21T16:09:38","level":"INFO","logger":"watchfiles.main","msg":"3 changes detected"}
{"time":"2026-08-21T16:09:38","level":"INFO","logger":"bess.sync","msg":"sync.push.complete"}
{"time":"2026-08-21T16:09:39","level":"INFO","logger":"watchfiles.main","msg":"3 changes detected"}
{"time":"2026-08-21T16:10:39","level":"INFO","logger":"watchfiles.main","msg":"3 changes detected"}
{"time":"2026-08-21T16:10:39","level":"INFO","logger":"bess.sync","msg":"sync.push.complete"}
{"time":"2026-08-21T16:10:40","level":"INFO","logger":"watchfiles.main","msg":"3 changes detected"}
{"time":"2026-08-21T16:11:40","level":"INFO","logger":"watchfiles.main","msg":"3 changes detected"}
{"time":"2026-08-21T16:11:40","level":"INFO","logger":"bess.sync","msg":"sync.push.complete"}
{"time":"2026-08-21T16:11:40","level":"INFO","logger":"watchfiles.main","msg":"3 changes detected"}
{"time":"2026-08-21T16:12:41","level":"INFO","logger":"watchfiles.main","msg":"3 changes detected"}
{"time":"2026-08-21T16:12:41","level":"INFO","logger":"bess.sync","msg":"sync.push.complete"}
{"time":"2026-08-21T16:12:42","level":"INFO","logger":"watchfiles.main","msg":"3 changes detected"}
{"time":"2026-08-21T16:13:42","level":"INFO","logger":"watchfiles.main","msg":"3 changes detected"}
{"time":"2026-08-21T16:13:42","level":"INFO","logger":"bess.sync","msg":"sync.push.complete"}
{"time":"2026-08-21T16:13:42","level":"INFO","logger":"watchfiles.main","msg":"3 changes detected"}
{"time":"2026-08-21T16:14:43","level":"INFO","logger":"watchfiles.main","msg":"3 changes detected"}
{"time":"2026-08-21T16:14:43","level":"INFO","logger":"bess.sync","msg":"sync.push.complete"}
{"time":"2026-08-21T16:14:44","level":"INFO","logger":"watchfiles.main","msg":"3 changes detected"}
{"time":"2026-08-21T16:15:44","level":"INFO","logger":"watchfiles.main","msg":"3 changes detected"}
{"time":"2026-08-21T16:15:44","level":"INFO","logger":"bess.sync","msg":"sync.push.complete"}
{"time":"2026-08-21T16:15:44","level":"INFO","logger":"watchfiles.main","msg":"3 changes detected"}
{"time":"2026-08-21T16:16:45","level":"INFO","logger":"watchfiles.main","msg":"3 changes detected"}
{"time":"2026-08-21T16:16:45","level":"INFO","logger":"bess.sync","msg":"sync.push.complete"}
{"time":"2026-08-21T16:16:45","level":"INFO","logger":"watchfiles.main","msg":"3 changes detected"}
{"time":"2026-08-21T16:17:46","level":"INFO","logger":"watchfiles.main","msg":"3 changes detected"}
{"time":"2026-08-21T16:17:46","level":"INFO","logger":"bess.sync","msg":"sync.push.complete"}
{"time":"2026-08-21T16:17:46","level":"INFO","logger":"watchfiles.main","msg":"3 changes detected"}
{"time":"2026-08-21T16:18:47","level":"INFO","logger":"watchfiles.main","msg":"3 changes detected"}
{"time":"2026-08-21T16:18:47","level":"INFO","logger":"bess.sync","msg":"sync.push.complete"}
{"time":"2026-08-21T16:18:47","level":"INFO","logger":"watchfiles.main","msg":"3 changes detected"}
{"time":"2026-08-21T16:19:47","level":"INFO","logger":"watchfiles.main","msg":"3 changes detected"}
{"time":"2026-08-21T16:19:48","level":"INFO","logger":"bess.sync","msg":"sync.push.complete"}
{"time":"2026-08-21T16:19:48","level":"INFO","logger":"watchfiles.main","msg":"3 changes detected"}
{"time":"2026-08-21T16:20:48","level":"INFO","logger":"watchfiles.main","msg":"3 changes detected"}
{"time":"2026-08-21T16:20:48","level":"INFO","logger":"bess.sync","msg":"sync.push.complete"}
{"time":"2026-08-21T16:20:49","level":"INFO","logger":"watchfiles.main","msg":"3 changes detected"}
{"time":"2026-08-21T16:21:49","level":"INFO","logger":"bess.sync","msg":"sync.push.complete"}
{"time":"2026-08-21T16:21:49","level":"INFO","logger":"watchfiles.main","msg":"3 changes detected"}
{"time":"2026-08-21T16:22:50","level":"INFO","logger":"watchfiles.main","msg":"3 changes detected"}
{"time":"2026-08-21T16:22:50","level":"INFO","logger":"bess.sync","msg":"sync.push.complete"}
{"time":"2026-08-21T16:22:50","level":"INFO","logger":"watchfiles.main","msg":"4 changes detected"}
{"time":"2026-08-21T16:23:50","level":"INFO","logger":"watchfiles.main","msg":"3 changes detected"}
{"time":"2026-08-21T16:23:50","level":"INFO","logger":"bess.sync","msg":"sync.push.complete"}
{"time":"2026-08-21T16:23:51","level":"INFO","logger":"watchfiles.main","msg":"4 changes detected"}
{"time":"2026-08-21T16:24:51","level":"INFO","logger":"watchfiles.main","msg":"3 changes detected"}
{"time":"2026-08-21T16:24:51","level":"INFO","logger":"bess.sync","msg":"sync.push.complete"}
{"time":"2026-08-21T16:24:52","level":"INFO","logger":"watchfiles.main","msg":"4 changes detected"}
{"time":"2026-08-21T16:25:52","level":"INFO","logger":"watchfiles.main","msg":"3 changes detected"}
{"time":"2026-08-21T16:25:52","level":"INFO","logger":"bess.sync","msg":"sync.push.complete"}
{"time":"2026-08-21T16:25:53","level":"INFO","logger":"watchfiles.main","msg":"3 changes detected"}
{"time":"2026-08-21T16:26:53","level":"INFO","logger":"watchfiles.main","msg":"3 changes detected"}
{"time":"2026-08-21T16:26:53","level":"INFO","logger":"bess.sync","msg":"sync.push.complete"}
{"time":"2026-08-21T16:26:53","level":"INFO","logger":"watchfiles.main","msg":"3 changes detected"}
{"time":"2026-08-21T16:34:11","level":"INFO","logger":"watchfiles.main","msg":"3 changes detected"}
{"time":"2026-08-21T16:34:12","level":"INFO","logger":"bess.sync","msg":"sync.push.complete"}
{"time":"2026-08-21T16:34:12","level":"INFO","logger":"watchfiles.main","msg":"3 changes detected"}
{"time":"2026-08-21T16:35:12","level":"INFO","logger":"watchfiles.main","msg":"3 changes detected"}
{"time":"2026-08-21T16:35:12","level":"INFO","logger":"bess.sync","msg":"sync.push.complete"}
{"time":"2026-08-21T16:35:13","level":"INFO","logger":"watchfiles.main","msg":"3 changes detected"}
{"time":"2026-08-21T16:35:19","level":"INFO","logger":"watchfiles.main","msg":"1 change detected"}
{"time":"2026-08-21T16:36:13","level":"INFO","logger":"watchfiles.main","msg":"3 changes detected"}
{"time":"2026-08-21T16:36:13","level":"INFO","logger":"bess.sync","msg":"sync.push.complete"}
{"time":"2026-08-21T16:36:13","level":"INFO","logger":"watchfiles.main","msg":"3 changes detected"}
{"time":"2026-08-21T16:37:14","level":"INFO","logger":"watchfiles.main","msg":"3 changes detected"}
{"time":"2026-08-21T16:37:14","level":"INFO","logger":"bess.sync","msg":"sync.push.complete"}
{"time":"2026-08-21T16:37:14","level":"INFO","logger":"watchfiles.main","msg":"3 changes detected"}
{"time":"2026-08-21T16:38:14","level":"INFO","logger":"watchfiles.main","msg":"3 changes detected"}
{"time":"2026-08-21T16:38:15","level":"INFO","logger":"bess.sync","msg":"sync.push.complete"}
{"time":"2026-08-21T16:38:15","level":"INFO","logger":"watchfiles.main","msg":"3 changes detected"}
{"time":"2026-08-21T16:39:15","level":"INFO","logger":"watchfiles.main","msg":"3 changes detected"}
{"time":"2026-08-21T16:39:15","level":"INFO","logger":"bess.sync","msg":"sync.push.complete"}
{"time":"2026-08-21T16:39:16","level":"INFO","logger":"watchfiles.main","msg":"4 changes detected"}
{"time":"2026-08-21T16:40:16","level":"INFO","logger":"bess.sync","msg":"sync.push.complete"}
{"time":"2026-08-21T16:40:16","level":"INFO","logger":"watchfiles.main","msg":"3 changes detected"}
{"time":"2026-08-21T16:41:17","level":"INFO","logger":"watchfiles.main","msg":"3 changes detected"}
{"time":"2026-08-21T16:41:17","level":"INFO","logger":"bess.sync","msg":"sync.push.complete"}
{"time":"2026-08-21T16:41:17","level":"INFO","logger":"watchfiles.main","msg":"3 changes detected"}
{"time":"2026-08-21T16:42:17","level":"INFO","logger":"watchfiles.main","msg":"3 changes detected"}
{"time":"2026-08-21T16:42:17","level":"INFO","logger":"bess.sync","msg":"sync.push.complete"}
{"time":"2026-08-21T16:42:18","level":"INFO","logger":"watchfiles.main","msg":"4 changes detected"}
{"time":"2026-08-21T16:43:18","level":"INFO","logger":"watchfiles.main","msg":"3 changes detected"}
{"time":"2026-08-21T16:43:18","level":"INFO","logger":"bess.sync","msg":"sync.push.complete"}
{"time":"2026-08-21T16:43:19","level":"INFO","logger":"watchfiles.main","msg":"3 changes detected"}
{"time":"2026-08-21T16:44:19","level":"INFO","logger":"watchfiles.main","msg":"3 changes detected"}
{"time":"2026-08-21T16:44:19","level":"INFO","logger":"bess.sync","msg":"sync.push.complete"}
{"time":"2026-08-21T16:44:19","level":"INFO","logger":"watchfiles.main","msg":"3 changes detected"}
{"time":"2026-08-21T16:45:20","level":"INFO","logger":"watchfiles.main","msg":"3 changes detected"}
{"time":"2026-08-21T16:45:20","level":"INFO","logger":"bess.sync","msg":"sync.push.complete"}
{"time":"2026-08-21T16:45:20","level":"INFO","logger":"watchfiles.main","msg":"4 changes detected"}
{"time":"2026-08-21T16:46:21","level":"INFO","logger":"bess.sync","msg":"sync.push.complete"}
{"time":"2026-08-21T16:46:21","level":"INFO","logger":"watchfiles.main","msg":"3 changes detected"}
{"time":"2026-08-21T16:47:21","level":"INFO","logger":"watchfiles.main","msg":"3 changes detected"}
{"time":"2026-08-21T16:47:22","level":"INFO","logger":"bess.sync","msg":"sync.push.complete"}
{"time":"2026-08-21T16:47:22","level":"INFO","logger":"watchfiles.main","msg":"4 changes detected"}
{"time":"2026-08-21T16:48:22","level":"INFO","logger":"watchfiles.main","msg":"3 changes detected"}
{"time":"2026-08-21T16:48:22","level":"INFO","logger":"bess.sync","msg":"sync.push.complete"}
{"time":"2026-08-21T16:48:23","level":"INFO","logger":"watchfiles.main","msg":"4 changes detected"}
{"time":"2026-08-21T16:49:23","level":"INFO","logger":"bess.sync","msg":"sync.push.complete"}
{"time":"2026-08-21T16:49:23","level":"INFO","logger":"watchfiles.main","msg":"3 changes detected"}
{"time":"2026-08-21T16:50:24","level":"INFO","logger":"bess.sync","msg":"sync.push.complete"}
{"time":"2026-08-21T16:50:24","level":"INFO","logger":"watchfiles.main","msg":"3 changes detected"}
{"time":"2026-08-21T16:51:25","level":"INFO","logger":"watchfiles.main","msg":"3 changes detected"}
{"time":"2026-08-21T16:51:25","level":"INFO","logger":"bess.sync","msg":"sync.push.complete"}
{"time":"2026-08-21T16:51:25","level":"INFO","logger":"watchfiles.main","msg":"3 changes detected"}
{"time":"2026-08-21T16:52:25","level":"INFO","logger":"watchfiles.main","msg":"3 changes detected"}
{"time":"2026-08-21T16:52:25","level":"INFO","logger":"bess.sync","msg":"sync.push.complete"}
{"time":"2026-08-21T16:52:26","level":"INFO","logger":"watchfiles.main","msg":"4 changes detected"}
{"time":"2026-08-21T16:53:26","level":"INFO","logger":"watchfiles.main","msg":"3 changes detected"}
{"time":"2026-08-21T16:53:26","level":"INFO","logger":"bess.sync","msg":"sync.push.complete"}
{"time":"2026-08-21T16:53:27","level":"INFO","logger":"watchfiles.main","msg":"3 changes detected"}
{"time":"2026-08-21T16:54:27","level":"INFO","logger":"watchfiles.main","msg":"3 changes detected"}
{"time":"2026-08-21T16:54:27","level":"INFO","logger":"bess.sync","msg":"sync.push.complete"}
{"time":"2026-08-21T16:54:27","level":"INFO","logger":"watchfiles.main","msg":"4 changes detected"}
{"time":"2026-08-21T16:55:28","level":"INFO","logger":"watchfiles.main","msg":"3 changes detected"}
{"time":"2026-08-21T16:55:28","level":"INFO","logger":"bess.sync","msg":"sync.push.complete"}
{"time":"2026-08-21T16:55:28","level":"INFO","logger":"watchfiles.main","msg":"4 changes detected"}
{"time":"2026-08-21T16:56:29","level":"INFO","logger":"watchfiles.main","msg":"3 changes detected"}
{"time":"2026-08-21T16:56:29","level":"INFO","logger":"bess.sync","msg":"sync.push.complete"}
{"time":"2026-08-21T16:56:29","level":"INFO","logger":"watchfiles.main","msg":"4 changes detected"}
{"time":"2026-08-21T16:57:30","level":"INFO","logger":"watchfiles.main","msg":"3 changes detected"}
{"time":"2026-08-21T16:57:30","level":"INFO","logger":"bess.sync","msg":"sync.push.complete"}
{"time":"2026-08-21T16:57:30","level":"INFO","logger":"watchfiles.main","msg":"3 changes detected"}
{"time":"2026-08-21T16:58:30","level":"INFO","logger":"watchfiles.main","msg":"3 changes detected"}
{"time":"2026-08-21T16:58:31","level":"INFO","logger":"bess.sync","msg":"sync.push.complete"}
{"time":"2026-08-21T16:58:31","level":"INFO","logger":"watchfiles.main","msg":"3 changes detected"}
{"time":"2026-08-21T16:59:31","level":"INFO","logger":"watchfiles.main","msg":"3 changes detected"}
{"time":"2026-08-21T16:59:31","level":"INFO","logger":"bess.sync","msg":"sync.push.complete"}
{"time":"2026-08-21T16:59:32","level":"INFO","logger":"watchfiles.main","msg":"3 changes detected"}
{"time":"2026-08-21T17:00:32","level":"INFO","logger":"watchfiles.main","msg":"3 changes detected"}
{"time":"2026-08-21T17:00:32","level":"INFO","logger":"bess.sync","msg":"sync.push.complete"}
{"time":"2026-08-21T17:00:33","level":"INFO","logger":"watchfiles.main","msg":"2 changes detected"}
{"time":"2026-08-21T17:01:33","level":"INFO","logger":"watchfiles.main","msg":"3 changes detected"}
{"time":"2026-08-21T17:01:33","level":"INFO","logger":"bess.sync","msg":"sync.push.complete"}
{"time":"2026-08-21T17:01:34","level":"INFO","logger":"watchfiles.main","msg":"4 changes detected"}
{"time":"2026-08-21T17:02:34","level":"INFO","logger":"watchfiles.main","msg":"3 changes detected"}
{"time":"2026-08-21T17:02:34","level":"INFO","logger":"bess.sync","msg":"sync.push.complete"}
{"time":"2026-08-21T17:02:34","level":"INFO","logger":"watchfiles.main","msg":"4 changes detected"}
{"time":"2026-08-21T17:03:35","level":"INFO","logger":"watchfiles.main","msg":"3 changes detected"}
{"time":"2026-08-21T17:03:35","level":"INFO","logger":"bess.sync","msg":"sync.push.complete"}
{"time":"2026-08-21T17:04:36","level":"INFO","logger":"watchfiles.main","msg":"3 changes detected"}
{"time":"2026-08-21T17:04:36","level":"INFO","logger":"bess.sync","msg":"sync.push.complete"}
{"time":"2026-08-21T17:04:36","level":"INFO","logger":"watchfiles.main","msg":"3 changes detected"}
{"time":"2026-08-21T17:05:37","level":"INFO","logger":"watchfiles.main","msg":"3 changes detected"}
{"time":"2026-08-21T17:05:37","level":"INFO","logger":"bess.sync","msg":"sync.push.complete"}
{"time":"2026-08-21T17:05:37","level":"INFO","logger":"watchfiles.main","msg":"3 changes detected"}
{"time":"2026-08-21T17:06:38","level":"INFO","logger":"watchfiles.main","msg":"3 changes detected"}
{"time":"2026-08-21T17:06:38","level":"INFO","logger":"bess.sync","msg":"sync.push.complete"}
{"time":"2026-08-21T17:06:38","level":"INFO","logger":"watchfiles.main","msg":"4 changes detected"}
{"time":"2026-08-21T17:07:38","level":"INFO","logger":"watchfiles.main","msg":"3 changes detected"}
{"time":"2026-08-21T17:07:38","level":"INFO","logger":"bess.sync","msg":"sync.push.complete"}
{"time":"2026-08-21T17:07:39","level":"INFO","logger":"watchfiles.main","msg":"4 changes detected"}
{"time":"2026-08-21T17:08:39","level":"INFO","logger":"watchfiles.main","msg":"3 changes detected"}
{"time":"2026-08-21T17:08:39","level":"INFO","logger":"bess.sync","msg":"sync.push.complete"}
{"time":"2026-08-21T17:08:40","level":"INFO","logger":"watchfiles.main","msg":"3 changes detected"}
{"time":"2026-08-21T17:09:40","level":"INFO","logger":"watchfiles.main","msg":"3 changes detected"}
{"time":"2026-08-21T17:09:40","level":"INFO","logger":"bess.sync","msg":"sync.push.complete"}
{"time":"2026-08-21T17:09:40","level":"INFO","logger":"watchfiles.main","msg":"4 changes detected"}
{"time":"2026-08-21T17:10:41","level":"INFO","logger":"watchfiles.main","msg":"3 changes detected"}
{"time":"2026-08-21T17:10:41","level":"INFO","logger":"bess.sync","msg":"sync.push.complete"}
{"time":"2026-08-21T17:10:41","level":"INFO","logger":"watchfiles.main","msg":"1 change detected"}
{"time":"2026-08-21T17:11:42","level":"INFO","logger":"watchfiles.main","msg":"3 changes detected"}
{"time":"2026-08-21T17:11:42","level":"INFO","logger":"bess.sync","msg":"sync.push.complete"}
{"time":"2026-08-21T17:11:42","level":"INFO","logger":"watchfiles.main","msg":"3 changes detected"}
{"time":"2026-08-21T17:12:43","level":"INFO","logger":"watchfiles.main","msg":"3 changes detected"}
{"time":"2026-08-21T17:12:43","level":"INFO","logger":"bess.sync","msg":"sync.push.complete"}
{"time":"2026-08-21T17:12:43","level":"INFO","logger":"watchfiles.main","msg":"4 changes detected"}
{"time":"2026-08-21T17:13:44","level":"INFO","logger":"watchfiles.main","msg":"3 changes detected"}
{"time":"2026-08-21T17:13:44","level":"INFO","logger":"bess.sync","msg":"sync.push.complete"}
{"time":"2026-08-21T17:13:44","level":"INFO","logger":"watchfiles.main","msg":"4 changes detected"}
{"time":"2026-08-21T17:14:44","level":"INFO","logger":"watchfiles.main","msg":"3 changes detected"}
{"time":"2026-08-21T17:14:44","level":"INFO","logger":"bess.sync","msg":"sync.push.complete"}
{"time":"2026-08-21T17:14:45","level":"INFO","logger":"watchfiles.main","msg":"4 changes detected"}
{"time":"2026-08-21T17:15:45","level":"INFO","logger":"watchfiles.main","msg":"3 changes detected"}
{"time":"2026-08-21T17:15:45","level":"INFO","logger":"bess.sync","msg":"sync.push.complete"}
{"time":"2026-08-21T17:15:46","level":"INFO","logger":"watchfiles.main","msg":"3 changes detected"}
{"time":"2026-08-21T17:16:46","level":"INFO","logger":"watchfiles.main","msg":"3 changes detected"}
{"time":"2026-08-21T17:16:46","level":"INFO","logger":"bess.sync","msg":"sync.push.complete"}
{"time":"2026-08-21T17:16:47","level":"INFO","logger":"watchfiles.main","msg":"3 changes detected"}
{"time":"2026-08-21T17:17:47","level":"INFO","logger":"watchfiles.main","msg":"3 changes detected"}
{"time":"2026-08-21T17:17:47","level":"INFO","logger":"bess.sync","msg":"sync.push.complete"}
{"time":"2026-08-21T17:17:47","level":"INFO","logger":"watchfiles.main","msg":"4 changes detected"}
{"time":"2026-08-21T17:18:48","level":"INFO","logger":"watchfiles.main","msg":"3 changes detected"}
{"time":"2026-08-21T17:18:48","level":"INFO","logger":"bess.sync","msg":"sync.push.complete"}
{"time":"2026-08-21T17:18:48","level":"INFO","logger":"watchfiles.main","msg":"4 changes detected"}
{"time":"2026-08-21T17:19:49","level":"INFO","logger":"watchfiles.main","msg":"3 changes detected"}
{"time":"2026-08-21T17:19:49","level":"INFO","logger":"bess.sync","msg":"sync.push.complete"}
{"time":"2026-08-21T17:19:49","level":"INFO","logger":"watchfiles.main","msg":"4 changes detected"}
{"time":"2026-08-21T17:20:50","level":"INFO","logger":"watchfiles.main","msg":"3 changes detected"}
{"time":"2026-08-21T17:20:50","level":"INFO","logger":"bess.sync","msg":"sync.push.complete"}
{"time":"2026-08-21T17:20:50","level":"INFO","logger":"watchfiles.main","msg":"4 changes detected"}
{"time":"2026-08-21T17:21:51","level":"INFO","logger":"watchfiles.main","msg":"3 changes detected"}
{"time":"2026-08-21T17:21:51","level":"INFO","logger":"bess.sync","msg":"sync.push.complete"}
{"time":"2026-08-21T17:21:51","level":"INFO","logger":"watchfiles.main","msg":"3 changes detected"}
{"time":"2026-08-21T17:22:52","level":"INFO","logger":"watchfiles.main","msg":"3 changes detected"}
{"time":"2026-08-21T17:22:52","level":"INFO","logger":"bess.sync","msg":"sync.push.complete"}
{"time":"2026-08-21T17:22:52","level":"INFO","logger":"watchfiles.main","msg":"3 changes detected"}
{"time":"2026-08-21T17:23:52","level":"INFO","logger":"watchfiles.main","msg":"3 changes detected"}
{"time":"2026-08-21T17:23:52","level":"INFO","logger":"bess.sync","msg":"sync.push.complete"}
{"time":"2026-08-21T17:23:53","level":"INFO","logger":"watchfiles.main","msg":"3 changes detected"}
{"time":"2026-08-21T17:24:53","level":"INFO","logger":"watchfiles.main","msg":"3 changes detected"}
{"time":"2026-08-21T17:24:53","level":"INFO","logger":"bess.sync","msg":"sync.push.complete"}
{"time":"2026-08-21T17:24:54","level":"INFO","logger":"watchfiles.main","msg":"3 changes detected"}
{"time":"2026-08-21T17:25:54","level":"INFO","logger":"watchfiles.main","msg":"3 changes detected"}
{"time":"2026-08-21T17:25:54","level":"INFO","logger":"bess.sync","msg":"sync.push.complete"}
{"time":"2026-08-21T17:25:55","level":"INFO","logger":"watchfiles.main","msg":"4 changes detected"}
{"time":"2026-08-21T17:26:55","level":"INFO","logger":"watchfiles.main","msg":"3 changes detected"}
{"time":"2026-08-21T17:26:55","level":"INFO","logger":"bess.sync","msg":"sync.push.complete"}
{"time":"2026-08-21T17:26:55","level":"INFO","logger":"watchfiles.main","msg":"4 changes detected"}
{"time":"2026-08-21T17:27:56","level":"INFO","logger":"watchfiles.main","msg":"3 changes detected"}
{"time":"2026-08-21T17:27:56","level":"INFO","logger":"bess.sync","msg":"sync.push.complete"}
{"time":"2026-08-21T17:27:56","level":"INFO","logger":"watchfiles.main","msg":"4 changes detected"}
{"time":"2026-08-21T17:28:57","level":"INFO","logger":"watchfiles.main","msg":"3 changes detected"}
{"time":"2026-08-21T17:28:57","level":"INFO","logger":"bess.sync","msg":"sync.push.complete"}
{"time":"2026-08-21T17:28:57","level":"INFO","logger":"watchfiles.main","msg":"3 changes detected"}
{"time":"2026-08-21T17:29:58","level":"INFO","logger":"watchfiles.main","msg":"3 changes detected"}
{"time":"2026-08-21T17:29:58","level":"INFO","logger":"bess.sync","msg":"sync.push.complete"}
{"time":"2026-08-21T17:29:58","level":"INFO","logger":"watchfiles.main","msg":"3 changes detected"}
{"time":"2026-08-21T17:30:59","level":"INFO","logger":"watchfiles.main","msg":"3 changes detected"}
{"time":"2026-08-21T17:30:59","level":"INFO","logger":"bess.sync","msg":"sync.push.complete"}
{"time":"2026-08-21T17:30:59","level":"INFO","logger":"watchfiles.main","msg":"3 changes detected"}
{"time":"2026-08-21T17:32:00","level":"INFO","logger":"watchfiles.main","msg":"3 changes detected"}
{"time":"2026-08-21T17:32:00","level":"INFO","logger":"bess.sync","msg":"sync.push.complete"}
{"time":"2026-08-21T17:32:00","level":"INFO","logger":"watchfiles.main","msg":"3 changes detected"}
{"time":"2026-08-21T17:33:00","level":"INFO","logger":"watchfiles.main","msg":"3 changes detected"}
{"time":"2026-08-21T17:33:01","level":"INFO","logger":"bess.sync","msg":"sync.push.complete"}
{"time":"2026-08-21T17:33:01","level":"INFO","logger":"watchfiles.main","msg":"3 changes detected"}
{"time":"2026-08-21T17:34:01","level":"INFO","logger":"watchfiles.main","msg":"3 changes detected"}
{"time":"2026-08-21T17:34:01","level":"INFO","logger":"bess.sync","msg":"sync.push.complete"}
{"time":"2026-08-21T17:34:02","level":"INFO","logger":"watchfiles.main","msg":"2 changes detected"}
{"time":"2026-08-21T17:35:02","level":"INFO","logger":"watchfiles.main","msg":"3 changes detected"}
{"time":"2026-08-21T17:35:02","level":"INFO","logger":"bess.sync","msg":"sync.push.complete"}
{"time":"2026-08-21T17:35:03","level":"INFO","logger":"watchfiles.main","msg":"3 changes detected"}
{"time":"2026-08-21T17:36:03","level":"INFO","logger":"watchfiles.main","msg":"3 changes detected"}
{"time":"2026-08-21T17:36:03","level":"INFO","logger":"bess.sync","msg":"sync.push.complete"}
{"time":"2026-08-21T17:36:04","level":"INFO","logger":"watchfiles.main","msg":"3 changes detected"}
{"time":"2026-08-21T17:37:04","level":"INFO","logger":"watchfiles.main","msg":"3 changes detected"}
{"time":"2026-08-21T17:37:04","level":"INFO","logger":"bess.sync","msg":"sync.push.complete"}
{"time":"2026-08-21T17:37:04","level":"INFO","logger":"watchfiles.main","msg":"3 changes detected"}
{"time":"2026-08-21T17:38:05","level":"INFO","logger":"watchfiles.main","msg":"3 changes detected"}
{"time":"2026-08-21T17:38:05","level":"INFO","logger":"bess.sync","msg":"sync.push.complete"}
{"time":"2026-08-21T17:38:05","level":"INFO","logger":"watchfiles.main","msg":"3 changes detected"}
{"time":"2026-08-21T17:39:06","level":"INFO","logger":"watchfiles.main","msg":"3 changes detected"}
{"time":"2026-08-21T17:39:06","level":"INFO","logger":"bess.sync","msg":"sync.push.complete"}
{"time":"2026-08-21T17:39:06","level":"INFO","logger":"watchfiles.main","msg":"3 changes detected"}
{"time":"2026-08-21T17:40:07","level":"INFO","logger":"watchfiles.main","msg":"3 changes detected"}
{"time":"2026-08-21T17:40:07","level":"INFO","logger":"bess.sync","msg":"sync.push.complete"}
{"time":"2026-08-21T17:40:07","level":"INFO","logger":"watchfiles.main","msg":"3 changes detected"}
{"time":"2026-08-21T17:41:08","level":"INFO","logger":"watchfiles.main","msg":"3 changes detected"}
{"time":"2026-08-21T17:41:08","level":"INFO","logger":"bess.sync","msg":"sync.push.complete"}
{"time":"2026-08-21T17:41:08","level":"INFO","logger":"watchfiles.main","msg":"4 changes detected"}
{"time":"2026-08-21T17:42:09","level":"INFO","logger":"watchfiles.main","msg":"3 changes detected"}
{"time":"2026-08-21T17:42:09","level":"INFO","logger":"bess.sync","msg":"sync.push.complete"}
{"time":"2026-08-21T17:42:09","level":"INFO","logger":"watchfiles.main","msg":"4 changes detected"}
{"time":"2026-08-21T17:43:09","level":"INFO","logger":"watchfiles.main","msg":"3 changes detected"}
{"time":"2026-08-21T17:43:10","level":"INFO","logger":"bess.sync","msg":"sync.push.complete"}
{"time":"2026-08-21T17:43:10","level":"INFO","logger":"watchfiles.main","msg":"3 changes detected"}
{"time":"2026-08-21T17:44:10","level":"INFO","logger":"watchfiles.main","msg":"3 changes detected"}
{"time":"2026-08-21T17:44:10","level":"INFO","logger":"bess.sync","msg":"sync.push.complete"}
{"time":"2026-08-21T17:44:11","level":"INFO","logger":"watchfiles.main","msg":"3 changes detected"}
{"time":"2026-08-21T17:45:11","level":"INFO","logger":"watchfiles.main","msg":"3 changes detected"}
{"time":"2026-08-21T17:45:11","level":"INFO","logger":"bess.sync","msg":"sync.push.complete"}
{"time":"2026-08-21T17:45:11","level":"INFO","logger":"watchfiles.main","msg":"3 changes detected"}
{"time":"2026-08-21T17:46:12","level":"INFO","logger":"watchfiles.main","msg":"3 changes detected"}
{"time":"2026-08-21T17:46:12","level":"INFO","logger":"bess.sync","msg":"sync.push.complete"}
{"time":"2026-08-21T17:46:12","level":"INFO","logger":"watchfiles.main","msg":"3 changes detected"}
{"time":"2026-08-21T17:47:12","level":"INFO","logger":"watchfiles.main","msg":"3 changes detected"}
{"time":"2026-08-21T17:47:13","level":"INFO","logger":"bess.sync","msg":"sync.push.complete"}
{"time":"2026-08-21T17:47:13","level":"INFO","logger":"watchfiles.main","msg":"3 changes detected"}
{"time":"2026-08-21T17:48:13","level":"INFO","logger":"watchfiles.main","msg":"3 changes detected"}
{"time":"2026-08-21T17:48:13","level":"INFO","logger":"bess.sync","msg":"sync.push.complete"}
{"time":"2026-08-21T17:48:13","level":"INFO","logger":"watchfiles.main","msg":"3 changes detected"}
{"time":"2026-08-21T17:49:14","level":"INFO","logger":"watchfiles.main","msg":"3 changes detected"}
{"time":"2026-08-21T17:49:14","level":"INFO","logger":"bess.sync","msg":"sync.push.complete"}
{"time":"2026-08-21T17:49:14","level":"INFO","logger":"watchfiles.main","msg":"3 changes detected"}
{"time":"2026-08-21T17:50:14","level":"INFO","logger":"watchfiles.main","msg":"3 changes detected"}
{"time":"2026-08-21T17:50:14","level":"INFO","logger":"bess.sync","msg":"sync.push.complete"}
{"time":"2026-08-21T17:50:15","level":"INFO","logger":"watchfiles.main","msg":"3 changes detected"}
{"time":"2026-08-21T17:50:20","level":"INFO","logger":"watchfiles.main","msg":"1 change detected"}
{"time":"2026-08-21T17:51:15","level":"INFO","logger":"watchfiles.main","msg":"3 changes detected"}
{"time":"2026-08-21T17:51:15","level":"INFO","logger":"bess.sync","msg":"sync.push.complete"}
{"time":"2026-08-21T17:51:15","level":"INFO","logger":"watchfiles.main","msg":"3 changes detected"}
{"time":"2026-08-21T17:52:16","level":"INFO","logger":"watchfiles.main","msg":"3 changes detected"}
{"time":"2026-08-21T17:52:16","level":"INFO","logger":"bess.sync","msg":"sync.push.complete"}
{"time":"2026-08-21T17:52:16","level":"INFO","logger":"watchfiles.main","msg":"3 changes detected"}
{"time":"2026-08-21T17:53:16","level":"INFO","logger":"watchfiles.main","msg":"3 changes detected"}
{"time":"2026-08-21T17:53:16","level":"INFO","logger":"bess.sync","msg":"sync.push.complete"}
{"time":"2026-08-21T17:53:17","level":"INFO","logger":"watchfiles.main","msg":"3 changes detected"}
{"time":"2026-08-21T17:54:17","level":"INFO","logger":"watchfiles.main","msg":"3 changes detected"}
{"time":"2026-08-21T17:54:17","level":"INFO","logger":"bess.sync","msg":"sync.push.complete"}
{"time":"2026-08-21T17:54:17","level":"INFO","logger":"watchfiles.main","msg":"3 changes detected"}
{"time":"2026-08-21T17:55:18","level":"INFO","logger":"bess.sync","msg":"sync.push.complete"}
{"time":"2026-08-21T17:55:18","level":"INFO","logger":"watchfiles.main","msg":"3 changes detected"}
{"time":"2026-08-21T17:56:18","level":"INFO","logger":"watchfiles.main","msg":"3 changes detected"}
{"time":"2026-08-21T17:56:19","level":"INFO","logger":"bess.sync","msg":"sync.push.complete"}
{"time":"2026-08-21T17:56:19","level":"INFO","logger":"watchfiles.main","msg":"3 changes detected"}
{"time":"2026-08-21T17:57:19","level":"INFO","logger":"watchfiles.main","msg":"3 changes detected"}
{"time":"2026-08-21T17:57:19","level":"INFO","logger":"bess.sync","msg":"sync.push.complete"}
{"time":"2026-08-21T17:57:20","level":"INFO","logger":"watchfiles.main","msg":"3 changes detected"}
{"time":"2026-08-21T17:58:20","level":"INFO","logger":"watchfiles.main","msg":"3 changes detected"}
{"time":"2026-08-21T17:58:20","level":"INFO","logger":"bess.sync","msg":"sync.push.complete"}
{"time":"2026-08-21T17:58:20","level":"INFO","logger":"watchfiles.main","msg":"3 changes detected"}
{"time":"2026-08-21T17:59:21","level":"INFO","logger":"watchfiles.main","msg":"3 changes detected"}
{"time":"2026-08-21T17:59:21","level":"INFO","logger":"bess.sync","msg":"sync.push.complete"}
{"time":"2026-08-21T17:59:21","level":"INFO","logger":"watchfiles.main","msg":"3 changes detected"}
{"time":"2026-08-21T18:00:22","level":"INFO","logger":"watchfiles.main","msg":"3 changes detected"}
{"time":"2026-08-21T18:00:22","level":"INFO","logger":"bess.sync","msg":"sync.push.complete"}
{"time":"2026-08-21T18:00:22","level":"INFO","logger":"watchfiles.main","msg":"3 changes detected"}
{"time":"2026-08-21T18:01:23","level":"INFO","logger":"bess.sync","msg":"sync.push.complete"}
{"time":"2026-08-21T18:01:23","level":"INFO","logger":"watchfiles.main","msg":"3 changes detected"}
{"time":"2026-08-21T18:02:23","level":"INFO","logger":"watchfiles.main","msg":"3 changes detected"}
{"time":"2026-08-21T18:02:23","level":"INFO","logger":"bess.sync","msg":"sync.push.complete"}
{"time":"2026-08-21T18:02:24","level":"INFO","logger":"watchfiles.main","msg":"3 changes detected"}
{"time":"2026-08-21T18:03:24","level":"INFO","logger":"watchfiles.main","msg":"3 changes detected"}
{"time":"2026-08-21T18:03:24","level":"INFO","logger":"bess.sync","msg":"sync.push.complete"}
{"time":"2026-08-21T18:03:25","level":"INFO","logger":"watchfiles.main","msg":"3 changes detected"}
{"time":"2026-08-21T18:04:25","level":"INFO","logger":"bess.sync","msg":"sync.push.complete"}
{"time":"2026-08-21T18:04:25","level":"INFO","logger":"watchfiles.main","msg":"3 changes detected"}
{"time":"2026-08-21T18:05:26","level":"INFO","logger":"watchfiles.main","msg":"3 changes detected"}
{"time":"2026-08-21T18:05:26","level":"INFO","logger":"bess.sync","msg":"sync.push.complete"}
{"time":"2026-08-21T18:05:26","level":"INFO","logger":"watchfiles.main","msg":"3 changes detected"}
{"time":"2026-08-21T18:06:26","level":"INFO","logger":"watchfiles.main","msg":"3 changes detected"}
{"time":"2026-08-21T18:06:27","level":"INFO","logger":"bess.sync","msg":"sync.push.complete"}
{"time":"2026-08-21T18:06:27","level":"INFO","logger":"watchfiles.main","msg":"3 changes detected"}
{"time":"2026-08-21T18:07:27","level":"INFO","logger":"watchfiles.main","msg":"3 changes detected"}
{"time":"2026-08-21T18:07:27","level":"INFO","logger":"bess.sync","msg":"sync.push.complete"}
{"time":"2026-08-21T18:07:28","level":"INFO","logger":"watchfiles.main","msg":"3 changes detected"}
{"time":"2026-08-21T18:08:28","level":"INFO","logger":"watchfiles.main","msg":"3 changes detected"}
{"time":"2026-08-21T18:08:28","level":"INFO","logger":"bess.sync","msg":"sync.push.complete"}
{"time":"2026-08-21T18:08:28","level":"INFO","logger":"watchfiles.main","msg":"3 changes detected"}
{"time":"2026-08-21T18:09:29","level":"INFO","logger":"watchfiles.main","msg":"3 changes detected"}
{"time":"2026-08-21T18:09:29","level":"INFO","logger":"bess.sync","msg":"sync.push.complete"}
{"time":"2026-08-21T18:09:29","level":"INFO","logger":"watchfiles.main","msg":"3 changes detected"}
{"time":"2026-08-21T18:10:30","level":"INFO","logger":"watchfiles.main","msg":"3 changes detected"}
{"time":"2026-08-21T18:10:30","level":"INFO","logger":"bess.sync","msg":"sync.push.complete"}
{"time":"2026-08-21T18:10:30","level":"INFO","logger":"watchfiles.main","msg":"3 changes detected"}
{"time":"2026-08-21T18:11:30","level":"INFO","logger":"watchfiles.main","msg":"3 changes detected"}
{"time":"2026-08-21T18:11:31","level":"INFO","logger":"bess.sync","msg":"sync.push.complete"}
{"time":"2026-08-21T18:11:31","level":"INFO","logger":"watchfiles.main","msg":"3 changes detected"}
{"time":"2026-08-21T18:12:31","level":"INFO","logger":"watchfiles.main","msg":"3 changes detected"}
{"time":"2026-08-21T18:12:31","level":"INFO","logger":"bess.sync","msg":"sync.push.complete"}
{"time":"2026-08-21T18:12:32","level":"INFO","logger":"watchfiles.main","msg":"3 changes detected"}
{"time":"2026-08-21T18:13:32","level":"INFO","logger":"watchfiles.main","msg":"3 changes detected"}
{"time":"2026-08-21T18:13:32","level":"INFO","logger":"bess.sync","msg":"sync.push.complete"}
{"time":"2026-08-21T18:13:32","level":"INFO","logger":"watchfiles.main","msg":"3 changes detected"}
{"time":"2026-08-21T18:14:33","level":"INFO","logger":"watchfiles.main","msg":"3 changes detected"}
{"time":"2026-08-21T18:14:33","level":"INFO","logger":"bess.sync","msg":"sync.push.complete"}
{"time":"2026-08-21T18:14:33","level":"INFO","logger":"watchfiles.main","msg":"3 changes detected"}
{"time":"2026-08-21T18:15:34","level":"INFO","logger":"watchfiles.main","msg":"3 changes detected"}
{"time":"2026-08-21T18:15:34","level":"INFO","logger":"bess.sync","msg":"sync.push.complete"}
{"time":"2026-08-21T18:15:34","level":"INFO","logger":"watchfiles.main","msg":"3 changes detected"}
{"time":"2026-08-21T18:16:35","level":"INFO","logger":"watchfiles.main","msg":"3 changes detected"}
{"time":"2026-08-21T18:16:35","level":"INFO","logger":"bess.sync","msg":"sync.push.complete"}
{"time":"2026-08-21T18:16:35","level":"INFO","logger":"watchfiles.main","msg":"3 changes detected"}
{"time":"2026-08-21T18:17:35","level":"INFO","logger":"watchfiles.main","msg":"3 changes detected"}
{"time":"2026-08-21T18:17:35","level":"INFO","logger":"bess.sync","msg":"sync.push.complete"}
{"time":"2026-08-21T18:17:36","level":"INFO","logger":"watchfiles.main","msg":"3 changes detected"}
{"time":"2026-08-21T18:18:36","level":"INFO","logger":"watchfiles.main","msg":"3 changes detected"}
{"time":"2026-08-21T18:18:36","level":"INFO","logger":"bess.sync","msg":"sync.push.complete"}
{"time":"2026-08-21T18:18:37","level":"INFO","logger":"watchfiles.main","msg":"3 changes detected"}
{"time":"2026-08-21T18:19:37","level":"INFO","logger":"watchfiles.main","msg":"3 changes detected"}
{"time":"2026-08-21T18:19:37","level":"INFO","logger":"bess.sync","msg":"sync.push.complete"}
{"time":"2026-08-21T18:19:37","level":"INFO","logger":"watchfiles.main","msg":"3 changes detected"}
{"time":"2026-08-21T18:20:19","level":"INFO","logger":"watchfiles.main","msg":"1 change detected"}
{"time":"2026-08-21T18:20:38","level":"INFO","logger":"watchfiles.main","msg":"3 changes detected"}
{"time":"2026-08-21T18:20:38","level":"INFO","logger":"bess.sync","msg":"sync.push.complete"}
{"time":"2026-08-21T18:20:38","level":"INFO","logger":"watchfiles.main","msg":"3 changes detected"}
{"time":"2026-08-21T18:21:39","level":"INFO","logger":"watchfiles.main","msg":"3 changes detected"}
{"time":"2026-08-21T18:21:39","level":"INFO","logger":"bess.sync","msg":"sync.push.complete"}
{"time":"2026-08-21T18:21:39","level":"INFO","logger":"watchfiles.main","msg":"3 changes detected"}
{"time":"2026-08-21T18:22:39","level":"INFO","logger":"watchfiles.main","msg":"3 changes detected"}
{"time":"2026-08-21T18:22:39","level":"INFO","logger":"bess.sync","msg":"sync.push.complete"}
{"time":"2026-08-21T18:22:40","level":"INFO","logger":"watchfiles.main","msg":"3 changes detected"}
{"time":"2026-08-21T18:23:40","level":"INFO","logger":"watchfiles.main","msg":"3 changes detected"}
{"time":"2026-08-21T18:23:40","level":"INFO","logger":"bess.sync","msg":"sync.push.complete"}
{"time":"2026-08-21T18:23:41","level":"INFO","logger":"watchfiles.main","msg":"2 changes detected"}
{"time":"2026-08-21T18:24:41","level":"INFO","logger":"watchfiles.main","msg":"3 changes detected"}
{"time":"2026-08-21T18:24:41","level":"INFO","logger":"bess.sync","msg":"sync.push.complete"}
{"time":"2026-08-21T18:24:42","level":"INFO","logger":"watchfiles.main","msg":"3 changes detected"}
{"time":"2026-08-21T18:25:42","level":"INFO","logger":"watchfiles.main","msg":"3 changes detected"}
{"time":"2026-08-21T18:25:42","level":"INFO","logger":"bess.sync","msg":"sync.push.complete"}
{"time":"2026-08-21T18:25:42","level":"INFO","logger":"watchfiles.main","msg":"3 changes detected"}
{"time":"2026-08-21T18:26:43","level":"INFO","logger":"watchfiles.main","msg":"3 changes detected"}
{"time":"2026-08-21T18:26:43","level":"INFO","logger":"bess.sync","msg":"sync.push.complete"}
{"time":"2026-08-21T18:26:43","level":"INFO","logger":"watchfiles.main","msg":"3 changes detected"}
{"time":"2026-08-21T18:27:44","level":"INFO","logger":"watchfiles.main","msg":"3 changes detected"}
{"time":"2026-08-21T18:27:44","level":"INFO","logger":"bess.sync","msg":"sync.push.complete"}
{"time":"2026-08-21T18:27:44","level":"INFO","logger":"watchfiles.main","msg":"3 changes detected"}
{"time":"2026-08-21T18:28:44","level":"INFO","logger":"watchfiles.main","msg":"3 changes detected"}
{"time":"2026-08-21T18:28:44","level":"INFO","logger":"bess.sync","msg":"sync.push.complete"}
{"time":"2026-08-21T18:28:45","level":"INFO","logger":"watchfiles.main","msg":"3 changes detected"}
{"time":"2026-08-21T18:29:45","level":"INFO","logger":"watchfiles.main","msg":"3 changes detected"}
{"time":"2026-08-21T18:29:45","level":"INFO","logger":"bess.sync","msg":"sync.push.complete"}
{"time":"2026-08-21T18:29:46","level":"INFO","logger":"watchfiles.main","msg":"3 changes detected"}
{"time":"2026-08-21T18:30:46","level":"INFO","logger":"watchfiles.main","msg":"3 changes detected"}
{"time":"2026-08-21T18:30:46","level":"INFO","logger":"bess.sync","msg":"sync.push.complete"}
{"time":"2026-08-21T18:30:46","level":"INFO","logger":"watchfiles.main","msg":"3 changes detected"}
{"time":"2026-08-21T18:31:47","level":"INFO","logger":"watchfiles.main","msg":"3 changes detected"}
{"time":"2026-08-21T18:31:47","level":"INFO","logger":"bess.sync","msg":"sync.push.complete"}
{"time":"2026-08-21T18:31:47","level":"INFO","logger":"watchfiles.main","msg":"3 changes detected"}
{"time":"2026-08-21T18:32:47","level":"INFO","logger":"watchfiles.main","msg":"3 changes detected"}
{"time":"2026-08-21T18:32:47","level":"INFO","logger":"bess.sync","msg":"sync.push.complete"}
{"time":"2026-08-21T18:32:48","level":"INFO","logger":"watchfiles.main","msg":"3 changes detected"}
{"time":"2026-08-21T18:33:48","level":"INFO","logger":"watchfiles.main","msg":"3 changes detected"}
{"time":"2026-08-21T18:33:48","level":"INFO","logger":"bess.sync","msg":"sync.push.complete"}
{"time":"2026-08-21T18:33:48","level":"INFO","logger":"watchfiles.main","msg":"3 changes detected"}
{"time":"2026-08-21T18:34:49","level":"INFO","logger":"watchfiles.main","msg":"3 changes detected"}
{"time":"2026-08-21T18:34:49","level":"INFO","logger":"bess.sync","msg":"sync.push.complete"}
{"time":"2026-08-21T18:34:49","level":"INFO","logger":"watchfiles.main","msg":"3 changes detected"}
{"time":"2026-08-21T18:35:49","level":"INFO","logger":"watchfiles.main","msg":"3 changes detected"}
{"time":"2026-08-21T18:35:49","level":"INFO","logger":"bess.sync","msg":"sync.push.complete"}
{"time":"2026-08-21T18:35:50","level":"INFO","logger":"watchfiles.main","msg":"3 changes detected"}
{"time":"2026-08-21T18:36:50","level":"INFO","logger":"watchfiles.main","msg":"3 changes detected"}
{"time":"2026-08-21T18:36:50","level":"INFO","logger":"bess.sync","msg":"sync.push.complete"}
{"time":"2026-08-21T18:36:50","level":"INFO","logger":"watchfiles.main","msg":"3 changes detected"}
{"time":"2026-08-21T18:37:51","level":"INFO","logger":"watchfiles.main","msg":"3 changes detected"}
{"time":"2026-08-21T18:37:51","level":"INFO","logger":"bess.sync","msg":"sync.push.complete"}
{"time":"2026-08-21T18:38:51","level":"INFO","logger":"watchfiles.main","msg":"3 changes detected"}
{"time":"2026-08-21T18:38:51","level":"INFO","logger":"bess.sync","msg":"sync.push.complete"}
{"time":"2026-08-21T18:38:52","level":"INFO","logger":"watchfiles.main","msg":"3 changes detected"}
{"time":"2026-08-21T18:39:52","level":"INFO","logger":"watchfiles.main","msg":"3 changes detected"}
{"time":"2026-08-21T18:39:52","level":"INFO","logger":"bess.sync","msg":"sync.push.complete"}
{"time":"2026-08-21T18:39:52","level":"INFO","logger":"watchfiles.main","msg":"3 changes detected"}
{"time":"2026-08-21T18:40:53","level":"INFO","logger":"watchfiles.main","msg":"3 changes detected"}
{"time":"2026-08-21T18:40:53","level":"INFO","logger":"bess.sync","msg":"sync.push.complete"}
{"time":"2026-08-21T18:40:53","level":"INFO","logger":"watchfiles.main","msg":"3 changes detected"}
{"time":"2026-08-21T18:41:53","level":"INFO","logger":"watchfiles.main","msg":"3 changes detected"}
{"time":"2026-08-21T18:41:53","level":"INFO","logger":"bess.sync","msg":"sync.push.complete"}
{"time":"2026-08-21T18:41:54","level":"INFO","logger":"watchfiles.main","msg":"3 changes detected"}
{"time":"2026-08-21T18:42:54","level":"INFO","logger":"watchfiles.main","msg":"3 changes detected"}
{"time":"2026-08-21T18:42:54","level":"INFO","logger":"bess.sync","msg":"sync.push.complete"}
{"time":"2026-08-21T18:42:54","level":"INFO","logger":"watchfiles.main","msg":"3 changes detected"}
{"time":"2026-08-24T10:03:12","level":"INFO","logger":"watchfiles.main","msg":"1 change detected"}
{"time":"2026-08-24T10:03:13","level":"INFO","logger":"watchfiles.main","msg":"3 changes detected"}
{"time":"2026-08-24T10:03:14","level":"INFO","logger":"watchfiles.main","msg":"3 changes detected"}
{"time":"2026-08-24T10:03:14","level":"INFO","logger":"watchfiles.main","msg":"3 changes detected"}
{"time":"2026-08-24T10:03:14","level":"INFO","logger":"bess.sync","msg":"sync.push.complete"}
{"time":"2026-08-24T10:03:15","level":"INFO","logger":"watchfiles.main","msg":"3 changes detected"}
{"time":"2026-08-24T10:04:14","level":"INFO","logger":"watchfiles.main","msg":"1 change detected"}
{"time":"2026-08-24T10:04:14","level":"INFO","logger":"watchfiles.main","msg":"4 changes detected"}
{"time":"2026-08-24T10:04:15","level":"INFO","logger":"watchfiles.main","msg":"1 change detected"}
{"time":"2026-08-24T10:04:15","level":"INFO","logger":"watchfiles.main","msg":"1 change detected"}
{"time":"2026-08-24T10:04:16","level":"INFO","logger":"bess.sync","msg":"sync.push.complete"}
{"time":"2026-08-24T10:04:16","level":"INFO","logger":"watchfiles.main","msg":"3 changes detected"}
{"time":"2026-08-24T10:05:17","level":"INFO","logger":"watchfiles.main","msg":"3 changes detected"}
{"time":"2026-08-24T10:05:18","level":"INFO","logger":"watchfiles.main","msg":"1 change detected"}
{"time":"2026-08-24T10:05:18","level":"INFO","logger":"bess.sync","msg":"sync.push.complete"}
{"time":"2026-08-24T10:05:18","level":"INFO","logger":"watchfiles.main","msg":"3 changes detected"}
{"time":"2026-08-24T10:06:19","level":"INFO","logger":"watchfiles.main","msg":"3 changes detected"}
{"time":"2026-08-24T10:06:19","level":"INFO","logger":"bess.sync","msg":"sync.push.complete"}
{"time":"2026-08-24T10:06:20","level":"INFO","logger":"watchfiles.main","msg":"3 changes detected"}
{"time":"2026-08-24T10:07:20","level":"INFO","logger":"watchfiles.main","msg":"1 change detected"}
{"time":"2026-08-24T10:07:21","level":"INFO","logger":"watchfiles.main","msg":"3 changes detected"}
{"time":"2026-08-24T10:07:21","level":"INFO","logger":"bess.sync","msg":"sync.push.complete"}
{"time":"2026-08-24T10:07:21","level":"INFO","logger":"watchfiles.main","msg":"3 changes detected"}
{"time":"2026-08-24T10:07:43","level":"INFO","logger":"watchfiles.main","msg":"1 change detected"}
{"time":"2026-08-24T10:08:22","level":"INFO","logger":"watchfiles.main","msg":"3 changes detected"}
{"time":"2026-08-24T10:08:23","level":"INFO","logger":"watchfiles.main","msg":"1 change detected"}
{"time":"2026-08-24T10:08:23","level":"INFO","logger":"bess.sync","msg":"sync.push.complete"}
{"time":"2026-08-24T10:08:23","level":"INFO","logger":"watchfiles.main","msg":"2 changes detected"}
{"time":"2026-08-24T10:09:24","level":"INFO","logger":"watchfiles.main","msg":"3 changes detected"}
{"time":"2026-08-24T10:09:24","level":"INFO","logger":"bess.sync","msg":"sync.push.complete"}
{"time":"2026-08-24T10:09:24","level":"INFO","logger":"watchfiles.main","msg":"3 changes detected"}
{"time":"2026-08-24T10:09:48","level":"INFO","logger":"watchfiles.main","msg":"1 change detected"}
{"time":"2026-08-24T10:10:25","level":"INFO","logger":"watchfiles.main","msg":"3 changes detected"}
{"time":"2026-08-24T10:10:25","level":"INFO","logger":"bess.sync","msg":"sync.push.complete"}
{"time":"2026-08-24T10:10:25","level":"INFO","logger":"watchfiles.main","msg":"3 changes detected"}
{"time":"2026-08-24T10:11:26","level":"INFO","logger":"watchfiles.main","msg":"3 changes detected"}
{"time":"2026-08-24T10:11:26","level":"INFO","logger":"bess.sync","msg":"sync.push.complete"}
{"time":"2026-08-24T10:11:26","level":"INFO","logger":"watchfiles.main","msg":"4 changes detected"}
{"time":"2026-08-24T10:12:27","level":"INFO","logger":"watchfiles.main","msg":"3 changes detected"}
{"time":"2026-08-24T10:12:27","level":"INFO","logger":"bess.sync","msg":"sync.push.complete"}
{"time":"2026-08-24T10:12:27","level":"INFO","logger":"watchfiles.main","msg":"3 changes detected"}
{"time":"2026-08-24T10:13:28","level":"INFO","logger":"watchfiles.main","msg":"3 changes detected"}
{"time":"2026-08-24T10:13:28","level":"INFO","logger":"bess.sync","msg":"sync.push.complete"}
{"time":"2026-08-24T10:13:28","level":"INFO","logger":"watchfiles.main","msg":"3 changes detected"}
{"time":"2026-08-24T10:14:29","level":"INFO","logger":"watchfiles.main","msg":"1 change detected"}
{"time":"2026-08-24T10:14:29","level":"INFO","logger":"watchfiles.main","msg":"1 change detected"}
{"time":"2026-08-24T10:14:30","level":"INFO","logger":"watchfiles.main","msg":"3 changes detected"}
{"time":"2026-08-24T10:14:30","level":"INFO","logger":"watchfiles.main","msg":"1 change detected"}
{"time":"2026-08-24T10:14:31","level":"INFO","logger":"bess.sync","msg":"sync.push.complete"}
{"time":"2026-08-24T10:14:31","level":"INFO","logger":"watchfiles.main","msg":"3 changes detected"}
{"time":"2026-08-24T10:15:32","level":"INFO","logger":"watchfiles.main","msg":"3 changes detected"}
{"time":"2026-08-24T10:15:32","level":"INFO","logger":"bess.sync","msg":"sync.push.complete"}
{"time":"2026-08-24T10:15:32","level":"INFO","logger":"watchfiles.main","msg":"3 changes detected"}
{"time":"2026-08-24T10:16:33","level":"INFO","logger":"watchfiles.main","msg":"3 changes detected"}
{"time":"2026-08-24T10:16:33","level":"INFO","logger":"bess.sync","msg":"sync.push.complete"}
{"time":"2026-08-24T10:16:33","level":"INFO","logger":"watchfiles.main","msg":"3 changes detected"}
{"time":"2026-08-24T10:17:34","level":"INFO","logger":"watchfiles.main","msg":"3 changes detected"}
{"time":"2026-08-24T10:17:34","level":"INFO","logger":"bess.sync","msg":"sync.push.complete"}
{"time":"2026-08-24T10:17:34","level":"INFO","logger":"watchfiles.main","msg":"3 changes detected"}
{"time":"2026-09-02T10:44:30","level":"INFO","logger":"bess.main","msg":"startup.ready"}
{"time":"2026-09-02T10:52:04","level":"INFO","logger":"watchfiles.main","msg":"3 changes detected"}
{"time":"2026-09-02T10:52:05","level":"INFO","logger":"bess.sync","msg":"sync.push.complete"}
{"time":"2026-09-02T10:52:05","level":"INFO","logger":"watchfiles.main","msg":"3 changes detected"}
{"time":"2026-09-02T10:52:11","level":"INFO","logger":"watchfiles.main","msg":"3 changes detected"}
{"time":"2026-09-02T10:52:11","level":"INFO","logger":"bess.sync","msg":"sync.push.complete"}
{"time":"2026-09-02T10:52:11","level":"INFO","logger":"watchfiles.main","msg":"3 changes detected"}
{"time":"2026-09-02T10:52:27","level":"WARNING","logger":"bess.auth","msg":"auth.login.failed"}
{"time":"2026-09-02T10:53:05","level":"INFO","logger":"watchfiles.main","msg":"3 changes detected"}
{"time":"2026-09-02T10:53:06","level":"INFO","logger":"bess.sync","msg":"sync.push.complete"}
{"time":"2026-09-02T10:53:06","level":"INFO","logger":"watchfiles.main","msg":"3 changes detected"}
{"time":"2026-09-02T10:53:11","level":"INFO","logger":"bess.sync","msg":"sync.push.complete"}
{"time":"2026-09-02T10:53:11","level":"INFO","logger":"watchfiles.main","msg":"3 changes detected"}
{"time":"2026-09-02T10:53:57","level":"WARNING","logger":"bess.auth","msg":"auth.login.failed"}
{"time":"2026-09-02T10:54:06","level":"INFO","logger":"watchfiles.main","msg":"3 changes detected"}
{"time":"2026-09-02T10:54:06","level":"INFO","logger":"bess.sync","msg":"sync.push.complete"}
{"time":"2026-09-02T10:54:07","level":"INFO","logger":"watchfiles.main","msg":"3 changes detected"}
{"time":"2026-09-02T10:54:08","level":"WARNING","logger":"bess.auth","msg":"auth.login.failed"}
{"time":"2026-09-02T10:54:10","level":"WARNING","logger":"bess.auth","msg":"auth.login.failed"}
{"time":"2026-09-02T10:54:12","level":"INFO","logger":"bess.sync","msg":"sync.push.complete"}
{"time":"2026-09-02T10:54:12","level":"INFO","logger":"watchfiles.main","msg":"3 changes detected"}
{"time":"2026-09-02T10:54:50","level":"WARNING","logger":"bess.auth","msg":"auth.login.failed"}
{"time":"2026-09-02T10:54:52","level":"WARNING","logger":"bess.auth","msg":"auth.login.failed"}
{"time":"2026-09-02T10:55:07","level":"INFO","logger":"watchfiles.main","msg":"3 changes detected"}
{"time":"2026-09-02T10:55:07","level":"INFO","logger":"bess.sync","msg":"sync.push.complete"}
{"time":"2026-09-02T10:55:07","level":"INFO","logger":"watchfiles.main","msg":"3 changes detected"}
{"time":"2026-09-02T10:55:13","level":"INFO","logger":"bess.sync","msg":"sync.push.complete"}
{"time":"2026-09-02T10:55:13","level":"INFO","logger":"watchfiles.main","msg":"3 changes detected"}
{"time":"2026-09-02T10:55:16","level":"INFO","logger":"bess.auth","msg":"auth.login.success"}
{"time":"2026-09-02T10:55:16","level":"INFO","logger":"watchfiles.main","msg":"3 changes detected"}
{"time":"2026-09-02T10:55:19","level":"INFO","logger":"watchfiles.main","msg":"3 changes detected"}
{"time":"2026-09-02T10:55:19","level":"INFO","logger":"bess.sync","msg":"sync.push.complete"}
{"time":"2026-09-02T10:55:21","level":"INFO","logger":"watchfiles.main","msg":"3 changes detected"}
{"time":"2026-09-02T10:55:21","level":"INFO","logger":"bess.sync","msg":"sync.push.complete"}
{"time":"2026-09-02T10:56:08","level":"INFO","logger":"watchfiles.main","msg":"3 changes detected"}
{"time":"2026-09-02T10:56:08","level":"INFO","logger":"bess.sync","msg":"sync.push.complete"}
{"time":"2026-09-02T10:56:08","level":"INFO","logger":"watchfiles.main","msg":"3 changes detected"}
{"time":"2026-09-02T10:56:14","level":"INFO","logger":"bess.auth","msg":"auth.login.success"}
{"time":"2026-09-02T10:56:14","level":"INFO","logger":"watchfiles.main","msg":"3 changes detected"}
{"time":"2026-09-02T10:56:22","level":"INFO","logger":"watchfiles.main","msg":"3 changes detected"}
{"time":"2026-09-02T10:56:22","level":"INFO","logger":"bess.sync","msg":"sync.push.complete"}
{"time":"2026-09-02T10:56:22","level":"INFO","logger":"watchfiles.main","msg":"3 changes detected"}
{"time":"2026-09-02T10:57:09","level":"INFO","logger":"watchfiles.main","msg":"3 changes detected"}
{"time":"2026-09-02T10:57:09","level":"INFO","logger":"bess.sync","msg":"sync.push.complete"}
{"time":"2026-09-02T10:57:09","level":"INFO","logger":"watchfiles.main","msg":"3 changes detected"}
{"time":"2026-09-02T10:57:23","level":"INFO","logger":"watchfiles.main","msg":"3 changes detected"}
{"time":"2026-09-02T10:57:23","level":"INFO","logger":"bess.sync","msg":"sync.push.complete"}
{"time":"2026-09-02T10:57:23","level":"INFO","logger":"watchfiles.main","msg":"3 changes detected"}
{"time":"2026-09-02T10:58:10","level":"INFO","logger":"watchfiles.main","msg":"3 changes detected"}
{"time":"2026-09-02T10:58:10","level":"INFO","logger":"bess.sync","msg":"sync.push.complete"}
{"time":"2026-09-02T10:58:10","level":"INFO","logger":"watchfiles.main","msg":"3 changes detected"}
{"time":"2026-09-02T10:58:24","level":"INFO","logger":"watchfiles.main","msg":"3 changes detected"}
{"time":"2026-09-02T10:58:24","level":"INFO","logger":"bess.sync","msg":"sync.push.complete"}
{"time":"2026-09-02T10:58:24","level":"INFO","logger":"watchfiles.main","msg":"3 changes detected"}
{"time":"2026-09-02T10:59:11","level":"INFO","logger":"watchfiles.main","msg":"3 changes detected"}
{"time":"2026-09-02T10:59:11","level":"INFO","logger":"bess.sync","msg":"sync.push.complete"}
{"time":"2026-09-02T10:59:11","level":"INFO","logger":"watchfiles.main","msg":"3 changes detected"}
{"time":"2026-09-02T10:59:25","level":"INFO","logger":"watchfiles.main","msg":"3 changes detected"}
{"time":"2026-09-02T10:59:25","level":"INFO","logger":"bess.sync","msg":"sync.push.complete"}
{"time":"2026-09-02T10:59:25","level":"INFO","logger":"watchfiles.main","msg":"3 changes detected"}
{"time":"2026-09-02T11:00:11","level":"INFO","logger":"watchfiles.main","msg":"3 changes detected"}
{"time":"2026-09-02T11:00:11","level":"INFO","logger":"bess.sync","msg":"sync.push.complete"}
{"time":"2026-09-02T11:00:12","level":"INFO","logger":"watchfiles.main","msg":"3 changes detected"}
{"time":"2026-09-02T11:00:26","level":"INFO","logger":"watchfiles.main","msg":"3 changes detected"}
{"time":"2026-09-02T11:00:26","level":"INFO","logger":"bess.sync","msg":"sync.push.complete"}
{"time":"2026-09-02T11:00:26","level":"INFO","logger":"watchfiles.main","msg":"3 changes detected"}
{"time":"2026-09-02T11:01:12","level":"INFO","logger":"watchfiles.main","msg":"3 changes detected"}
{"time":"2026-09-02T11:01:12","level":"INFO","logger":"bess.sync","msg":"sync.push.complete"}
{"time":"2026-09-02T11:01:13","level":"INFO","logger":"watchfiles.main","msg":"3 changes detected"}
{"time":"2026-09-02T11:01:27","level":"INFO","logger":"watchfiles.main","msg":"3 changes detected"}
{"time":"2026-09-02T11:01:27","level":"INFO","logger":"bess.sync","msg":"sync.push.complete"}
{"time":"2026-09-02T11:01:27","level":"INFO","logger":"watchfiles.main","msg":"3 changes detected"}
{"time":"2026-09-02T11:02:13","level":"INFO","logger":"watchfiles.main","msg":"3 changes detected"}
{"time":"2026-09-02T11:02:13","level":"INFO","logger":"bess.sync","msg":"sync.push.complete"}
{"time":"2026-09-02T11:02:14","level":"INFO","logger":"watchfiles.main","msg":"3 changes detected"}
{"time":"2026-09-02T11:02:27","level":"INFO","logger":"watchfiles.main","msg":"3 changes detected"}
{"time":"2026-09-02T11:02:27","level":"INFO","logger":"bess.sync","msg":"sync.push.complete"}
{"time":"2026-09-02T11:02:28","level":"INFO","logger":"watchfiles.main","msg":"3 changes detected"}
{"time":"2026-09-02T11:03:14","level":"INFO","logger":"watchfiles.main","msg":"3 changes detected"}
{"time":"2026-09-02T11:03:14","level":"INFO","logger":"bess.sync","msg":"sync.push.complete"}
{"time":"2026-09-02T11:03:14","level":"INFO","logger":"watchfiles.main","msg":"3 changes detected"}
{"time":"2026-09-02T11:03:28","level":"INFO","logger":"watchfiles.main","msg":"3 changes detected"}
{"time":"2026-09-02T11:03:29","level":"INFO","logger":"bess.sync","msg":"sync.push.complete"}
{"time":"2026-09-02T11:03:29","level":"INFO","logger":"watchfiles.main","msg":"3 changes detected"}
{"time":"2026-09-02T11:04:15","level":"INFO","logger":"watchfiles.main","msg":"3 changes detected"}
{"time":"2026-09-02T11:04:15","level":"INFO","logger":"bess.sync","msg":"sync.push.complete"}
{"time":"2026-09-02T11:04:15","level":"INFO","logger":"watchfiles.main","msg":"3 changes detected"}
{"time":"2026-09-02T11:04:30","level":"INFO","logger":"watchfiles.main","msg":"3 changes detected"}
{"time":"2026-09-02T11:04:30","level":"INFO","logger":"bess.sync","msg":"sync.push.complete"}
{"time":"2026-09-02T11:04:30","level":"INFO","logger":"watchfiles.main","msg":"3 changes detected"}
{"time":"2026-09-02T11:05:16","level":"INFO","logger":"watchfiles.main","msg":"3 changes detected"}
{"time":"2026-09-02T11:05:16","level":"INFO","logger":"bess.sync","msg":"sync.push.complete"}
{"time":"2026-09-02T11:05:16","level":"INFO","logger":"watchfiles.main","msg":"3 changes detected"}
{"time":"2026-09-02T11:05:30","level":"INFO","logger":"watchfiles.main","msg":"3 changes detected"}
{"time":"2026-09-02T11:05:30","level":"INFO","logger":"bess.sync","msg":"sync.push.complete"}
{"time":"2026-09-02T11:05:31","level":"INFO","logger":"watchfiles.main","msg":"3 changes detected"}
{"time":"2026-09-02T11:06:17","level":"INFO","logger":"watchfiles.main","msg":"3 changes detected"}
{"time":"2026-09-02T11:06:17","level":"INFO","logger":"bess.sync","msg":"sync.push.complete"}
{"time":"2026-09-02T11:06:17","level":"INFO","logger":"watchfiles.main","msg":"2 changes detected"}
{"time":"2026-09-02T11:06:31","level":"INFO","logger":"watchfiles.main","msg":"3 changes detected"}
{"time":"2026-09-02T11:06:31","level":"INFO","logger":"bess.sync","msg":"sync.push.complete"}
{"time":"2026-09-02T11:06:32","level":"INFO","logger":"watchfiles.main","msg":"3 changes detected"}
{"time":"2026-09-02T11:07:18","level":"INFO","logger":"bess.sync","msg":"sync.push.complete"}
{"time":"2026-09-02T11:07:18","level":"INFO","logger":"watchfiles.main","msg":"3 changes detected"}
{"time":"2026-09-02T11:07:32","level":"INFO","logger":"watchfiles.main","msg":"3 changes detected"}
{"time":"2026-09-02T11:07:32","level":"INFO","logger":"bess.sync","msg":"sync.push.complete"}
{"time":"2026-09-02T11:08:19","level":"INFO","logger":"watchfiles.main","msg":"3 changes detected"}
{"time":"2026-09-02T11:08:19","level":"INFO","logger":"bess.sync","msg":"sync.push.complete"}
{"time":"2026-09-02T11:08:19","level":"INFO","logger":"watchfiles.main","msg":"3 changes detected"}
{"time":"2026-09-02T11:08:33","level":"INFO","logger":"watchfiles.main","msg":"3 changes detected"}
{"time":"2026-09-02T11:08:33","level":"INFO","logger":"bess.sync","msg":"sync.push.complete"}
{"time":"2026-09-02T11:08:33","level":"INFO","logger":"watchfiles.main","msg":"3 changes detected"}
{"time":"2026-09-02T11:09:19","level":"INFO","logger":"watchfiles.main","msg":"3 changes detected"}
{"time":"2026-09-02T11:09:19","level":"INFO","logger":"bess.sync","msg":"sync.push.complete"}
{"time":"2026-09-02T11:09:20","level":"INFO","logger":"watchfiles.main","msg":"3 changes detected"}
{"time":"2026-09-02T11:09:34","level":"INFO","logger":"watchfiles.main","msg":"3 changes detected"}
{"time":"2026-09-02T11:09:34","level":"INFO","logger":"bess.sync","msg":"sync.push.complete"}
{"time":"2026-09-02T11:09:34","level":"INFO","logger":"watchfiles.main","msg":"3 changes detected"}
{"time":"2026-09-02T11:10:20","level":"INFO","logger":"watchfiles.main","msg":"3 changes detected"}
{"time":"2026-09-02T11:10:20","level":"INFO","logger":"bess.sync","msg":"sync.push.complete"}
{"time":"2026-09-02T11:10:21","level":"INFO","logger":"watchfiles.main","msg":"3 changes detected"}
{"time":"2026-09-02T11:10:35","level":"INFO","logger":"watchfiles.main","msg":"3 changes detected"}
{"time":"2026-09-02T11:10:35","level":"INFO","logger":"bess.sync","msg":"sync.push.complete"}
{"time":"2026-09-02T11:10:35","level":"INFO","logger":"watchfiles.main","msg":"3 changes detected"}
{"time":"2026-09-02T11:11:21","level":"INFO","logger":"watchfiles.main","msg":"3 changes detected"}
{"time":"2026-09-02T11:11:21","level":"INFO","logger":"bess.sync","msg":"sync.push.complete"}
{"time":"2026-09-02T11:11:21","level":"INFO","logger":"watchfiles.main","msg":"3 changes detected"}
{"time":"2026-09-02T11:11:36","level":"INFO","logger":"bess.sync","msg":"sync.push.complete"}
{"time":"2026-09-02T11:11:36","level":"INFO","logger":"watchfiles.main","msg":"3 changes detected"}
{"time":"2026-09-02T11:12:22","level":"INFO","logger":"watchfiles.main","msg":"3 changes detected"}
{"time":"2026-09-02T11:12:22","level":"INFO","logger":"bess.sync","msg":"sync.push.complete"}
{"time":"2026-09-02T11:12:22","level":"INFO","logger":"watchfiles.main","msg":"3 changes detected"}
{"time":"2026-09-02T11:12:36","level":"INFO","logger":"watchfiles.main","msg":"3 changes detected"}
{"time":"2026-09-02T11:12:36","level":"INFO","logger":"bess.sync","msg":"sync.push.complete"}
{"time":"2026-09-02T11:12:37","level":"INFO","logger":"watchfiles.main","msg":"3 changes detected"}
{"time":"2026-09-02T11:13:23","level":"INFO","logger":"watchfiles.main","msg":"3 changes detected"}
{"time":"2026-09-02T11:13:23","level":"INFO","logger":"bess.sync","msg":"sync.push.complete"}
{"time":"2026-09-02T11:13:23","level":"INFO","logger":"watchfiles.main","msg":"3 changes detected"}
{"time":"2026-09-02T11:13:37","level":"INFO","logger":"watchfiles.main","msg":"3 changes detected"}
{"time":"2026-09-02T11:13:37","level":"INFO","logger":"bess.sync","msg":"sync.push.complete"}
{"time":"2026-09-02T11:13:38","level":"INFO","logger":"watchfiles.main","msg":"3 changes detected"}
{"time":"2026-09-02T11:14:24","level":"INFO","logger":"watchfiles.main","msg":"3 changes detected"}
{"time":"2026-09-02T11:14:24","level":"INFO","logger":"bess.sync","msg":"sync.push.complete"}
{"time":"2026-09-02T11:14:24","level":"INFO","logger":"watchfiles.main","msg":"3 changes detected"}
{"time":"2026-09-02T11:14:38","level":"INFO","logger":"watchfiles.main","msg":"3 changes detected"}
{"time":"2026-09-02T11:14:38","level":"INFO","logger":"bess.sync","msg":"sync.push.complete"}
{"time":"2026-09-02T11:14:39","level":"INFO","logger":"watchfiles.main","msg":"3 changes detected"}
{"time":"2026-09-02T11:15:24","level":"INFO","logger":"watchfiles.main","msg":"3 changes detected"}
{"time":"2026-09-02T11:15:24","level":"INFO","logger":"bess.sync","msg":"sync.push.complete"}
{"time":"2026-09-02T11:15:25","level":"INFO","logger":"watchfiles.main","msg":"3 changes detected"}
{"time":"2026-09-02T11:15:39","level":"INFO","logger":"watchfiles.main","msg":"3 changes detected"}
{"time":"2026-09-02T11:15:39","level":"INFO","logger":"bess.sync","msg":"sync.push.complete"}
{"time":"2026-09-02T11:15:39","level":"INFO","logger":"watchfiles.main","msg":"3 changes detected"}
{"time":"2026-09-02T11:16:25","level":"INFO","logger":"watchfiles.main","msg":"3 changes detected"}
{"time":"2026-09-02T11:16:25","level":"INFO","logger":"bess.sync","msg":"sync.push.complete"}
{"time":"2026-09-02T11:16:26","level":"INFO","logger":"watchfiles.main","msg":"3 changes detected"}
{"time":"2026-09-02T11:16:40","level":"INFO","logger":"watchfiles.main","msg":"3 changes detected"}
{"time":"2026-09-02T11:16:40","level":"INFO","logger":"bess.sync","msg":"sync.push.complete"}
{"time":"2026-09-02T11:16:40","level":"INFO","logger":"watchfiles.main","msg":"3 changes detected"}
{"time":"2026-09-02T11:17:26","level":"INFO","logger":"watchfiles.main","msg":"3 changes detected"}
{"time":"2026-09-02T11:17:26","level":"INFO","logger":"bess.sync","msg":"sync.push.complete"}
{"time":"2026-09-02T11:17:27","level":"INFO","logger":"watchfiles.main","msg":"3 changes detected"}
{"time":"2026-09-02T11:17:41","level":"INFO","logger":"watchfiles.main","msg":"3 changes detected"}
{"time":"2026-09-02T11:17:41","level":"INFO","logger":"bess.sync","msg":"sync.push.complete"}
{"time":"2026-09-02T11:17:41","level":"INFO","logger":"watchfiles.main","msg":"3 changes detected"}
{"time":"2026-09-02T11:18:27","level":"INFO","logger":"watchfiles.main","msg":"3 changes detected"}
{"time":"2026-09-02T11:18:27","level":"INFO","logger":"bess.sync","msg":"sync.push.complete"}
{"time":"2026-09-02T11:18:27","level":"INFO","logger":"watchfiles.main","msg":"3 changes detected"}
{"time":"2026-09-02T11:18:42","level":"INFO","logger":"watchfiles.main","msg":"3 changes detected"}
{"time":"2026-09-02T11:18:42","level":"INFO","logger":"bess.sync","msg":"sync.push.complete"}
{"time":"2026-09-02T11:18:42","level":"INFO","logger":"watchfiles.main","msg":"3 changes detected"}
{"time":"2026-09-02T11:19:28","level":"INFO","logger":"watchfiles.main","msg":"3 changes detected"}
{"time":"2026-09-02T11:19:28","level":"INFO","logger":"bess.sync","msg":"sync.push.complete"}
{"time":"2026-09-02T11:19:28","level":"INFO","logger":"watchfiles.main","msg":"3 changes detected"}
{"time":"2026-09-02T11:19:43","level":"INFO","logger":"watchfiles.main","msg":"3 changes detected"}
{"time":"2026-09-02T11:19:43","level":"INFO","logger":"bess.sync","msg":"sync.push.complete"}
{"time":"2026-09-02T11:19:43","level":"INFO","logger":"watchfiles.main","msg":"3 changes detected"}
{"time":"2026-09-02T11:20:29","level":"INFO","logger":"watchfiles.main","msg":"3 changes detected"}
{"time":"2026-09-02T11:20:29","level":"INFO","logger":"bess.sync","msg":"sync.push.complete"}
{"time":"2026-09-02T11:20:29","level":"INFO","logger":"watchfiles.main","msg":"3 changes detected"}
{"time":"2026-09-02T11:20:43","level":"INFO","logger":"watchfiles.main","msg":"3 changes detected"}
{"time":"2026-09-02T11:20:43","level":"INFO","logger":"bess.sync","msg":"sync.push.complete"}
{"time":"2026-09-02T11:20:44","level":"INFO","logger":"watchfiles.main","msg":"3 changes detected"}
{"time":"2026-09-02T11:21:30","level":"INFO","logger":"watchfiles.main","msg":"3 changes detected"}
{"time":"2026-09-02T11:21:30","level":"INFO","logger":"bess.sync","msg":"sync.push.complete"}
{"time":"2026-09-02T11:21:30","level":"INFO","logger":"watchfiles.main","msg":"3 changes detected"}
{"time":"2026-09-02T11:21:44","level":"INFO","logger":"watchfiles.main","msg":"3 changes detected"}
{"time":"2026-09-02T11:21:44","level":"INFO","logger":"bess.sync","msg":"sync.push.complete"}
{"time":"2026-09-02T11:21:45","level":"INFO","logger":"watchfiles.main","msg":"3 changes detected"}
{"time":"2026-09-02T11:22:31","level":"INFO","logger":"watchfiles.main","msg":"3 changes detected"}
{"time":"2026-09-02T11:22:31","level":"INFO","logger":"bess.sync","msg":"sync.push.complete"}
{"time":"2026-09-02T11:22:31","level":"INFO","logger":"watchfiles.main","msg":"3 changes detected"}
{"time":"2026-09-02T11:22:45","level":"INFO","logger":"watchfiles.main","msg":"3 changes detected"}
{"time":"2026-09-02T11:22:45","level":"INFO","logger":"bess.sync","msg":"sync.push.complete"}
{"time":"2026-09-02T11:23:31","level":"INFO","logger":"watchfiles.main","msg":"3 changes detected"}
{"time":"2026-09-02T11:23:31","level":"INFO","logger":"bess.sync","msg":"sync.push.complete"}
{"time":"2026-09-02T11:23:32","level":"INFO","logger":"watchfiles.main","msg":"3 changes detected"}
{"time":"2026-09-02T11:23:46","level":"INFO","logger":"watchfiles.main","msg":"3 changes detected"}
{"time":"2026-09-02T11:23:46","level":"INFO","logger":"bess.sync","msg":"sync.push.complete"}
{"time":"2026-09-02T11:23:46","level":"INFO","logger":"watchfiles.main","msg":"3 changes detected"}
{"time":"2026-09-02T11:24:32","level":"INFO","logger":"watchfiles.main","msg":"3 changes detected"}
{"time":"2026-09-02T11:24:32","level":"INFO","logger":"bess.sync","msg":"sync.push.complete"}
{"time":"2026-09-02T11:24:33","level":"INFO","logger":"watchfiles.main","msg":"3 changes detected"}
{"time":"2026-09-02T11:24:47","level":"INFO","logger":"watchfiles.main","msg":"3 changes detected"}
{"time":"2026-09-02T11:24:47","level":"INFO","logger":"bess.sync","msg":"sync.push.complete"}
{"time":"2026-09-02T11:24:47","level":"INFO","logger":"watchfiles.main","msg":"3 changes detected"}
{"time":"2026-09-02T11:25:33","level":"INFO","logger":"watchfiles.main","msg":"3 changes detected"}
{"time":"2026-09-02T11:25:33","level":"INFO","logger":"bess.sync","msg":"sync.push.complete"}
{"time":"2026-09-02T11:25:34","level":"INFO","logger":"watchfiles.main","msg":"3 changes detected"}
{"time":"2026-09-02T11:25:47","level":"INFO","logger":"watchfiles.main","msg":"3 changes detected"}
{"time":"2026-09-02T11:25:47","level":"INFO","logger":"bess.sync","msg":"sync.push.complete"}
{"time":"2026-09-02T11:25:48","level":"INFO","logger":"watchfiles.main","msg":"3 changes detected"}
{"time":"2026-09-02T11:26:34","level":"INFO","logger":"watchfiles.main","msg":"3 changes detected"}
{"time":"2026-09-02T11:26:34","level":"INFO","logger":"bess.sync","msg":"sync.push.complete"}
{"time":"2026-09-02T11:26:35","level":"INFO","logger":"watchfiles.main","msg":"3 changes detected"}
{"time":"2026-09-02T11:26:48","level":"INFO","logger":"watchfiles.main","msg":"3 changes detected"}
{"time":"2026-09-02T11:26:48","level":"INFO","logger":"bess.sync","msg":"sync.push.complete"}
{"time":"2026-09-02T11:26:49","level":"INFO","logger":"watchfiles.main","msg":"1 change detected"}
{"time":"2026-09-02T11:27:35","level":"INFO","logger":"watchfiles.main","msg":"3 changes detected"}
{"time":"2026-09-02T11:27:35","level":"INFO","logger":"bess.sync","msg":"sync.push.complete"}
{"time":"2026-09-02T11:27:35","level":"INFO","logger":"watchfiles.main","msg":"3 changes detected"}
{"time":"2026-09-02T11:27:49","level":"INFO","logger":"watchfiles.main","msg":"3 changes detected"}
{"time":"2026-09-02T11:27:49","level":"INFO","logger":"bess.sync","msg":"sync.push.complete"}
{"time":"2026-09-02T11:27:49","level":"INFO","logger":"watchfiles.main","msg":"3 changes detected"}
{"time":"2026-09-02T11:28:36","level":"INFO","logger":"watchfiles.main","msg":"3 changes detected"}
{"time":"2026-09-02T11:28:36","level":"INFO","logger":"bess.sync","msg":"sync.push.complete"}
{"time":"2026-09-02T11:28:36","level":"INFO","logger":"watchfiles.main","msg":"3 changes detected"}
{"time":"2026-09-02T11:28:50","level":"INFO","logger":"watchfiles.main","msg":"3 changes detected"}
{"time":"2026-09-02T11:28:50","level":"INFO","logger":"bess.sync","msg":"sync.push.complete"}
{"time":"2026-09-02T11:28:50","level":"INFO","logger":"watchfiles.main","msg":"3 changes detected"}
{"time":"2026-09-02T11:29:37","level":"INFO","logger":"watchfiles.main","msg":"3 changes detected"}
{"time":"2026-09-02T11:29:37","level":"INFO","logger":"bess.sync","msg":"sync.push.complete"}
{"time":"2026-09-02T11:29:37","level":"INFO","logger":"watchfiles.main","msg":"3 changes detected"}
{"time":"2026-09-02T11:29:51","level":"INFO","logger":"bess.sync","msg":"sync.push.complete"}
{"time":"2026-09-02T11:29:51","level":"INFO","logger":"watchfiles.main","msg":"3 changes detected"}
{"time":"2026-09-02T11:30:38","level":"INFO","logger":"watchfiles.main","msg":"3 changes detected"}
{"time":"2026-09-02T11:30:38","level":"INFO","logger":"bess.sync","msg":"sync.push.complete"}
{"time":"2026-09-02T11:30:38","level":"INFO","logger":"watchfiles.main","msg":"3 changes detected"}
{"time":"2026-09-02T11:30:52","level":"INFO","logger":"watchfiles.main","msg":"3 changes detected"}
{"time":"2026-09-02T11:30:52","level":"INFO","logger":"bess.sync","msg":"sync.push.complete"}
{"time":"2026-09-02T11:30:52","level":"INFO","logger":"watchfiles.main","msg":"3 changes detected"}
{"time":"2026-09-02T11:31:38","level":"INFO","logger":"watchfiles.main","msg":"3 changes detected"}
{"time":"2026-09-02T11:31:38","level":"INFO","logger":"bess.sync","msg":"sync.push.complete"}
{"time":"2026-09-02T11:31:39","level":"INFO","logger":"watchfiles.main","msg":"3 changes detected"}
{"time":"2026-09-02T11:31:53","level":"INFO","logger":"watchfiles.main","msg":"3 changes detected"}
{"time":"2026-09-02T11:31:53","level":"INFO","logger":"bess.sync","msg":"sync.push.complete"}
{"time":"2026-09-02T11:31:53","level":"INFO","logger":"watchfiles.main","msg":"3 changes detected"}
{"time":"2026-09-02T11:32:39","level":"INFO","logger":"watchfiles.main","msg":"3 changes detected"}
{"time":"2026-09-02T11:32:39","level":"INFO","logger":"bess.sync","msg":"sync.push.complete"}
{"time":"2026-09-02T11:32:40","level":"INFO","logger":"watchfiles.main","msg":"3 changes detected"}
{"time":"2026-09-02T11:32:53","level":"INFO","logger":"watchfiles.main","msg":"3 changes detected"}
{"time":"2026-09-02T11:32:53","level":"INFO","logger":"bess.sync","msg":"sync.push.complete"}
{"time":"2026-09-02T11:32:54","level":"INFO","logger":"watchfiles.main","msg":"3 changes detected"}
{"time":"2026-09-02T11:33:40","level":"INFO","logger":"watchfiles.main","msg":"3 changes detected"}
{"time":"2026-09-02T11:33:40","level":"INFO","logger":"bess.sync","msg":"sync.push.complete"}
{"time":"2026-09-02T11:33:40","level":"INFO","logger":"watchfiles.main","msg":"3 changes detected"}
{"time":"2026-09-02T11:33:54","level":"INFO","logger":"watchfiles.main","msg":"3 changes detected"}
{"time":"2026-09-02T11:33:54","level":"INFO","logger":"bess.sync","msg":"sync.push.complete"}
{"time":"2026-09-02T11:33:55","level":"INFO","logger":"watchfiles.main","msg":"3 changes detected"}
{"time":"2026-09-02T11:34:41","level":"INFO","logger":"watchfiles.main","msg":"3 changes detected"}
{"time":"2026-09-02T11:34:41","level":"INFO","logger":"bess.sync","msg":"sync.push.complete"}
{"time":"2026-09-02T11:34:41","level":"INFO","logger":"watchfiles.main","msg":"3 changes detected"}
{"time":"2026-09-02T11:34:55","level":"INFO","logger":"watchfiles.main","msg":"3 changes detected"}
{"time":"2026-09-02T11:34:55","level":"INFO","logger":"bess.sync","msg":"sync.push.complete"}
{"time":"2026-09-02T11:34:56","level":"INFO","logger":"watchfiles.main","msg":"3 changes detected"}
{"time":"2026-09-02T11:35:42","level":"INFO","logger":"watchfiles.main","msg":"3 changes detected"}
{"time":"2026-09-02T11:35:42","level":"INFO","logger":"bess.sync","msg":"sync.push.complete"}
{"time":"2026-09-02T11:35:42","level":"INFO","logger":"watchfiles.main","msg":"3 changes detected"}
{"time":"2026-09-02T11:35:56","level":"INFO","logger":"watchfiles.main","msg":"3 changes detected"}
{"time":"2026-09-02T11:35:56","level":"INFO","logger":"bess.sync","msg":"sync.push.complete"}
{"time":"2026-09-02T11:35:56","level":"INFO","logger":"watchfiles.main","msg":"3 changes detected"}
{"time":"2026-09-02T11:36:43","level":"INFO","logger":"watchfiles.main","msg":"3 changes detected"}
{"time":"2026-09-02T11:36:43","level":"INFO","logger":"bess.sync","msg":"sync.push.complete"}
{"time":"2026-09-02T11:36:43","level":"INFO","logger":"watchfiles.main","msg":"3 changes detected"}
{"time":"2026-09-02T11:36:57","level":"INFO","logger":"watchfiles.main","msg":"3 changes detected"}
{"time":"2026-09-02T11:36:57","level":"INFO","logger":"bess.sync","msg":"sync.push.complete"}
{"time":"2026-09-02T11:36:57","level":"INFO","logger":"watchfiles.main","msg":"3 changes detected"}
{"time":"2026-09-02T11:37:43","level":"INFO","logger":"watchfiles.main","msg":"3 changes detected"}
{"time":"2026-09-02T11:37:43","level":"INFO","logger":"bess.sync","msg":"sync.push.complete"}
{"time":"2026-09-02T11:37:44","level":"INFO","logger":"watchfiles.main","msg":"3 changes detected"}
{"time":"2026-09-02T11:37:57","level":"INFO","logger":"watchfiles.main","msg":"3 changes detected"}
{"time":"2026-09-02T11:37:57","level":"INFO","logger":"bess.sync","msg":"sync.push.complete"}
{"time":"2026-09-02T11:37:58","level":"INFO","logger":"watchfiles.main","msg":"3 changes detected"}
{"time":"2026-09-02T11:38:44","level":"INFO","logger":"watchfiles.main","msg":"3 changes detected"}
{"time":"2026-09-02T11:38:44","level":"INFO","logger":"bess.sync","msg":"sync.push.complete"}
{"time":"2026-09-02T11:38:44","level":"INFO","logger":"watchfiles.main","msg":"3 changes detected"}
{"time":"2026-09-02T11:38:58","level":"INFO","logger":"bess.sync","msg":"sync.push.complete"}
{"time":"2026-09-02T11:38:58","level":"INFO","logger":"watchfiles.main","msg":"3 changes detected"}
{"time":"2026-09-02T11:39:45","level":"INFO","logger":"watchfiles.main","msg":"3 changes detected"}
{"time":"2026-09-02T11:39:45","level":"INFO","logger":"bess.sync","msg":"sync.push.complete"}
{"time":"2026-09-02T11:39:45","level":"INFO","logger":"watchfiles.main","msg":"3 changes detected"}
{"time":"2026-09-02T11:39:59","level":"INFO","logger":"watchfiles.main","msg":"3 changes detected"}
{"time":"2026-09-02T11:39:59","level":"INFO","logger":"bess.sync","msg":"sync.push.complete"}
{"time":"2026-09-02T11:39:59","level":"INFO","logger":"watchfiles.main","msg":"3 changes detected"}
{"time":"2026-09-02T11:40:46","level":"INFO","logger":"watchfiles.main","msg":"3 changes detected"}
{"time":"2026-09-02T11:40:46","level":"INFO","logger":"bess.sync","msg":"sync.push.complete"}
{"time":"2026-09-02T11:40:46","level":"INFO","logger":"watchfiles.main","msg":"3 changes detected"}
{"time":"2026-09-02T11:41:00","level":"INFO","logger":"watchfiles.main","msg":"3 changes detected"}
{"time":"2026-09-02T11:41:00","level":"INFO","logger":"bess.sync","msg":"sync.push.complete"}
{"time":"2026-09-02T11:41:00","level":"INFO","logger":"watchfiles.main","msg":"3 changes detected"}
{"time":"2026-09-02T11:41:47","level":"INFO","logger":"watchfiles.main","msg":"3 changes detected"}
{"time":"2026-09-02T11:41:47","level":"INFO","logger":"bess.sync","msg":"sync.push.complete"}
{"time":"2026-09-02T11:41:47","level":"INFO","logger":"watchfiles.main","msg":"3 changes detected"}
{"time":"2026-09-02T11:42:01","level":"INFO","logger":"bess.sync","msg":"sync.push.complete"}
{"time":"2026-09-02T11:42:01","level":"INFO","logger":"watchfiles.main","msg":"3 changes detected"}
{"time":"2026-09-02T11:42:48","level":"INFO","logger":"watchfiles.main","msg":"3 changes detected"}
{"time":"2026-09-02T11:42:48","level":"INFO","logger":"bess.sync","msg":"sync.push.complete"}
{"time":"2026-09-02T11:42:48","level":"INFO","logger":"watchfiles.main","msg":"3 changes detected"}
{"time":"2026-09-02T11:43:02","level":"INFO","logger":"watchfiles.main","msg":"3 changes detected"}
{"time":"2026-09-02T11:43:02","level":"INFO","logger":"bess.sync","msg":"sync.push.complete"}
{"time":"2026-09-02T11:43:02","level":"INFO","logger":"watchfiles.main","msg":"3 changes detected"}
{"time":"2026-09-02T11:43:49","level":"INFO","logger":"watchfiles.main","msg":"3 changes detected"}
{"time":"2026-09-02T11:43:49","level":"INFO","logger":"bess.sync","msg":"sync.push.complete"}
{"time":"2026-09-02T11:43:49","level":"INFO","logger":"watchfiles.main","msg":"3 changes detected"}
{"time":"2026-09-02T11:44:03","level":"INFO","logger":"watchfiles.main","msg":"3 changes detected"}
{"time":"2026-09-02T11:44:03","level":"INFO","logger":"bess.sync","msg":"sync.push.complete"}
{"time":"2026-09-02T11:44:03","level":"INFO","logger":"watchfiles.main","msg":"3 changes detected"}
{"time":"2026-09-02T11:44:49","level":"INFO","logger":"watchfiles.main","msg":"3 changes detected"}
{"time":"2026-09-02T11:44:49","level":"INFO","logger":"bess.sync","msg":"sync.push.complete"}
{"time":"2026-09-02T11:44:50","level":"INFO","logger":"watchfiles.main","msg":"3 changes detected"}
{"time":"2026-09-02T11:45:03","level":"INFO","logger":"watchfiles.main","msg":"3 changes detected"}
{"time":"2026-09-02T11:45:04","level":"INFO","logger":"bess.sync","msg":"sync.push.complete"}
{"time":"2026-09-02T11:45:04","level":"INFO","logger":"watchfiles.main","msg":"3 changes detected"}
{"time":"2026-09-02T11:45:50","level":"INFO","logger":"watchfiles.main","msg":"3 changes detected"}
{"time":"2026-09-02T11:45:50","level":"INFO","logger":"bess.sync","msg":"sync.push.complete"}
{"time":"2026-09-02T11:45:51","level":"INFO","logger":"watchfiles.main","msg":"3 changes detected"}
{"time":"2026-09-02T11:46:04","level":"INFO","logger":"watchfiles.main","msg":"3 changes detected"}
{"time":"2026-09-02T11:46:05","level":"INFO","logger":"bess.sync","msg":"sync.push.complete"}
{"time":"2026-09-02T11:46:05","level":"INFO","logger":"watchfiles.main","msg":"3 changes detected"}
{"time":"2026-09-02T11:46:12","level":"INFO","logger":"watchfiles.main","msg":"1 change detected"}
{"time":"2026-09-02T11:46:51","level":"INFO","logger":"watchfiles.main","msg":"3 changes detected"}
{"time":"2026-09-02T11:46:51","level":"INFO","logger":"bess.sync","msg":"sync.push.complete"}
{"time":"2026-09-02T11:46:52","level":"INFO","logger":"watchfiles.main","msg":"3 changes detected"}
{"time":"2026-09-02T11:47:05","level":"INFO","logger":"watchfiles.main","msg":"3 changes detected"}
{"time":"2026-09-02T11:47:05","level":"INFO","logger":"bess.sync","msg":"sync.push.complete"}
{"time":"2026-09-02T11:47:06","level":"INFO","logger":"watchfiles.main","msg":"3 changes detected"}
{"time":"2026-09-02T11:47:52","level":"INFO","logger":"watchfiles.main","msg":"3 changes detected"}
{"time":"2026-09-02T11:47:52","level":"INFO","logger":"bess.sync","msg":"sync.push.complete"}
{"time":"2026-09-02T11:47:52","level":"INFO","logger":"watchfiles.main","msg":"3 changes detected"}
{"time":"2026-09-02T11:48:06","level":"INFO","logger":"watchfiles.main","msg":"3 changes detected"}
{"time":"2026-09-02T11:48:06","level":"INFO","logger":"bess.sync","msg":"sync.push.complete"}
{"time":"2026-09-02T11:48:07","level":"INFO","logger":"watchfiles.main","msg":"3 changes detected"}
{"time":"2026-09-02T11:48:53","level":"INFO","logger":"watchfiles.main","msg":"3 changes detected"}
{"time":"2026-09-02T11:48:53","level":"INFO","logger":"bess.sync","msg":"sync.push.complete"}
{"time":"2026-09-02T11:49:07","level":"INFO","logger":"watchfiles.main","msg":"3 changes detected"}
{"time":"2026-09-02T11:49:07","level":"INFO","logger":"bess.sync","msg":"sync.push.complete"}
{"time":"2026-09-02T11:49:08","level":"INFO","logger":"watchfiles.main","msg":"3 changes detected"}
{"time":"2026-09-02T11:49:54","level":"INFO","logger":"watchfiles.main","msg":"3 changes detected"}
{"time":"2026-09-02T11:49:54","level":"INFO","logger":"bess.sync","msg":"sync.push.complete"}
{"time":"2026-09-02T11:49:54","level":"INFO","logger":"watchfiles.main","msg":"3 changes detected"}
{"time":"2026-09-02T11:50:08","level":"INFO","logger":"watchfiles.main","msg":"3 changes detected"}
{"time":"2026-09-02T11:50:08","level":"INFO","logger":"bess.sync","msg":"sync.push.complete"}
{"time":"2026-09-02T11:50:08","level":"INFO","logger":"watchfiles.main","msg":"3 changes detected"}
{"time":"2026-09-02T11:50:55","level":"INFO","logger":"watchfiles.main","msg":"3 changes detected"}
{"time":"2026-09-02T11:50:55","level":"INFO","logger":"bess.sync","msg":"sync.push.complete"}
{"time":"2026-09-02T11:50:55","level":"INFO","logger":"watchfiles.main","msg":"3 changes detected"}
{"time":"2026-09-02T11:51:09","level":"INFO","logger":"watchfiles.main","msg":"3 changes detected"}
{"time":"2026-09-02T11:51:09","level":"INFO","logger":"bess.sync","msg":"sync.push.complete"}
{"time":"2026-09-02T11:51:09","level":"INFO","logger":"watchfiles.main","msg":"3 changes detected"}
{"time":"2026-09-02T11:51:56","level":"INFO","logger":"watchfiles.main","msg":"3 changes detected"}
{"time":"2026-09-02T11:51:56","level":"INFO","logger":"bess.sync","msg":"sync.push.complete"}
{"time":"2026-09-02T11:51:56","level":"INFO","logger":"watchfiles.main","msg":"3 changes detected"}
{"time":"2026-09-02T11:52:10","level":"INFO","logger":"watchfiles.main","msg":"3 changes detected"}
{"time":"2026-09-02T11:52:10","level":"INFO","logger":"bess.sync","msg":"sync.push.complete"}
{"time":"2026-09-02T11:52:10","level":"INFO","logger":"watchfiles.main","msg":"3 changes detected"}
{"time":"2026-09-02T11:52:56","level":"INFO","logger":"watchfiles.main","msg":"3 changes detected"}
{"time":"2026-09-02T11:52:57","level":"INFO","logger":"bess.sync","msg":"sync.push.complete"}
{"time":"2026-09-02T11:52:57","level":"INFO","logger":"watchfiles.main","msg":"3 changes detected"}
{"time":"2026-09-02T11:53:11","level":"INFO","logger":"watchfiles.main","msg":"3 changes detected"}
{"time":"2026-09-02T11:53:11","level":"INFO","logger":"bess.sync","msg":"sync.push.complete"}
{"time":"2026-09-02T11:53:11","level":"INFO","logger":"watchfiles.main","msg":"2 changes detected"}
{"time":"2026-09-02T11:53:57","level":"INFO","logger":"watchfiles.main","msg":"3 changes detected"}
{"time":"2026-09-02T11:53:57","level":"INFO","logger":"bess.sync","msg":"sync.push.complete"}
{"time":"2026-09-02T11:53:58","level":"INFO","logger":"watchfiles.main","msg":"3 changes detected"}
{"time":"2026-09-02T11:54:12","level":"INFO","logger":"watchfiles.main","msg":"3 changes detected"}
{"time":"2026-09-02T11:54:12","level":"INFO","logger":"bess.sync","msg":"sync.push.complete"}
{"time":"2026-09-02T11:54:12","level":"INFO","logger":"watchfiles.main","msg":"3 changes detected"}
{"time":"2026-09-02T11:54:58","level":"INFO","logger":"watchfiles.main","msg":"3 changes detected"}
{"time":"2026-09-02T11:54:58","level":"INFO","logger":"bess.sync","msg":"sync.push.complete"}
{"time":"2026-09-02T11:54:59","level":"INFO","logger":"watchfiles.main","msg":"3 changes detected"}
{"time":"2026-09-02T11:55:13","level":"INFO","logger":"watchfiles.main","msg":"3 changes detected"}
{"time":"2026-09-02T11:55:13","level":"INFO","logger":"bess.sync","msg":"sync.push.complete"}
{"time":"2026-09-02T11:55:13","level":"INFO","logger":"watchfiles.main","msg":"3 changes detected"}
{"time":"2026-09-02T11:55:59","level":"INFO","logger":"watchfiles.main","msg":"3 changes detected"}
{"time":"2026-09-02T11:55:59","level":"INFO","logger":"bess.sync","msg":"sync.push.complete"}
{"time":"2026-09-02T11:56:00","level":"INFO","logger":"watchfiles.main","msg":"3 changes detected"}
{"time":"2026-09-02T11:56:13","level":"INFO","logger":"watchfiles.main","msg":"3 changes detected"}
{"time":"2026-09-02T11:56:14","level":"INFO","logger":"bess.sync","msg":"sync.push.complete"}
{"time":"2026-09-02T11:56:14","level":"INFO","logger":"watchfiles.main","msg":"3 changes detected"}
{"time":"2026-09-02T11:57:00","level":"INFO","logger":"watchfiles.main","msg":"3 changes detected"}
{"time":"2026-09-02T11:57:00","level":"INFO","logger":"bess.sync","msg":"sync.push.complete"}
{"time":"2026-09-02T11:57:00","level":"INFO","logger":"watchfiles.main","msg":"1 change detected"}
{"time":"2026-09-02T11:57:14","level":"INFO","logger":"watchfiles.main","msg":"3 changes detected"}
{"time":"2026-09-02T11:57:14","level":"INFO","logger":"bess.sync","msg":"sync.push.complete"}
{"time":"2026-09-02T11:57:15","level":"INFO","logger":"watchfiles.main","msg":"3 changes detected"}
{"time":"2026-09-02T11:58:01","level":"INFO","logger":"watchfiles.main","msg":"3 changes detected"}
{"time":"2026-09-02T11:58:01","level":"INFO","logger":"bess.sync","msg":"sync.push.complete"}
{"time":"2026-09-02T11:58:01","level":"INFO","logger":"watchfiles.main","msg":"3 changes detected"}
{"time":"2026-09-02T11:58:15","level":"INFO","logger":"watchfiles.main","msg":"3 changes detected"}
{"time":"2026-09-02T11:58:15","level":"INFO","logger":"bess.sync","msg":"sync.push.complete"}
{"time":"2026-09-02T11:58:16","level":"INFO","logger":"watchfiles.main","msg":"3 changes detected"}
{"time":"2026-09-02T11:59:02","level":"INFO","logger":"watchfiles.main","msg":"3 changes detected"}
{"time":"2026-09-02T11:59:02","level":"INFO","logger":"bess.sync","msg":"sync.push.complete"}
{"time":"2026-09-02T11:59:02","level":"INFO","logger":"watchfiles.main","msg":"3 changes detected"}
{"time":"2026-09-02T11:59:16","level":"INFO","logger":"watchfiles.main","msg":"3 changes detected"}
{"time":"2026-09-02T11:59:17","level":"INFO","logger":"bess.sync","msg":"sync.push.complete"}
{"time":"2026-09-02T11:59:17","level":"INFO","logger":"watchfiles.main","msg":"3 changes detected"}
{"time":"2026-09-02T12:00:03","level":"INFO","logger":"watchfiles.main","msg":"3 changes detected"}
{"time":"2026-09-02T12:00:03","level":"INFO","logger":"bess.sync","msg":"sync.push.complete"}
{"time":"2026-09-02T12:00:04","level":"INFO","logger":"watchfiles.main","msg":"3 changes detected"}
{"time":"2026-09-02T12:00:17","level":"INFO","logger":"watchfiles.main","msg":"3 changes detected"}
{"time":"2026-09-02T12:00:18","level":"INFO","logger":"bess.sync","msg":"sync.push.complete"}
{"time":"2026-09-02T12:00:18","level":"INFO","logger":"watchfiles.main","msg":"3 changes detected"}
{"time":"2026-09-02T12:01:04","level":"INFO","logger":"watchfiles.main","msg":"3 changes detected"}
{"time":"2026-09-02T12:01:04","level":"INFO","logger":"bess.sync","msg":"sync.push.complete"}
{"time":"2026-09-02T12:01:05","level":"INFO","logger":"watchfiles.main","msg":"3 changes detected"}
{"time":"2026-09-02T12:01:18","level":"INFO","logger":"watchfiles.main","msg":"3 changes detected"}
{"time":"2026-09-02T12:01:19","level":"INFO","logger":"bess.sync","msg":"sync.push.complete"}
{"time":"2026-09-02T12:01:19","level":"INFO","logger":"watchfiles.main","msg":"3 changes detected"}
{"time":"2026-09-02T12:02:05","level":"INFO","logger":"watchfiles.main","msg":"3 changes detected"}
{"time":"2026-09-02T12:02:06","level":"INFO","logger":"bess.sync","msg":"sync.push.complete"}
{"time":"2026-09-02T12:02:06","level":"INFO","logger":"watchfiles.main","msg":"3 changes detected"}
{"time":"2026-09-02T12:02:20","level":"INFO","logger":"watchfiles.main","msg":"3 changes detected"}
{"time":"2026-09-02T12:02:20","level":"INFO","logger":"bess.sync","msg":"sync.push.complete"}
{"time":"2026-09-02T12:02:20","level":"INFO","logger":"watchfiles.main","msg":"3 changes detected"}
{"time":"2026-09-02T12:03:06","level":"INFO","logger":"watchfiles.main","msg":"3 changes detected"}
{"time":"2026-09-02T12:03:07","level":"INFO","logger":"bess.sync","msg":"sync.push.complete"}
{"time":"2026-09-02T12:03:07","level":"INFO","logger":"watchfiles.main","msg":"3 changes detected"}
{"time":"2026-09-02T12:03:21","level":"INFO","logger":"watchfiles.main","msg":"3 changes detected"}
{"time":"2026-09-02T12:03:21","level":"INFO","logger":"bess.sync","msg":"sync.push.complete"}
{"time":"2026-09-02T12:03:21","level":"INFO","logger":"watchfiles.main","msg":"3 changes detected"}
{"time":"2026-09-02T12:04:08","level":"INFO","logger":"watchfiles.main","msg":"3 changes detected"}
{"time":"2026-09-02T12:04:08","level":"INFO","logger":"bess.sync","msg":"sync.push.complete"}
{"time":"2026-09-02T12:04:08","level":"INFO","logger":"watchfiles.main","msg":"3 changes detected"}
{"time":"2026-09-02T12:04:22","level":"INFO","logger":"watchfiles.main","msg":"3 changes detected"}
{"time":"2026-09-02T12:04:22","level":"INFO","logger":"bess.sync","msg":"sync.push.complete"}
{"time":"2026-09-02T12:04:22","level":"INFO","logger":"watchfiles.main","msg":"3 changes detected"}
{"time":"2026-09-02T12:05:09","level":"INFO","logger":"watchfiles.main","msg":"3 changes detected"}
{"time":"2026-09-02T12:05:09","level":"INFO","logger":"bess.sync","msg":"sync.push.complete"}
{"time":"2026-09-02T12:05:09","level":"INFO","logger":"watchfiles.main","msg":"3 changes detected"}
{"time":"2026-09-02T12:05:23","level":"INFO","logger":"watchfiles.main","msg":"3 changes detected"}
{"time":"2026-09-02T12:05:23","level":"INFO","logger":"bess.sync","msg":"sync.push.complete"}
{"time":"2026-09-02T12:05:23","level":"INFO","logger":"watchfiles.main","msg":"3 changes detected"}
{"time":"2026-09-02T12:06:10","level":"INFO","logger":"watchfiles.main","msg":"3 changes detected"}
{"time":"2026-09-02T12:06:10","level":"INFO","logger":"bess.sync","msg":"sync.push.complete"}
{"time":"2026-09-02T12:06:10","level":"INFO","logger":"watchfiles.main","msg":"3 changes detected"}
{"time":"2026-09-02T12:06:24","level":"INFO","logger":"watchfiles.main","msg":"3 changes detected"}
{"time":"2026-09-02T12:06:24","level":"INFO","logger":"bess.sync","msg":"sync.push.complete"}
{"time":"2026-09-02T12:06:24","level":"INFO","logger":"watchfiles.main","msg":"3 changes detected"}
{"time":"2026-09-02T12:07:11","level":"INFO","logger":"watchfiles.main","msg":"3 changes detected"}
{"time":"2026-09-02T12:07:11","level":"INFO","logger":"bess.sync","msg":"sync.push.complete"}
{"time":"2026-09-02T12:07:11","level":"INFO","logger":"watchfiles.main","msg":"3 changes detected"}
{"time":"2026-09-02T12:07:25","level":"INFO","logger":"watchfiles.main","msg":"3 changes detected"}
{"time":"2026-09-02T12:07:25","level":"INFO","logger":"bess.sync","msg":"sync.push.complete"}
{"time":"2026-09-02T12:07:25","level":"INFO","logger":"watchfiles.main","msg":"3 changes detected"}
{"time":"2026-09-02T12:08:12","level":"INFO","logger":"watchfiles.main","msg":"3 changes detected"}
{"time":"2026-09-02T12:08:12","level":"INFO","logger":"bess.sync","msg":"sync.push.complete"}
{"time":"2026-09-02T12:08:12","level":"INFO","logger":"watchfiles.main","msg":"3 changes detected"}
{"time":"2026-09-02T12:08:26","level":"INFO","logger":"watchfiles.main","msg":"3 changes detected"}
{"time":"2026-09-02T12:08:26","level":"INFO","logger":"bess.sync","msg":"sync.push.complete"}
{"time":"2026-09-02T12:08:27","level":"INFO","logger":"watchfiles.main","msg":"3 changes detected"}
{"time":"2026-09-02T12:09:13","level":"INFO","logger":"watchfiles.main","msg":"3 changes detected"}
{"time":"2026-09-02T12:09:13","level":"INFO","logger":"bess.sync","msg":"sync.push.complete"}
{"time":"2026-09-02T12:09:13","level":"INFO","logger":"watchfiles.main","msg":"3 changes detected"}
{"time":"2026-09-02T12:09:27","level":"INFO","logger":"watchfiles.main","msg":"3 changes detected"}
{"time":"2026-09-02T12:09:27","level":"INFO","logger":"bess.sync","msg":"sync.push.complete"}
{"time":"2026-09-02T12:09:28","level":"INFO","logger":"watchfiles.main","msg":"3 changes detected"}
{"time":"2026-09-02T12:10:14","level":"INFO","logger":"watchfiles.main","msg":"3 changes detected"}
{"time":"2026-09-02T12:10:14","level":"INFO","logger":"bess.sync","msg":"sync.push.complete"}
{"time":"2026-09-02T12:10:14","level":"INFO","logger":"watchfiles.main","msg":"3 changes detected"}
{"time":"2026-09-02T12:10:28","level":"INFO","logger":"watchfiles.main","msg":"3 changes detected"}
{"time":"2026-09-02T12:10:28","level":"INFO","logger":"bess.sync","msg":"sync.push.complete"}
{"time":"2026-09-02T12:10:29","level":"INFO","logger":"watchfiles.main","msg":"3 changes detected"}
{"time":"2026-09-02T12:11:15","level":"INFO","logger":"watchfiles.main","msg":"3 changes detected"}
{"time":"2026-09-02T12:11:15","level":"INFO","logger":"bess.sync","msg":"sync.push.complete"}
{"time":"2026-09-02T12:11:15","level":"INFO","logger":"watchfiles.main","msg":"3 changes detected"}
{"time":"2026-09-02T12:11:29","level":"INFO","logger":"watchfiles.main","msg":"3 changes detected"}
{"time":"2026-09-02T12:11:30","level":"INFO","logger":"bess.sync","msg":"sync.push.complete"}
{"time":"2026-09-02T12:11:30","level":"INFO","logger":"watchfiles.main","msg":"3 changes detected"}
{"time":"2026-09-02T12:12:16","level":"INFO","logger":"watchfiles.main","msg":"3 changes detected"}
{"time":"2026-09-02T12:12:16","level":"INFO","logger":"bess.sync","msg":"sync.push.complete"}
{"time":"2026-09-02T12:12:16","level":"INFO","logger":"watchfiles.main","msg":"3 changes detected"}
{"time":"2026-09-02T12:12:30","level":"INFO","logger":"watchfiles.main","msg":"3 changes detected"}
{"time":"2026-09-02T12:12:31","level":"INFO","logger":"bess.sync","msg":"sync.push.complete"}
{"time":"2026-09-02T12:12:31","level":"INFO","logger":"watchfiles.main","msg":"3 changes detected"}
{"time":"2026-09-02T12:13:17","level":"INFO","logger":"watchfiles.main","msg":"3 changes detected"}
{"time":"2026-09-02T12:13:17","level":"INFO","logger":"bess.sync","msg":"sync.push.complete"}
{"time":"2026-09-02T12:13:17","level":"INFO","logger":"watchfiles.main","msg":"3 changes detected"}
{"time":"2026-09-02T12:13:32","level":"INFO","logger":"watchfiles.main","msg":"3 changes detected"}
{"time":"2026-09-02T12:13:32","level":"INFO","logger":"bess.sync","msg":"sync.push.complete"}
{"time":"2026-09-02T12:13:32","level":"INFO","logger":"watchfiles.main","msg":"3 changes detected"}
{"time":"2026-09-02T12:14:18","level":"INFO","logger":"watchfiles.main","msg":"3 changes detected"}
{"time":"2026-09-02T12:14:18","level":"INFO","logger":"bess.sync","msg":"sync.push.complete"}
{"time":"2026-09-02T12:14:18","level":"INFO","logger":"watchfiles.main","msg":"3 changes detected"}
{"time":"2026-09-02T12:14:33","level":"INFO","logger":"watchfiles.main","msg":"3 changes detected"}
{"time":"2026-09-02T12:14:33","level":"INFO","logger":"bess.sync","msg":"sync.push.complete"}
{"time":"2026-09-02T12:14:33","level":"INFO","logger":"watchfiles.main","msg":"3 changes detected"}
{"time":"2026-09-02T12:15:19","level":"INFO","logger":"watchfiles.main","msg":"3 changes detected"}
{"time":"2026-09-02T12:15:19","level":"INFO","logger":"bess.sync","msg":"sync.push.complete"}
{"time":"2026-09-02T12:15:20","level":"INFO","logger":"watchfiles.main","msg":"3 changes detected"}
{"time":"2026-09-02T12:15:34","level":"INFO","logger":"watchfiles.main","msg":"3 changes detected"}
{"time":"2026-09-02T12:15:34","level":"INFO","logger":"bess.sync","msg":"sync.push.complete"}
{"time":"2026-09-02T12:15:34","level":"INFO","logger":"watchfiles.main","msg":"3 changes detected"}
{"time":"2026-09-02T12:16:20","level":"INFO","logger":"watchfiles.main","msg":"3 changes detected"}
{"time":"2026-09-02T12:16:21","level":"INFO","logger":"bess.sync","msg":"sync.push.complete"}
{"time":"2026-09-02T12:16:21","level":"INFO","logger":"watchfiles.main","msg":"3 changes detected"}
{"time":"2026-09-02T12:16:35","level":"INFO","logger":"watchfiles.main","msg":"3 changes detected"}
{"time":"2026-09-02T12:16:35","level":"INFO","logger":"bess.sync","msg":"sync.push.complete"}
{"time":"2026-09-02T12:16:35","level":"INFO","logger":"watchfiles.main","msg":"3 changes detected"}
{"time":"2026-09-02T12:17:22","level":"INFO","logger":"watchfiles.main","msg":"3 changes detected"}
{"time":"2026-09-02T12:17:22","level":"INFO","logger":"bess.sync","msg":"sync.push.complete"}
{"time":"2026-09-02T12:17:22","level":"INFO","logger":"watchfiles.main","msg":"3 changes detected"}
{"time":"2026-09-02T12:17:36","level":"INFO","logger":"watchfiles.main","msg":"3 changes detected"}
{"time":"2026-09-02T12:17:38","level":"INFO","logger":"watchfiles.main","msg":"1 change detected"}
{"time":"2026-09-02T12:17:38","level":"INFO","logger":"bess.sync","msg":"sync.push.complete"}
{"time":"2026-09-02T12:17:38","level":"INFO","logger":"watchfiles.main","msg":"3 changes detected"}
{"time":"2026-09-02T12:18:23","level":"INFO","logger":"watchfiles.main","msg":"3 changes detected"}
{"time":"2026-09-02T12:18:23","level":"INFO","logger":"bess.sync","msg":"sync.push.complete"}
{"time":"2026-09-02T12:18:23","level":"INFO","logger":"watchfiles.main","msg":"3 changes detected"}
{"time":"2026-09-02T12:18:39","level":"INFO","logger":"watchfiles.main","msg":"3 changes detected"}
{"time":"2026-09-02T12:18:39","level":"INFO","logger":"bess.sync","msg":"sync.push.complete"}
{"time":"2026-09-02T12:18:39","level":"INFO","logger":"watchfiles.main","msg":"3 changes detected"}
{"time":"2026-09-02T12:19:24","level":"INFO","logger":"watchfiles.main","msg":"3 changes detected"}
{"time":"2026-09-02T12:19:24","level":"INFO","logger":"bess.sync","msg":"sync.push.complete"}
{"time":"2026-09-02T12:19:25","level":"INFO","logger":"watchfiles.main","msg":"3 changes detected"}
{"time":"2026-09-02T12:19:40","level":"INFO","logger":"watchfiles.main","msg":"3 changes detected"}
{"time":"2026-09-02T12:19:40","level":"INFO","logger":"bess.sync","msg":"sync.push.complete"}
{"time":"2026-09-02T12:19:40","level":"INFO","logger":"watchfiles.main","msg":"3 changes detected"}
{"time":"2026-09-02T12:20:25","level":"INFO","logger":"watchfiles.main","msg":"3 changes detected"}
{"time":"2026-09-02T12:20:25","level":"INFO","logger":"bess.sync","msg":"sync.push.complete"}
{"time":"2026-09-02T12:20:26","level":"INFO","logger":"watchfiles.main","msg":"3 changes detected"}
{"time":"2026-09-02T12:20:41","level":"INFO","logger":"watchfiles.main","msg":"3 changes detected"}
{"time":"2026-09-02T12:20:41","level":"INFO","logger":"bess.sync","msg":"sync.push.complete"}
{"time":"2026-09-02T12:20:41","level":"INFO","logger":"watchfiles.main","msg":"3 changes detected"}
{"time":"2026-09-02T12:21:26","level":"INFO","logger":"watchfiles.main","msg":"3 changes detected"}
{"time":"2026-09-02T12:21:26","level":"INFO","logger":"bess.sync","msg":"sync.push.complete"}
{"time":"2026-09-02T12:21:27","level":"INFO","logger":"watchfiles.main","msg":"3 changes detected"}
{"time":"2026-09-02T12:21:42","level":"INFO","logger":"watchfiles.main","msg":"3 changes detected"}
{"time":"2026-09-02T12:21:42","level":"INFO","logger":"bess.sync","msg":"sync.push.complete"}
{"time":"2026-09-02T12:21:42","level":"INFO","logger":"watchfiles.main","msg":"3 changes detected"}
{"time":"2026-09-02T23:52:37","level":"INFO","logger":"watchfiles.main","msg":"1 change detected"}
{"time":"2026-09-02T23:53:08","level":"INFO","logger":"watchfiles.main","msg":"3 changes detected"}
{"time":"2026-09-02T23:53:08","level":"INFO","logger":"watchfiles.main","msg":"3 changes detected"}
{"time":"2026-09-02T23:53:09","level":"INFO","logger":"bess.sync","msg":"sync.push.complete"}
{"time":"2026-09-02T23:53:09","level":"INFO","logger":"watchfiles.main","msg":"3 changes detected"}
{"time":"2026-09-02T23:53:21","level":"INFO","logger":"watchfiles.main","msg":"3 changes detected"}
{"time":"2026-09-02T23:53:21","level":"INFO","logger":"watchfiles.main","msg":"3 changes detected"}
{"time":"2026-09-02T23:53:22","level":"INFO","logger":"bess.sync","msg":"sync.push.complete"}
{"time":"2026-09-02T23:53:22","level":"INFO","logger":"watchfiles.main","msg":"3 changes detected"}
{"time":"2026-09-02T23:54:08","level":"INFO","logger":"watchfiles.main","msg":"3 changes detected"}
{"time":"2026-09-02T23:54:08","level":"INFO","logger":"bess.sync","msg":"sync.push.complete"}
{"time":"2026-09-02T23:54:08","level":"INFO","logger":"watchfiles.main","msg":"3 changes detected"}
{"time":"2026-09-02T23:54:24","level":"INFO","logger":"watchfiles.main","msg":"3 changes detected"}
{"time":"2026-09-02T23:54:24","level":"INFO","logger":"bess.sync","msg":"sync.push.complete"}
{"time":"2026-09-02T23:54:24","level":"INFO","logger":"watchfiles.main","msg":"3 changes detected"}
{"time":"2026-09-02T23:55:09","level":"INFO","logger":"watchfiles.main","msg":"3 changes detected"}
{"time":"2026-09-02T23:55:09","level":"INFO","logger":"bess.sync","msg":"sync.push.complete"}
{"time":"2026-09-02T23:55:09","level":"INFO","logger":"watchfiles.main","msg":"3 changes detected"}
{"time":"2026-09-02T23:55:25","level":"INFO","logger":"watchfiles.main","msg":"3 changes detected"}
{"time":"2026-09-02T23:55:25","level":"INFO","logger":"bess.sync","msg":"sync.push.complete"}
{"time":"2026-09-02T23:55:25","level":"INFO","logger":"watchfiles.main","msg":"3 changes detected"}
{"time":"2026-09-02T23:56:10","level":"INFO","logger":"watchfiles.main","msg":"3 changes detected"}
{"time":"2026-09-02T23:56:10","level":"INFO","logger":"bess.sync","msg":"sync.push.complete"}
{"time":"2026-09-02T23:56:10","level":"INFO","logger":"watchfiles.main","msg":"3 changes detected"}
{"time":"2026-09-02T23:56:26","level":"INFO","logger":"watchfiles.main","msg":"3 changes detected"}
{"time":"2026-09-02T23:56:27","level":"INFO","logger":"bess.sync","msg":"sync.push.complete"}
{"time":"2026-09-02T23:56:27","level":"INFO","logger":"watchfiles.main","msg":"3 changes detected"}
{"time":"2026-09-02T23:57:11","level":"INFO","logger":"watchfiles.main","msg":"3 changes detected"}
{"time":"2026-09-02T23:57:11","level":"INFO","logger":"bess.sync","msg":"sync.push.complete"}
{"time":"2026-09-02T23:57:12","level":"INFO","logger":"watchfiles.main","msg":"3 changes detected"}
{"time":"2026-09-02T23:57:28","level":"INFO","logger":"watchfiles.main","msg":"3 changes detected"}
{"time":"2026-09-02T23:57:28","level":"INFO","logger":"bess.sync","msg":"sync.push.complete"}
{"time":"2026-09-02T23:57:28","level":"INFO","logger":"watchfiles.main","msg":"1 change detected"}
{"time":"2026-09-02T23:58:12","level":"INFO","logger":"watchfiles.main","msg":"3 changes detected"}
{"time":"2026-09-02T23:58:12","level":"INFO","logger":"bess.sync","msg":"sync.push.complete"}
{"time":"2026-09-02T23:58:13","level":"INFO","logger":"watchfiles.main","msg":"3 changes detected"}
{"time":"2026-09-02T23:58:29","level":"INFO","logger":"watchfiles.main","msg":"3 changes detected"}
{"time":"2026-09-02T23:58:29","level":"INFO","logger":"bess.sync","msg":"sync.push.complete"}
{"time":"2026-09-02T23:58:29","level":"INFO","logger":"watchfiles.main","msg":"3 changes detected"}
{"time":"2026-09-02T23:59:13","level":"INFO","logger":"watchfiles.main","msg":"3 changes detected"}
{"time":"2026-09-02T23:59:13","level":"INFO","logger":"bess.sync","msg":"sync.push.complete"}
{"time":"2026-09-02T23:59:14","level":"INFO","logger":"watchfiles.main","msg":"3 changes detected"}
{"time":"2026-09-02T23:59:30","level":"INFO","logger":"watchfiles.main","msg":"3 changes detected"}
{"time":"2026-09-02T23:59:30","level":"INFO","logger":"bess.sync","msg":"sync.push.complete"}
{"time":"2026-09-02T23:59:30","level":"INFO","logger":"watchfiles.main","msg":"3 changes detected"}
{"time":"2026-09-03T00:00:14","level":"INFO","logger":"watchfiles.main","msg":"3 changes detected"}
{"time":"2026-09-03T00:00:14","level":"INFO","logger":"bess.sync","msg":"sync.push.complete"}
{"time":"2026-09-03T00:00:15","level":"INFO","logger":"watchfiles.main","msg":"3 changes detected"}
{"time":"2026-09-03T00:00:31","level":"INFO","logger":"watchfiles.main","msg":"3 changes detected"}
{"time":"2026-09-03T00:00:31","level":"INFO","logger":"bess.sync","msg":"sync.push.complete"}
{"time":"2026-09-03T00:00:31","level":"INFO","logger":"watchfiles.main","msg":"3 changes detected"}
{"time":"2026-09-03T00:01:15","level":"INFO","logger":"watchfiles.main","msg":"3 changes detected"}
{"time":"2026-09-03T00:01:16","level":"INFO","logger":"bess.sync","msg":"sync.push.complete"}
{"time":"2026-09-03T00:01:16","level":"INFO","logger":"watchfiles.main","msg":"3 changes detected"}
{"time":"2026-09-03T00:01:32","level":"INFO","logger":"watchfiles.main","msg":"3 changes detected"}
{"time":"2026-09-03T00:01:32","level":"INFO","logger":"bess.sync","msg":"sync.push.complete"}
{"time":"2026-09-03T00:01:32","level":"INFO","logger":"watchfiles.main","msg":"3 changes detected"}
{"time":"2026-09-03T00:02:16","level":"INFO","logger":"watchfiles.main","msg":"3 changes detected"}
{"time":"2026-09-03T00:02:17","level":"INFO","logger":"bess.sync","msg":"sync.push.complete"}
{"time":"2026-09-03T00:02:17","level":"INFO","logger":"watchfiles.main","msg":"3 changes detected"}
{"time":"2026-09-03T00:02:33","level":"INFO","logger":"watchfiles.main","msg":"3 changes detected"}
{"time":"2026-09-03T00:02:33","level":"INFO","logger":"bess.sync","msg":"sync.push.complete"}
{"time":"2026-09-03T00:02:33","level":"INFO","logger":"watchfiles.main","msg":"3 changes detected"}
{"time":"2026-09-03T00:03:17","level":"INFO","logger":"watchfiles.main","msg":"3 changes detected"}
{"time":"2026-09-03T00:03:18","level":"INFO","logger":"bess.sync","msg":"sync.push.complete"}
{"time":"2026-09-03T00:03:18","level":"INFO","logger":"watchfiles.main","msg":"3 changes detected"}
{"time":"2026-09-03T00:03:34","level":"INFO","logger":"watchfiles.main","msg":"3 changes detected"}
{"time":"2026-09-03T00:03:34","level":"INFO","logger":"bess.sync","msg":"sync.push.complete"}
{"time":"2026-09-03T00:03:34","level":"INFO","logger":"watchfiles.main","msg":"3 changes detected"}
{"time":"2026-09-03T00:04:18","level":"INFO","logger":"watchfiles.main","msg":"3 changes detected"}
{"time":"2026-09-03T00:04:19","level":"INFO","logger":"bess.sync","msg":"sync.push.complete"}
{"time":"2026-09-03T00:04:19","level":"INFO","logger":"watchfiles.main","msg":"3 changes detected"}
{"time":"2026-09-03T00:04:35","level":"INFO","logger":"watchfiles.main","msg":"3 changes detected"}
{"time":"2026-09-03T00:04:35","level":"INFO","logger":"bess.sync","msg":"sync.push.complete"}
{"time":"2026-09-03T00:04:36","level":"INFO","logger":"watchfiles.main","msg":"3 changes detected"}
{"time":"2026-09-03T00:05:19","level":"INFO","logger":"watchfiles.main","msg":"3 changes detected"}
{"time":"2026-09-03T00:05:20","level":"INFO","logger":"bess.sync","msg":"sync.push.complete"}
{"time":"2026-09-03T00:05:20","level":"INFO","logger":"watchfiles.main","msg":"3 changes detected"}
{"time":"2026-09-03T00:05:36","level":"INFO","logger":"watchfiles.main","msg":"3 changes detected"}
{"time":"2026-09-03T00:05:36","level":"INFO","logger":"bess.sync","msg":"sync.push.complete"}
{"time":"2026-09-03T00:05:37","level":"INFO","logger":"watchfiles.main","msg":"3 changes detected"}
{"time":"2026-09-03T00:06:21","level":"INFO","logger":"watchfiles.main","msg":"3 changes detected"}
{"time":"2026-09-03T00:06:21","level":"INFO","logger":"bess.sync","msg":"sync.push.complete"}
{"time":"2026-09-03T00:06:21","level":"INFO","logger":"watchfiles.main","msg":"3 changes detected"}
{"time":"2026-09-03T00:06:37","level":"INFO","logger":"watchfiles.main","msg":"3 changes detected"}
{"time":"2026-09-03T00:06:37","level":"INFO","logger":"bess.sync","msg":"sync.push.complete"}
{"time":"2026-09-03T00:06:38","level":"INFO","logger":"watchfiles.main","msg":"3 changes detected"}
{"time":"2026-09-03T00:07:21","level":"INFO","logger":"watchfiles.main","msg":"3 changes detected"}
{"time":"2026-09-03T00:07:22","level":"INFO","logger":"bess.sync","msg":"sync.push.complete"}
{"time":"2026-09-03T00:07:22","level":"INFO","logger":"watchfiles.main","msg":"3 changes detected"}
{"time":"2026-09-03T00:07:38","level":"INFO","logger":"watchfiles.main","msg":"3 changes detected"}
{"time":"2026-09-03T00:07:38","level":"INFO","logger":"bess.sync","msg":"sync.push.complete"}
{"time":"2026-09-03T00:07:39","level":"INFO","logger":"watchfiles.main","msg":"3 changes detected"}
{"time":"2026-09-03T00:08:23","level":"INFO","logger":"watchfiles.main","msg":"3 changes detected"}
{"time":"2026-09-03T00:08:23","level":"INFO","logger":"bess.sync","msg":"sync.push.complete"}
{"time":"2026-09-03T00:08:23","level":"INFO","logger":"watchfiles.main","msg":"3 changes detected"}
{"time":"2026-09-03T00:08:39","level":"INFO","logger":"watchfiles.main","msg":"3 changes detected"}
{"time":"2026-09-03T00:08:39","level":"INFO","logger":"bess.sync","msg":"sync.push.complete"}
{"time":"2026-09-03T00:08:40","level":"INFO","logger":"watchfiles.main","msg":"3 changes detected"}
{"time":"2026-09-03T00:09:24","level":"INFO","logger":"watchfiles.main","msg":"3 changes detected"}
{"time":"2026-09-03T00:09:24","level":"INFO","logger":"bess.sync","msg":"sync.push.complete"}
{"time":"2026-09-03T00:09:24","level":"INFO","logger":"watchfiles.main","msg":"3 changes detected"}
{"time":"2026-09-03T00:09:40","level":"INFO","logger":"watchfiles.main","msg":"3 changes detected"}
{"time":"2026-09-03T00:09:41","level":"INFO","logger":"bess.sync","msg":"sync.push.complete"}
{"time":"2026-09-03T00:09:41","level":"INFO","logger":"watchfiles.main","msg":"3 changes detected"}
{"time":"2026-09-03T00:10:25","level":"INFO","logger":"watchfiles.main","msg":"3 changes detected"}
{"time":"2026-09-03T00:10:25","level":"INFO","logger":"bess.sync","msg":"sync.push.complete"}
{"time":"2026-09-03T00:10:25","level":"INFO","logger":"watchfiles.main","msg":"3 changes detected"}
{"time":"2026-09-03T00:10:41","level":"INFO","logger":"watchfiles.main","msg":"3 changes detected"}
{"time":"2026-09-03T00:10:42","level":"INFO","logger":"bess.sync","msg":"sync.push.complete"}
{"time":"2026-09-03T00:10:42","level":"INFO","logger":"watchfiles.main","msg":"3 changes detected"}
{"time":"2026-09-03T00:11:26","level":"INFO","logger":"watchfiles.main","msg":"3 changes detected"}
{"time":"2026-09-03T00:11:26","level":"INFO","logger":"bess.sync","msg":"sync.push.complete"}
{"time":"2026-09-03T00:11:26","level":"INFO","logger":"watchfiles.main","msg":"3 changes detected"}
{"time":"2026-09-03T00:11:42","level":"INFO","logger":"watchfiles.main","msg":"3 changes detected"}
{"time":"2026-09-03T00:11:43","level":"INFO","logger":"bess.sync","msg":"sync.push.complete"}
{"time":"2026-09-03T00:11:43","level":"INFO","logger":"watchfiles.main","msg":"3 changes detected"}
{"time":"2026-09-03T00:12:27","level":"INFO","logger":"watchfiles.main","msg":"3 changes detected"}
{"time":"2026-09-03T00:12:27","level":"INFO","logger":"bess.sync","msg":"sync.push.complete"}
{"time":"2026-09-03T00:12:27","level":"INFO","logger":"watchfiles.main","msg":"3 changes detected"}
{"time":"2026-09-03T00:12:43","level":"INFO","logger":"watchfiles.main","msg":"3 changes detected"}
{"time":"2026-09-03T00:12:44","level":"INFO","logger":"bess.sync","msg":"sync.push.complete"}
{"time":"2026-09-03T00:12:44","level":"INFO","logger":"watchfiles.main","msg":"3 changes detected"}
{"time":"2026-09-03T00:13:28","level":"INFO","logger":"watchfiles.main","msg":"3 changes detected"}
{"time":"2026-09-03T00:13:28","level":"INFO","logger":"bess.sync","msg":"sync.push.complete"}
{"time":"2026-09-03T00:13:28","level":"INFO","logger":"watchfiles.main","msg":"3 changes detected"}
{"time":"2026-09-03T00:13:45","level":"INFO","logger":"watchfiles.main","msg":"3 changes detected"}
{"time":"2026-09-03T00:13:45","level":"INFO","logger":"bess.sync","msg":"sync.push.complete"}
{"time":"2026-09-03T00:13:45","level":"INFO","logger":"watchfiles.main","msg":"3 changes detected"}
{"time":"2026-09-03T00:14:29","level":"INFO","logger":"watchfiles.main","msg":"3 changes detected"}
{"time":"2026-09-03T00:14:29","level":"INFO","logger":"bess.sync","msg":"sync.push.complete"}
{"time":"2026-09-03T00:14:29","level":"INFO","logger":"watchfiles.main","msg":"3 changes detected"}
{"time":"2026-09-03T00:14:46","level":"INFO","logger":"watchfiles.main","msg":"3 changes detected"}
{"time":"2026-09-03T00:14:46","level":"INFO","logger":"bess.sync","msg":"sync.push.complete"}
{"time":"2026-09-03T00:14:46","level":"INFO","logger":"watchfiles.main","msg":"3 changes detected"}
{"time":"2026-09-03T00:15:30","level":"INFO","logger":"watchfiles.main","msg":"3 changes detected"}
{"time":"2026-09-03T00:15:30","level":"INFO","logger":"bess.sync","msg":"sync.push.complete"}
{"time":"2026-09-03T00:15:30","level":"INFO","logger":"watchfiles.main","msg":"3 changes detected"}
{"time":"2026-09-03T00:15:47","level":"INFO","logger":"watchfiles.main","msg":"3 changes detected"}
{"time":"2026-09-03T00:15:47","level":"INFO","logger":"bess.sync","msg":"sync.push.complete"}
{"time":"2026-09-03T00:15:47","level":"INFO","logger":"watchfiles.main","msg":"3 changes detected"}
{"time":"2026-09-03T10:43:29","level":"INFO","logger":"watchfiles.main","msg":"1 change detected"}
{"time":"2026-09-03T10:43:51","level":"INFO","logger":"watchfiles.main","msg":"3 changes detected"}
{"time":"2026-09-03T10:43:52","level":"INFO","logger":"watchfiles.main","msg":"3 changes detected"}
{"time":"2026-09-03T10:43:52","level":"INFO","logger":"bess.sync","msg":"sync.push.complete"}
{"time":"2026-09-03T10:43:52","level":"INFO","logger":"watchfiles.main","msg":"3 changes detected"}
{"time":"2026-09-03T10:44:08","level":"INFO","logger":"watchfiles.main","msg":"3 changes detected"}
{"time":"2026-09-03T10:44:09","level":"INFO","logger":"watchfiles.main","msg":"3 changes detected"}
{"time":"2026-09-03T10:44:11","level":"INFO","logger":"watchfiles.main","msg":"1 change detected"}
{"time":"2026-09-03T10:44:11","level":"INFO","logger":"bess.sync","msg":"sync.push.complete"}
{"time":"2026-09-03T10:44:11","level":"INFO","logger":"watchfiles.main","msg":"3 changes detected"}
{"time":"2026-09-03T10:44:54","level":"INFO","logger":"watchfiles.main","msg":"3 changes detected"}
{"time":"2026-09-03T10:44:54","level":"INFO","logger":"watchfiles.main","msg":"1 change detected"}
{"time":"2026-09-03T10:44:54","level":"INFO","logger":"bess.sync","msg":"sync.push.complete"}
{"time":"2026-09-03T10:44:55","level":"INFO","logger":"watchfiles.main","msg":"3 changes detected"}
{"time":"2026-09-03T10:45:13","level":"INFO","logger":"watchfiles.main","msg":"3 changes detected"}
{"time":"2026-09-03T10:45:14","level":"INFO","logger":"watchfiles.main","msg":"1 change detected"}
{"time":"2026-09-03T10:45:14","level":"INFO","logger":"bess.sync","msg":"sync.push.complete"}
{"time":"2026-09-03T10:45:14","level":"INFO","logger":"watchfiles.main","msg":"3 changes detected"}
{"time":"2026-09-03T10:45:56","level":"INFO","logger":"watchfiles.main","msg":"3 changes detected"}
{"time":"2026-09-03T10:45:56","level":"INFO","logger":"bess.sync","msg":"sync.push.complete"}
{"time":"2026-09-03T10:45:56","level":"INFO","logger":"watchfiles.main","msg":"3 changes detected"}
{"time":"2026-09-03T10:46:15","level":"INFO","logger":"watchfiles.main","msg":"3 changes detected"}
{"time":"2026-09-03T10:46:15","level":"INFO","logger":"bess.sync","msg":"sync.push.complete"}
{"time":"2026-09-03T10:46:15","level":"INFO","logger":"watchfiles.main","msg":"3 changes detected"}
{"time":"2026-09-03T10:46:57","level":"INFO","logger":"watchfiles.main","msg":"3 changes detected"}
{"time":"2026-09-03T10:46:57","level":"INFO","logger":"bess.sync","msg":"sync.push.complete"}
{"time":"2026-09-03T10:46:57","level":"INFO","logger":"watchfiles.main","msg":"3 changes detected"}
{"time":"2026-09-03T10:47:16","level":"INFO","logger":"watchfiles.main","msg":"3 changes detected"}
{"time":"2026-09-03T10:47:16","level":"INFO","logger":"bess.sync","msg":"sync.push.complete"}
{"time":"2026-09-03T10:47:16","level":"INFO","logger":"watchfiles.main","msg":"3 changes detected"}
{"time":"2026-09-03T10:47:58","level":"INFO","logger":"watchfiles.main","msg":"3 changes detected"}
{"time":"2026-09-03T10:47:59","level":"INFO","logger":"bess.sync","msg":"sync.push.complete"}
{"time":"2026-09-03T10:47:59","level":"INFO","logger":"watchfiles.main","msg":"3 changes detected"}
{"time":"2026-09-03T10:48:17","level":"INFO","logger":"watchfiles.main","msg":"3 changes detected"}
{"time":"2026-09-03T10:48:17","level":"INFO","logger":"bess.sync","msg":"sync.push.complete"}
{"time":"2026-09-03T10:48:17","level":"INFO","logger":"watchfiles.main","msg":"3 changes detected"}
{"time":"2026-09-03T10:49:00","level":"INFO","logger":"watchfiles.main","msg":"3 changes detected"}
{"time":"2026-09-03T10:49:01","level":"INFO","logger":"bess.sync","msg":"sync.push.complete"}
{"time":"2026-09-03T10:49:01","level":"INFO","logger":"watchfiles.main","msg":"3 changes detected"}
{"time":"2026-09-03T10:49:18","level":"INFO","logger":"watchfiles.main","msg":"3 changes detected"}
{"time":"2026-09-03T10:49:18","level":"INFO","logger":"bess.sync","msg":"sync.push.complete"}
{"time":"2026-09-03T10:49:18","level":"INFO","logger":"watchfiles.main","msg":"3 changes detected"}
{"time":"2026-09-03T10:50:02","level":"INFO","logger":"watchfiles.main","msg":"3 changes detected"}
{"time":"2026-09-03T10:50:02","level":"INFO","logger":"bess.sync","msg":"sync.push.complete"}
{"time":"2026-09-03T10:50:02","level":"INFO","logger":"watchfiles.main","msg":"3 changes detected"}
{"time":"2026-09-03T10:50:19","level":"INFO","logger":"watchfiles.main","msg":"3 changes detected"}
{"time":"2026-09-03T10:50:19","level":"INFO","logger":"bess.sync","msg":"sync.push.complete"}
{"time":"2026-09-03T10:50:20","level":"INFO","logger":"watchfiles.main","msg":"3 changes detected"}
{"time":"2026-09-03T10:51:03","level":"INFO","logger":"watchfiles.main","msg":"3 changes detected"}
{"time":"2026-09-03T10:51:03","level":"INFO","logger":"bess.sync","msg":"sync.push.complete"}
{"time":"2026-09-03T10:51:03","level":"INFO","logger":"watchfiles.main","msg":"3 changes detected"}
{"time":"2026-09-03T10:51:20","level":"INFO","logger":"watchfiles.main","msg":"3 changes detected"}
{"time":"2026-09-03T10:51:20","level":"INFO","logger":"bess.sync","msg":"sync.push.complete"}
{"time":"2026-09-03T10:51:21","level":"INFO","logger":"watchfiles.main","msg":"3 changes detected"}
{"time":"2026-09-03T10:52:04","level":"INFO","logger":"watchfiles.main","msg":"3 changes detected"}
{"time":"2026-09-03T10:52:04","level":"INFO","logger":"bess.sync","msg":"sync.push.complete"}
{"time":"2026-09-03T10:52:05","level":"INFO","logger":"watchfiles.main","msg":"3 changes detected"}
{"time":"2026-09-03T10:52:21","level":"INFO","logger":"watchfiles.main","msg":"3 changes detected"}
{"time":"2026-09-03T10:52:22","level":"INFO","logger":"bess.sync","msg":"sync.push.complete"}
{"time":"2026-09-03T10:52:22","level":"INFO","logger":"watchfiles.main","msg":"3 changes detected"}
{"time":"2026-09-03T10:53:05","level":"INFO","logger":"watchfiles.main","msg":"3 changes detected"}
{"time":"2026-09-03T10:53:05","level":"INFO","logger":"bess.sync","msg":"sync.push.complete"}
{"time":"2026-09-03T10:53:06","level":"INFO","logger":"watchfiles.main","msg":"3 changes detected"}
{"time":"2026-09-03T10:53:23","level":"INFO","logger":"watchfiles.main","msg":"3 changes detected"}
{"time":"2026-09-03T10:53:23","level":"INFO","logger":"bess.sync","msg":"sync.push.complete"}
{"time":"2026-09-03T10:53:23","level":"INFO","logger":"watchfiles.main","msg":"3 changes detected"}
{"time":"2026-09-03T10:54:06","level":"INFO","logger":"watchfiles.main","msg":"3 changes detected"}
{"time":"2026-09-03T10:54:07","level":"INFO","logger":"bess.sync","msg":"sync.push.complete"}
{"time":"2026-09-03T10:54:07","level":"INFO","logger":"watchfiles.main","msg":"3 changes detected"}
{"time":"2026-09-03T10:54:24","level":"INFO","logger":"watchfiles.main","msg":"3 changes detected"}
{"time":"2026-09-03T10:54:24","level":"INFO","logger":"bess.sync","msg":"sync.push.complete"}
{"time":"2026-09-03T10:54:24","level":"INFO","logger":"watchfiles.main","msg":"3 changes detected"}
{"time":"2026-09-03T10:55:07","level":"INFO","logger":"watchfiles.main","msg":"3 changes detected"}
{"time":"2026-09-03T10:55:08","level":"INFO","logger":"bess.sync","msg":"sync.push.complete"}
{"time":"2026-09-03T10:55:08","level":"INFO","logger":"watchfiles.main","msg":"3 changes detected"}
{"time":"2026-09-03T10:55:25","level":"INFO","logger":"watchfiles.main","msg":"3 changes detected"}
{"time":"2026-09-03T10:55:25","level":"INFO","logger":"bess.sync","msg":"sync.push.complete"}
{"time":"2026-09-03T10:55:25","level":"INFO","logger":"watchfiles.main","msg":"3 changes detected"}
{"time":"2026-09-03T10:56:09","level":"INFO","logger":"watchfiles.main","msg":"3 changes detected"}
{"time":"2026-09-03T10:56:09","level":"INFO","logger":"bess.sync","msg":"sync.push.complete"}
{"time":"2026-09-03T10:56:09","level":"INFO","logger":"watchfiles.main","msg":"3 changes detected"}
{"time":"2026-09-03T10:56:26","level":"INFO","logger":"watchfiles.main","msg":"3 changes detected"}
{"time":"2026-09-03T10:56:26","level":"INFO","logger":"bess.sync","msg":"sync.push.complete"}
{"time":"2026-09-03T10:56:26","level":"INFO","logger":"watchfiles.main","msg":"3 changes detected"}
{"time":"2026-09-03T10:57:10","level":"INFO","logger":"watchfiles.main","msg":"3 changes detected"}
{"time":"2026-09-03T10:57:10","level":"INFO","logger":"bess.sync","msg":"sync.push.complete"}
{"time":"2026-09-03T10:57:10","level":"INFO","logger":"watchfiles.main","msg":"3 changes detected"}
{"time":"2026-09-03T10:57:27","level":"INFO","logger":"watchfiles.main","msg":"3 changes detected"}
{"time":"2026-09-03T10:57:27","level":"INFO","logger":"bess.sync","msg":"sync.push.complete"}
{"time":"2026-09-03T10:57:27","level":"INFO","logger":"watchfiles.main","msg":"3 changes detected"}
{"time":"2026-09-03T10:58:11","level":"INFO","logger":"watchfiles.main","msg":"3 changes detected"}
{"time":"2026-09-03T10:58:11","level":"INFO","logger":"bess.sync","msg":"sync.push.complete"}
{"time":"2026-09-03T10:58:11","level":"INFO","logger":"watchfiles.main","msg":"3 changes detected"}
{"time":"2026-09-03T10:58:28","level":"INFO","logger":"watchfiles.main","msg":"3 changes detected"}
{"time":"2026-09-03T10:58:28","level":"INFO","logger":"bess.sync","msg":"sync.push.complete"}
{"time":"2026-09-03T10:58:28","level":"INFO","logger":"watchfiles.main","msg":"3 changes detected"}
{"time":"2026-09-03T10:59:12","level":"INFO","logger":"watchfiles.main","msg":"3 changes detected"}
{"time":"2026-09-03T10:59:12","level":"INFO","logger":"bess.sync","msg":"sync.push.complete"}
{"time":"2026-09-03T10:59:12","level":"INFO","logger":"watchfiles.main","msg":"3 changes detected"}
{"time":"2026-09-03T10:59:29","level":"INFO","logger":"watchfiles.main","msg":"3 changes detected"}
{"time":"2026-09-03T10:59:29","level":"INFO","logger":"bess.sync","msg":"sync.push.complete"}
{"time":"2026-09-03T10:59:29","level":"INFO","logger":"watchfiles.main","msg":"3 changes detected"}
{"time":"2026-09-03T11:00:13","level":"INFO","logger":"watchfiles.main","msg":"3 changes detected"}
{"time":"2026-09-03T11:00:13","level":"INFO","logger":"bess.sync","msg":"sync.push.complete"}
{"time":"2026-09-03T11:00:13","level":"INFO","logger":"watchfiles.main","msg":"3 changes detected"}
{"time":"2026-09-03T11:00:30","level":"INFO","logger":"watchfiles.main","msg":"3 changes detected"}
{"time":"2026-09-03T11:00:30","level":"INFO","logger":"bess.sync","msg":"sync.push.complete"}
{"time":"2026-09-03T11:00:30","level":"INFO","logger":"watchfiles.main","msg":"3 changes detected"}
{"time":"2026-09-03T11:01:14","level":"INFO","logger":"watchfiles.main","msg":"3 changes detected"}
{"time":"2026-09-03T11:01:14","level":"INFO","logger":"bess.sync","msg":"sync.push.complete"}
{"time":"2026-09-03T11:01:14","level":"INFO","logger":"watchfiles.main","msg":"3 changes detected"}
{"time":"2026-09-03T11:01:31","level":"INFO","logger":"watchfiles.main","msg":"3 changes detected"}
{"time":"2026-09-03T11:01:31","level":"INFO","logger":"bess.sync","msg":"sync.push.complete"}
{"time":"2026-09-03T11:01:31","level":"INFO","logger":"watchfiles.main","msg":"3 changes detected"}
{"time":"2026-09-03T11:02:15","level":"INFO","logger":"watchfiles.main","msg":"3 changes detected"}
{"time":"2026-09-03T11:02:15","level":"INFO","logger":"bess.sync","msg":"sync.push.complete"}
{"time":"2026-09-03T11:02:16","level":"INFO","logger":"watchfiles.main","msg":"3 changes detected"}
{"time":"2026-09-03T11:02:32","level":"INFO","logger":"watchfiles.main","msg":"3 changes detected"}
{"time":"2026-09-03T11:02:32","level":"INFO","logger":"bess.sync","msg":"sync.push.complete"}
{"time":"2026-09-03T11:02:32","level":"INFO","logger":"watchfiles.main","msg":"3 changes detected"}
{"time":"2026-09-03T11:03:16","level":"INFO","logger":"watchfiles.main","msg":"3 changes detected"}
{"time":"2026-09-03T11:03:16","level":"INFO","logger":"bess.sync","msg":"sync.push.complete"}
{"time":"2026-09-03T11:03:17","level":"INFO","logger":"watchfiles.main","msg":"3 changes detected"}
{"time":"2026-09-03T11:03:33","level":"INFO","logger":"watchfiles.main","msg":"3 changes detected"}
{"time":"2026-09-03T11:03:33","level":"INFO","logger":"bess.sync","msg":"sync.push.complete"}
{"time":"2026-09-03T11:03:33","level":"INFO","logger":"watchfiles.main","msg":"3 changes detected"}
{"time":"2026-09-03T11:04:17","level":"INFO","logger":"watchfiles.main","msg":"3 changes detected"}
{"time":"2026-09-03T11:04:18","level":"INFO","logger":"bess.sync","msg":"sync.push.complete"}
{"time":"2026-09-03T11:04:18","level":"INFO","logger":"watchfiles.main","msg":"3 changes detected"}
{"time":"2026-09-03T11:04:34","level":"INFO","logger":"watchfiles.main","msg":"3 changes detected"}
{"time":"2026-09-03T11:04:34","level":"INFO","logger":"bess.sync","msg":"sync.push.complete"}
{"time":"2026-09-03T11:04:35","level":"INFO","logger":"watchfiles.main","msg":"3 changes detected"}
{"time":"2026-09-03T11:05:18","level":"INFO","logger":"watchfiles.main","msg":"3 changes detected"}
{"time":"2026-09-03T11:05:19","level":"INFO","logger":"bess.sync","msg":"sync.push.complete"}
{"time":"2026-09-03T11:05:19","level":"INFO","logger":"watchfiles.main","msg":"3 changes detected"}
{"time":"2026-09-03T11:05:35","level":"INFO","logger":"watchfiles.main","msg":"3 changes detected"}
{"time":"2026-09-03T11:05:35","level":"INFO","logger":"bess.sync","msg":"sync.push.complete"}
{"time":"2026-09-03T11:05:36","level":"INFO","logger":"watchfiles.main","msg":"3 changes detected"}
{"time":"2026-09-03T11:06:20","level":"INFO","logger":"watchfiles.main","msg":"3 changes detected"}
{"time":"2026-09-03T11:06:20","level":"INFO","logger":"bess.sync","msg":"sync.push.complete"}
{"time":"2026-09-03T11:06:20","level":"INFO","logger":"watchfiles.main","msg":"3 changes detected"}
{"time":"2026-09-03T11:06:36","level":"INFO","logger":"watchfiles.main","msg":"3 changes detected"}
{"time":"2026-09-03T11:06:37","level":"INFO","logger":"bess.sync","msg":"sync.push.complete"}
{"time":"2026-09-03T11:06:37","level":"INFO","logger":"watchfiles.main","msg":"3 changes detected"}
{"time":"2026-09-03T11:07:21","level":"INFO","logger":"watchfiles.main","msg":"3 changes detected"}
{"time":"2026-09-03T11:07:21","level":"INFO","logger":"bess.sync","msg":"sync.push.complete"}
{"time":"2026-09-03T11:07:21","level":"INFO","logger":"watchfiles.main","msg":"3 changes detected"}
{"time":"2026-09-03T11:07:23","level":"INFO","logger":"watchfiles.main","msg":"1 change detected"}
{"time":"2026-09-03T11:07:37","level":"INFO","logger":"watchfiles.main","msg":"3 changes detected"}
{"time":"2026-09-03T11:07:38","level":"INFO","logger":"bess.sync","msg":"sync.push.complete"}
{"time":"2026-09-03T11:07:38","level":"INFO","logger":"watchfiles.main","msg":"3 changes detected"}
{"time":"2026-09-03T11:08:22","level":"INFO","logger":"watchfiles.main","msg":"3 changes detected"}
{"time":"2026-09-03T11:08:22","level":"INFO","logger":"bess.sync","msg":"sync.push.complete"}
{"time":"2026-09-03T11:08:22","level":"INFO","logger":"watchfiles.main","msg":"3 changes detected"}
{"time":"2026-09-03T11:08:39","level":"INFO","logger":"watchfiles.main","msg":"3 changes detected"}
{"time":"2026-09-03T11:08:39","level":"INFO","logger":"bess.sync","msg":"sync.push.complete"}
{"time":"2026-09-03T11:08:39","level":"INFO","logger":"watchfiles.main","msg":"3 changes detected"}
{"time":"2026-09-03T11:09:23","level":"INFO","logger":"watchfiles.main","msg":"3 changes detected"}
{"time":"2026-09-03T11:09:23","level":"INFO","logger":"bess.sync","msg":"sync.push.complete"}
{"time":"2026-09-03T11:09:23","level":"INFO","logger":"watchfiles.main","msg":"3 changes detected"}
{"time":"2026-09-03T11:09:40","level":"INFO","logger":"watchfiles.main","msg":"3 changes detected"}
{"time":"2026-09-03T11:09:40","level":"INFO","logger":"bess.sync","msg":"sync.push.complete"}
{"time":"2026-09-03T11:09:40","level":"INFO","logger":"watchfiles.main","msg":"3 changes detected"}
{"time":"2026-09-03T11:10:24","level":"INFO","logger":"watchfiles.main","msg":"3 changes detected"}
{"time":"2026-09-03T11:10:24","level":"INFO","logger":"bess.sync","msg":"sync.push.complete"}
{"time":"2026-09-03T11:10:24","level":"INFO","logger":"watchfiles.main","msg":"3 changes detected"}
{"time":"2026-09-03T11:10:41","level":"INFO","logger":"watchfiles.main","msg":"3 changes detected"}
{"time":"2026-09-03T11:10:41","level":"INFO","logger":"bess.sync","msg":"sync.push.complete"}
{"time":"2026-09-03T11:10:41","level":"INFO","logger":"watchfiles.main","msg":"3 changes detected"}
{"time":"2026-09-03T11:11:25","level":"INFO","logger":"watchfiles.main","msg":"3 changes detected"}
{"time":"2026-09-03T11:11:25","level":"INFO","logger":"bess.sync","msg":"sync.push.complete"}
{"time":"2026-09-03T11:11:25","level":"INFO","logger":"watchfiles.main","msg":"3 changes detected"}
{"time":"2026-09-03T11:11:42","level":"INFO","logger":"watchfiles.main","msg":"3 changes detected"}
{"time":"2026-09-03T11:11:42","level":"INFO","logger":"bess.sync","msg":"sync.push.complete"}
{"time":"2026-09-03T11:11:42","level":"INFO","logger":"watchfiles.main","msg":"3 changes detected"}
{"time":"2026-09-03T11:12:26","level":"INFO","logger":"watchfiles.main","msg":"3 changes detected"}
{"time":"2026-09-03T11:12:26","level":"INFO","logger":"bess.sync","msg":"sync.push.complete"}
{"time":"2026-09-03T11:12:26","level":"INFO","logger":"watchfiles.main","msg":"3 changes detected"}
{"time":"2026-09-03T11:12:43","level":"INFO","logger":"watchfiles.main","msg":"3 changes detected"}
{"time":"2026-09-03T11:12:43","level":"INFO","logger":"bess.sync","msg":"sync.push.complete"}
{"time":"2026-09-03T11:12:43","level":"INFO","logger":"watchfiles.main","msg":"3 changes detected"}
{"time":"2026-09-03T11:13:27","level":"INFO","logger":"watchfiles.main","msg":"3 changes detected"}
{"time":"2026-09-03T11:13:27","level":"INFO","logger":"bess.sync","msg":"sync.push.complete"}
{"time":"2026-09-03T11:13:28","level":"INFO","logger":"watchfiles.main","msg":"3 changes detected"}
{"time":"2026-09-03T11:13:44","level":"INFO","logger":"watchfiles.main","msg":"3 changes detected"}
{"time":"2026-09-03T11:13:44","level":"INFO","logger":"bess.sync","msg":"sync.push.complete"}
{"time":"2026-09-03T11:13:44","level":"INFO","logger":"watchfiles.main","msg":"3 changes detected"}
{"time":"2026-09-03T11:14:28","level":"INFO","logger":"watchfiles.main","msg":"3 changes detected"}
{"time":"2026-09-03T11:14:28","level":"INFO","logger":"bess.sync","msg":"sync.push.complete"}
{"time":"2026-09-03T11:14:29","level":"INFO","logger":"watchfiles.main","msg":"3 changes detected"}
{"time":"2026-09-03T11:14:45","level":"INFO","logger":"watchfiles.main","msg":"3 changes detected"}
{"time":"2026-09-03T11:14:45","level":"INFO","logger":"bess.sync","msg":"sync.push.complete"}
{"time":"2026-09-03T11:14:45","level":"INFO","logger":"watchfiles.main","msg":"3 changes detected"}
{"time":"2026-09-03T11:16:21","level":"INFO","logger":"watchfiles.main","msg":"3 changes detected"}
{"time":"2026-09-03T11:16:21","level":"INFO","logger":"bess.sync","msg":"sync.push.complete"}
{"time":"2026-09-03T11:16:22","level":"INFO","logger":"watchfiles.main","msg":"4 changes detected"}
{"time":"2026-09-03T11:16:38","level":"INFO","logger":"watchfiles.main","msg":"3 changes detected"}
{"time":"2026-09-03T11:16:38","level":"INFO","logger":"bess.sync","msg":"sync.push.complete"}
{"time":"2026-09-03T11:16:39","level":"INFO","logger":"watchfiles.main","msg":"3 changes detected"}
{"time":"2026-09-03T11:17:22","level":"INFO","logger":"watchfiles.main","msg":"3 changes detected"}
{"time":"2026-09-03T11:17:22","level":"INFO","logger":"bess.sync","msg":"sync.push.complete"}
{"time":"2026-09-03T11:17:23","level":"INFO","logger":"watchfiles.main","msg":"4 changes detected"}
{"time":"2026-09-03T11:17:39","level":"INFO","logger":"watchfiles.main","msg":"3 changes detected"}
{"time":"2026-09-03T11:17:39","level":"INFO","logger":"bess.sync","msg":"sync.push.complete"}
{"time":"2026-09-03T11:17:39","level":"INFO","logger":"watchfiles.main","msg":"3 changes detected"}
{"time":"2026-09-03T11:18:23","level":"INFO","logger":"watchfiles.main","msg":"3 changes detected"}
{"time":"2026-09-03T11:18:23","level":"INFO","logger":"bess.sync","msg":"sync.push.complete"}
{"time":"2026-09-03T11:18:23","level":"INFO","logger":"watchfiles.main","msg":"3 changes detected"}
{"time":"2026-09-03T11:18:40","level":"INFO","logger":"watchfiles.main","msg":"3 changes detected"}
{"time":"2026-09-03T11:18:40","level":"INFO","logger":"bess.sync","msg":"sync.push.complete"}
{"time":"2026-09-03T11:18:40","level":"INFO","logger":"watchfiles.main","msg":"4 changes detected"}
{"time":"2026-09-03T11:19:24","level":"INFO","logger":"watchfiles.main","msg":"3 changes detected"}
{"time":"2026-09-03T11:19:24","level":"INFO","logger":"bess.sync","msg":"sync.push.complete"}
{"time":"2026-09-03T11:19:24","level":"INFO","logger":"watchfiles.main","msg":"3 changes detected"}
{"time":"2026-09-03T11:19:41","level":"INFO","logger":"watchfiles.main","msg":"3 changes detected"}
{"time":"2026-09-03T11:19:41","level":"INFO","logger":"bess.sync","msg":"sync.push.complete"}
{"time":"2026-09-03T11:19:41","level":"INFO","logger":"watchfiles.main","msg":"3 changes detected"}
{"time":"2026-09-03T11:20:25","level":"INFO","logger":"watchfiles.main","msg":"3 changes detected"}
{"time":"2026-09-03T11:20:25","level":"INFO","logger":"bess.sync","msg":"sync.push.complete"}
{"time":"2026-09-03T11:20:25","level":"INFO","logger":"watchfiles.main","msg":"3 changes detected"}
{"time":"2026-09-03T11:20:42","level":"INFO","logger":"watchfiles.main","msg":"3 changes detected"}
{"time":"2026-09-03T11:20:42","level":"INFO","logger":"bess.sync","msg":"sync.push.complete"}
{"time":"2026-09-03T11:20:42","level":"INFO","logger":"watchfiles.main","msg":"3 changes detected"}
{"time":"2026-09-03T11:21:26","level":"INFO","logger":"watchfiles.main","msg":"3 changes detected"}
{"time":"2026-09-03T11:21:26","level":"INFO","logger":"bess.sync","msg":"sync.push.complete"}
{"time":"2026-09-03T11:21:26","level":"INFO","logger":"watchfiles.main","msg":"3 changes detected"}
{"time":"2026-09-03T11:21:43","level":"INFO","logger":"watchfiles.main","msg":"3 changes detected"}
{"time":"2026-09-03T11:21:43","level":"INFO","logger":"bess.sync","msg":"sync.push.complete"}
{"time":"2026-09-03T11:21:43","level":"INFO","logger":"watchfiles.main","msg":"4 changes detected"}
{"time":"2026-09-03T11:22:27","level":"INFO","logger":"watchfiles.main","msg":"3 changes detected"}
{"time":"2026-09-03T11:22:27","level":"INFO","logger":"bess.sync","msg":"sync.push.complete"}
{"time":"2026-09-03T11:22:27","level":"INFO","logger":"watchfiles.main","msg":"3 changes detected"}
{"time":"2026-09-03T11:22:43","level":"INFO","logger":"watchfiles.main","msg":"3 changes detected"}
{"time":"2026-09-03T11:22:43","level":"INFO","logger":"bess.sync","msg":"sync.push.complete"}
{"time":"2026-09-03T11:22:44","level":"INFO","logger":"watchfiles.main","msg":"2 changes detected"}
{"time":"2026-09-03T11:23:28","level":"INFO","logger":"watchfiles.main","msg":"3 changes detected"}
{"time":"2026-09-03T11:23:28","level":"INFO","logger":"bess.sync","msg":"sync.push.complete"}
{"time":"2026-09-03T11:23:28","level":"INFO","logger":"watchfiles.main","msg":"4 changes detected"}
{"time":"2026-09-03T11:23:44","level":"INFO","logger":"watchfiles.main","msg":"3 changes detected"}
{"time":"2026-09-03T11:23:44","level":"INFO","logger":"bess.sync","msg":"sync.push.complete"}
{"time":"2026-09-03T11:23:45","level":"INFO","logger":"watchfiles.main","msg":"3 changes detected"}
{"time":"2026-09-03T11:24:28","level":"INFO","logger":"watchfiles.main","msg":"3 changes detected"}
{"time":"2026-09-03T11:24:29","level":"INFO","logger":"bess.sync","msg":"sync.push.complete"}
{"time":"2026-09-03T11:24:29","level":"INFO","logger":"watchfiles.main","msg":"3 changes detected"}
{"time":"2026-09-03T11:24:45","level":"INFO","logger":"watchfiles.main","msg":"3 changes detected"}
{"time":"2026-09-03T11:24:45","level":"INFO","logger":"bess.sync","msg":"sync.push.complete"}
{"time":"2026-09-03T11:24:46","level":"INFO","logger":"watchfiles.main","msg":"3 changes detected"}
